Straßennummer;Straßenname;Folge;Hausnr. (von);Zusatz zur Hausnr (von);Hausnr. (bis);Zusatz zur Hausnr (bis);Ortsbezirk;Stadtteil Name;Stadtbezirk;Stadtbezirksvorst;Schiedsleutebezirk;Sozialrathaus Name;Polizeirevier;Postleitzahl
1;Aarstraße;ungerade;1;;87;;2;Nordost;;;;;;65195
1;Aarstraße;gerade;2;;76;;2;Nordost;;;;;;65195
2;Abeggstraße;;;;;;2;Nordost;;;;;;65193
3343;Abraham-Lincoln-Park;;;;;;3;Südost;;;;;;65189
1407;Abraham-Lincoln-Straße;;;;;;3;Südost;;;;;;65189
3327;Abtsweinberg WP;;;;;;27;Schierstein;;;;;;65201
4;Adalbert-Stifter-Straße;;;;;;11;Sonnenberg;;;;;;65193
3314;Adamstal Hausgruppe;;;;;;2;Nordost;;;;;;65195
6;Adelheidstraße;gerade;2;;44;;1;Mitte;;;;;;65185
6;Adelheidstraße;ungerade;11;;51;;1;Mitte;;;;;;65185
6;Adelheidstraße;gerade;50;;96;;1;Mitte;;;;;;65185
6;Adelheidstraße;ungerade;53;;105;;1;Mitte;;;;;;65185
7;Adlerstraße;ungerade;3;;73;;1;Mitte;;;;;;65183
7;Adlerstraße;gerade;8;;70;;1;Mitte;;;;;;65183
7;Adlerstraße;gerade;74;;78;;2;Nordost;;;;;;65193
7;Adlerstraße;ungerade;77;;93;;2;Nordost;;;;;;65193
5001;Admiral-Scheer-Straße;;;;;;52;Mz-Kastel;;;;;;55252
3675;Adolf-Lupp-Platz;;;;;;28;Frauenstein;;;;;;65201
638;Adolf-Schneider-Straße;;;;;;21;Rambach;;;;;;65207
15;Adolf-Todt-Straße;;;;;;14;Biebrich;;;;;;65203
8;Adolfinenstraße;;;;;;16;Dotzheim;;;;;;65199
10;Adolfsallee;;;;;;1;Mitte;;;;;;65185
11;Adolfsberg;;;;;;2;Nordost;;;;;;65193
12;Adolfsgässchen;;;;;;14;Biebrich;;;;;;65203
14;Adolfstraße;;;;;;1;Mitte;;;;;;65185
16;Äppelallee;gerade;4;;18;;14;Biebrich;;;;;;65203
16;Äppelallee;ungerade;19;;45;;14;Biebrich;;;;;;65203
16;Äppelallee;gerade;44;;44;;14;Biebrich;;;;;;65203
16;Äppelallee;ungerade;47;;61;;14;Biebrich;;;;;;65203
16;Äppelallee;gerade;48;;94;;14;Biebrich;;;;;;65203
16;Äppelallee;ungerade;69;;69;;14;Biebrich;;;;;;65203
16;Äppelallee;gerade;98;;100;;14;Biebrich;;;;;;65203
16;Äppelallee;gerade;110;;116;;27;Schierstein;;;;;;65203
2547;Ahornstraße;;;;;;34;Breckenheim;;;;;;65207
17;Ahornweg;;;;;;2;Nordost;;;;;;65193
18;Akazienstraße;;;;;;14;Biebrich;;;;;;65187
2548;Akazienweg;;;;;;26;Delkenheim;;;;;;65205
19;Alban-Köhler-Straße;;;;;;12;Bierstadt;;;;;;65191
20;Albert-Schweitzer-Allee;;;;;;14;Biebrich;;;;;;65203
3274;Albertsberg;;;;;;28;Frauenstein;;;;;;65201
22;Albrecht-Dürer-Straße;;;;;;2;Nordost;;;;;;65195
23;Albrechtstraße;gerade;18;;34;;1;Mitte;;;;;;65185
23;Albrechtstraße;ungerade;19;;29;;1;Mitte;;;;;;65185
23;Albrechtstraße;ungerade;31;;43;;1;Mitte;;;;;;65185
23;Albrechtstraße;gerade;36;;46;;1;Mitte;;;;;;65185
3501;Alcide-de-Gasperi-Straße;;;;;;6;Rheingauviertel, Hollerborn;;;;;;65197
2549;Alemannenstraße;;;;;;26;Delkenheim;;;;;;65205
5003;Alex.-v.-Engelberg-Straße;;;;;;51;Mz-Amöneburg;;;;;;65203
24;Alexandrastraße;;;;;;3;Südost;;;;;;65187
887;Alfons-Paquet-Straße;;;;;;1;Mitte;;;;;;65183
25;Alfred-Delp-Straße;;;;;;28;Frauenstein;;;;;;65201
2538;Alfred-Schumann-Straße;;;;;;27;Schierstein;;;;;;65201
3685;Allensteiner Weg;;;;;;12;Bierstadt;;;;;;65191
2550;Allgäuer Straße;;;;;;26;Delkenheim;;;;;;65205
2551;Alsbach;;;;;;32;Auringen;;;;;;65207
3265;Alsbachblick;;;;;;32;Auringen;;;;;;65207
5004;Alsenstraße;;;;;;52;Mz-Kastel;;;;;;55252
2552;Alt Auringen;ungerade;1;;77;;32;Auringen;;;;;;65207
2552;Alt Auringen;gerade;4;;8;;32;Auringen;;;;;;65207
2552;Alt Auringen;gerade;10;;84;;32;Auringen;;;;;;65207
28;Alte Brücke;;;;;;24;Igstadt;;;;;;65207
2554;Alte Dorfstraße;;;;;;34;Breckenheim;;;;;;65207
29;Alte Pforte;;;;;;27;Schierstein;;;;;;65201
30;Alte Schmelze;;;;;;27;Schierstein;;;;;;65201
5005;Alte Winterstraße;;;;;;53;Mz-Kostheim;;;;;;55246
5006;Alter Kirschgarten;;;;;;53;Mz-Kostheim;;;;;;55246
2558;Altkönigstraße;;;;;;33;Medenbach;;;;;;65207
2560;Altmühlstraße;;;;;;34;Breckenheim;;;;;;65207
31;Altmünsterstraße;;;;;;24;Igstadt;;;;;;65207
32;Alwinenstraße;;;;;;3;Südost;;;;;;65189
33;Am Allersberg;;;;;;11;Sonnenberg;;;;;;65191
5482;Am Alten Lindewerk;;;;;;53;Mz-Kostheim;;;;;;55246
2563;Am Alten Weinberg;;;;;;34;Breckenheim;;;;;;65207
2566;Am Berggarten;;;;;;33;Medenbach;;;;;;65207
35;Am Berggewann;ungerade;1;;15;;16;Dotzheim;;;;;;65199
35;Am Berggewann;gerade;2;;6;;16;Dotzheim;;;;;;65199
35;Am Berggewann;ungerade;17;;17;;16;Dotzheim;;;;;;65199
5417;Am Berstädter Grabenweg;;;;;;52;Mz-Kastel;;;;;;55252
36;Am Biengarten;;;;;;12;Bierstadt;;;;;;65191
37;Am Birnbaum;ungerade;1;;63;;11;Sonnenberg;;;;;;65191
37;Am Birnbaum;gerade;2;;2;B;11;Sonnenberg;;;;;;65191
37;Am Birnbaum;gerade;4;;58;;11;Sonnenberg;;;;;;65191
5419;Am Blauen Garten /Ko;;;;;;53;Mz-Kostheim;;;;;;55246
3212;Am Buchenhain;;;;;;34;Breckenheim;;;;;;65207
2516;Am Bürgerhaus;;;;;;13;Erbenheim;;;;;;65205
38;Am Burgacker;ungerade;1;;53;;21;Rambach;;;;;;65207
38;Am Burgacker;gerade;2;;48;;21;Rambach;;;;;;65207
38;Am Burgacker;gerade;70;;76;;21;Rambach;;;;;;65207
2571;Am Dorfplatz;;;;;;34;Breckenheim;;;;;;65207
39;Am Dornheck;;;;;;13;Erbenheim;;;;;;65205
40;Am Eichelgarten;;;;;;11;Sonnenberg;;;;;;65193
5405;Am Eichelwäldchen;;;;;;52;Mz-Kastel;;;;;;55252
2573;Am Erbenheimer Feld;;;;;;25;Nordenstadt;;;;;;65205
41;Am Erkelsborn;;;;;;3;Südost;;;;;;65189
1428;Am Eselspfad (RA);ungerade;3;;3;;21;Rambach;;;;;;65207
1428;Am Eselspfad (RA);ungerade;5;;5;;21;Rambach;;;;;;65207
42;Am Felsenkeller;;;;;;3;Südost;;;;;;65189
5007;Am Fort Biehler;;;;;;52;Mz-Kastel;;;;;;55252
44;Am Gänsberg;;;;;;21;Rambach;;;;;;65207
45;Am Gräselberg;;;;;;14;Biebrich;;;;;;65187
2577;Am Großen Garten;;;;;;34;Breckenheim;;;;;;65207
46;Am Grünen Baum;;;;;;27;Schierstein;;;;;;65201
5008;Am Gückelsberg;;;;;;53;Mz-Kostheim;;;;;;55246
47;Am Güldenplan;;;;;;14;Biebrich;;;;;;65203
49;Am Haingraben;;;;;;3;Südost;;;;;;65189
3552;Am Hainpark;;;;;;25;Nordenstadt;;;;;;65205
50;Am Hammerberg;;;;;;14;Biebrich;;;;;;65203
51;Am Hang;gerade;4;;16;;16;Dotzheim;;;;;;65199
51;Am Hang;ungerade;5;;17;;16;Dotzheim;;;;;;65199
51;Am Hang;gerade;18;;30;;16;Dotzheim;;;;;;65199
51;Am Hang;ungerade;19;;27;;16;Dotzheim;;;;;;65199
3700;Am Hasenpfad;;;;;;26;Delkenheim;;;;;;65205
52;Am Heidestock;;;;;;11;Sonnenberg;;;;;;65191
53;Am Heienberg;;;;;;11;Sonnenberg;;;;;;65193
1436;Am Heiligenhaus;;;;;;24;Igstadt;;;;;;65207
54;Am Heiligenstock;;;;;;12;Bierstadt;;;;;;65191
5011;Am Helgenpfad;;;;;;51;Mz-Amöneburg;;;;;;65203
55;Am Hermannsberg;;;;;;28;Frauenstein;;;;;;65201
2581;Am Herrenstück;;;;;;26;Delkenheim;;;;;;65205
5012;Am Hilgersbach;;;;;;52;Mz-Kastel;;;;;;55252
3625;Am Hinkelhaus;;;;;;32;Auringen;;;;;;65207
57;Am Hochfeld;;;;;;13;Erbenheim;;;;;;65205
58;Am Hohen Stein;;;;;;14;Biebrich;;;;;;65203
2584;Am Holderstrauch;;;;;;31;Naurod;;;;;;65207
3257;Am Hosenberg;;;;;;14;Biebrich;;;;;;65203
59;Am Jägerhof;;;;;;14;Biebrich;;;;;;65203
2587;Am Junkernhof;;;;;;25;Nordenstadt;;;;;;65205
60;Am Kaiser-Friedrich-Bad;;;;;;1;Mitte;;;;;;65183
2590;Am Kirchentor;;;;;;34;Breckenheim;;;;;;65207
61;Am Kirchgarten;;;;;;11;Sonnenberg;;;;;;65191
1445;Am Kloppenheimer Weg;;;;;;13;Erbenheim;;;;;;65205
62;Am Kloster Klarenthal;;;;;;7;Klarenthal;;;;;;65195
5406;Am Königsfloß;;;;;;52;Mz-Kastel;;;;;;55252
2595;Am Kohlhaag;;;;;;33;Medenbach;;;;;;65207
63;Am Kupferberg;;;;;;14;Biebrich;;;;;;65187
3240;Am Landeshaus;;;;;;3;Südost;;;;;;65187
64;Am Langelsweinberg;;;;;;3;Südost;;;;;;65189
2599;Am Leiermann;;;;;;31;Naurod;;;;;;65207
65;Am Lindenbach;;;;;;27;Schierstein;;;;;;65201
3220;Am Lindenbaum;;;;;;28;Frauenstein;;;;;;65201
2600;Am Lindenborn;;;;;;32;Auringen;;;;;;65207
2509;Am Lippbach;;;;;;28;Frauenstein;;;;;;65201
5014;Am Mainzer Weg;ungerade;1;;7;;53;Mz-Kostheim;;;;;;55246
5014;Am Mainzer Weg;gerade;4;;24;;53;Mz-Kostheim;;;;;;55246
3239;Am Medenbach;;;;;;33;Medenbach;;;;;;65207
67;Am Melonenberg;;;;;;3;Südost;;;;;;65187
68;Am Mittelberg;;;;;;28;Frauenstein;;;;;;65201
69;Am Mühlberg;;;;;;6;Rheingauviertel, Hollerborn;;;;;;65195
1456;Am Mühlweg;;;;;;24;Igstadt;;;;;;65207
5016;Am Nickelsborn;;;;;;52;Mz-Kastel;;;;;;55252
5504;Am Pappelwäldchen;;;;;;51;Mz-Amöneburg;;;;;;65205
71;Am Parkfeld;ungerade;1;;3;A;14;Biebrich;;;;;;65203
71;Am Parkfeld;gerade;2;;20;;14;Biebrich;;;;;;65203
71;Am Parkfeld;ungerade;15;;17;;14;Biebrich;;;;;;65203
72;Am Pfad;;;;;;13;Erbenheim;;;;;;65205
73;Am Pfarrgarten;;;;;;23;Kloppenheim;;;;;;65207
5019;Am Pionierübungsplatz;;;;;;52;Mz-Kastel;;;;;;55252
3585;Am Rambacher Friedhof;;;;;;21;Rambach;;;;;;65207
2609;Am Rathaus;;;;;;34;Breckenheim;;;;;;65207
2610;Am Rebenhang;;;;;;32;Auringen;;;;;;65207
3341;Am Rheineck;;;;;;16;Dotzheim;;;;;;65199
215;Am Ringwall;;;;;;21;Rambach;;;;;;65207
5020;Am Rinker;;;;;;52;Mz-Kastel;;;;;;55252
75;Am Römertor;;;;;;1;Mitte;;;;;;65183
2611;Am Rosengarten;;;;;;31;Naurod;;;;;;65207
2629;Am Rosenhang;;;;;;34;Breckenheim;;;;;;65207
2612;Am Roten Berg;;;;;;32;Auringen;;;;;;65207
1462;Am Roten Stock Distrikt;;;;;;16;Dotzheim;;;;;;65199
5421;Am Rübenberg;;;;;;53;Mz-Kostheim;;;;;;55246
2613;Am Ruhwehr;;;;;;31;Naurod;;;;;;65207
5485;Am Sägewerk;;;;;;53;Mz-Kostheim;;;;;;55246
5484;Am Sauerstoffwerk;;;;;;53;Mz-Kostheim;;;;;;55246
3242;Am Scheuerling;ungerade;1;;5;;34;Breckenheim;;;;;;65207
3242;Am Scheuerling;gerade;2;;6;;34;Breckenheim;;;;;;65207
3242;Am Scheuerling;ungerade;7;;7;;34;Breckenheim;;;;;;65207
78;Am Schlossberg;ungerade;1;;5;A;11;Sonnenberg;;;;;;65191
78;Am Schlossberg;gerade;2;;20;;11;Sonnenberg;;;;;;65191
78;Am Schlossberg;gerade;22;;30;;11;Sonnenberg;;;;;;65191
79;Am Schlosspark;;;;;;14;Biebrich;;;;;;65203
3281;Am Schlupfloch;;;;;;23;Kloppenheim;;;;;;65207
80;Am Simmler;ungerade;1;;51;;28;Frauenstein;;;;;;65201
80;Am Simmler;gerade;2;;50;;28;Frauenstein;;;;;;65201
80;Am Simmler;gerade;64;;64;;28;Frauenstein;;;;;;65201
2615;Am Sonnenblick;;;;;;33;Medenbach;;;;;;65207
81;Am Sonnenhang;;;;;;21;Rambach;;;;;;65207
82;Am Speiergarten;;;;;;12;Bierstadt;;;;;;65191
2616;Am Spielplatz;;;;;;25;Nordenstadt;;;;;;65205
3219;Am Sportfeld;;;;;;33;Medenbach;;;;;;65207
83;Am Sportplatz;;;;;;21;Rambach;;;;;;65207
2617;Am Steinwald;;;;;;33;Medenbach;;;;;;65207
2619;Am Wald;;;;;;33;Medenbach;;;;;;65207
88;Am Wartturm;;;;;;12;Bierstadt;;;;;;65191
89;Am Wasserturm;;;;;;24;Igstadt;;;;;;65207
2625;Am Weinberg;;;;;;32;Auringen;;;;;;65207
2626;Am Weinstock;;;;;;25;Nordenstadt;;;;;;65205
2630;Am Wellinger;;;;;;32;Auringen;;;;;;65207
5407;Am Weyer;;;;;;52;Mz-Kastel;;;;;;55252
91;Am Wiesenhang;;;;;;24;Igstadt;;;;;;65207
2631;Am Wingert;;;;;;25;Nordenstadt;;;;;;65205
92;Am Wolfsfeld;ungerade;5;;51;;12;Bierstadt;;;;;;65191
92;Am Wolfsfeld;gerade;10;;56;;12;Bierstadt;;;;;;65191
2515;Am Zollstock;;;;;;13;Erbenheim;;;;;;65205
93;Amöneburger Straße;;;;;;14;Biebrich;;;;;;65203
3440;Amrumer Straße;;;;;;16;Dotzheim;;;;;;65199
94;Amselberg;;;;;;11;Sonnenberg;;;;;;65191
5489;An d. Alt. Zündholzfabrik;;;;;;53;Mz-Kostheim;;;;;;55246
3244;An den Drei Weiden;;;;;;33;Medenbach;;;;;;65207
3711;An den Leidenhecken;;;;;;12;Bierstadt;;;;;;65191
95;An den Quellen;;;;;;1;Mitte;;;;;;65183
1477;An der Allee;;;;;;24;Igstadt;;;;;;65207
2536;An der Alten Synagoge;;;;;;1;Mitte;;;;;;65183
96;An der Aulenkaut;;;;;;16;Dotzheim;;;;;;65197
3545;An der Auringer Mühle;;;;;;32;Auringen;;;;;;65207
5021;An der Gabelung;;;;;;52;Mz-Kastel;;;;;;55252
2638;An der Gerbermühle;;;;;;34;Breckenheim;;;;;;65207
3433;An der Hammermühle;;;;;;14;Biebrich;;;;;;65203
5433;An der Helling;;;;;;52;Mz-Kastel;;;;;;55252
2640;An der Hochheimer Straße;;;;;;25;Nordenstadt;;;;;;65205
3208;An der Höhe;;;;;;34;Breckenheim;;;;;;65207
99;An der Hofwiese;;;;;;11;Sonnenberg;;;;;;65191
2642;An der Igstadter Straße;;;;;;25;Nordenstadt;;;;;;65205
3697;An der Käßmühle;;;;;;13;Erbenheim;;;;;;65205
5022;An der Kieskaut;;;;;;53;Mz-Kostheim;;;;;;55246
5023;An der Klaus;;;;;;52;Mz-Kastel;;;;;;55252
101;An der Kupferlache;;;;;;14;Biebrich;;;;;;65187
3394;An der Laach;;;;;;13;Erbenheim;;;;;;65205
3276;An der Leimenkaut;;;;;;32;Auringen;;;;;;65207
102;An der Ringkirche;;;;;;6;Rheingauviertel, Hollerborn;;;;;;65197
2646;An der Schule;;;;;;25;Nordenstadt;;;;;;65205
104;An der Stadtmauer;;;;;;11;Sonnenberg;;;;;;65191
2916;An der Straßenmühle;;;;;;26;Delkenheim;;;;;;65205
5026;An der Taunusbahn;;;;;;53;Mz-Kostheim;;;;;;55246
105;An Peters Ziegelei;;;;;;27;Schierstein;;;;;;65201
106;Andreas-Hofer-Straße;;;;;;14;Biebrich;;;;;;65187
107;Andreas-Schlüter-Straße;;;;;;3;Südost;;;;;;65189
108;Andreasstraße;;;;;;14;Biebrich;;;;;;65203
3689;Angelika-Thiels-Straße;;;;;;3;Südost;;;;;;65187
2651;Angelsachsenstraße;;;;;;26;Delkenheim;;;;;;65205
109;Angerweg;;;;;;16;Dotzheim;;;;;;65199
110;Anglergasse;;;;;;27;Schierstein;;;;;;65201
3682;Anhalterweg;;;;;;12;Bierstadt;;;;;;65191
5027;Ankertorstraße;;;;;;52;Mz-Kastel;;;;;;55252
5202;Anna-Birle-Straße;;;;;;52;Mz-Kastel;;;;;;55252
111;Annastraße;;;;;;16;Dotzheim;;;;;;65197
112;Anne-Frank-Straße;;;;;;7;Klarenthal;;;;;;65197
3246;Annemarie-Goßmann-Straße;;;;;;23;Kloppenheim;;;;;;65207
113;Anton-Berges-Straße;;;;;;27;Schierstein;;;;;;65201
114;Anton-Günther-Straße;;;;;;12;Bierstadt;;;;;;65191
5442;Anton-Hehn-Straße;;;;;;53;Mz-Kostheim;;;;;;55246
115;Anton-Jäger-Straße;;;;;;12;Bierstadt;;;;;;65191
5490;Anton-Viebig-Platz;;;;;;53;Mz-Kostheim;;;;;;55246
5403;Anton-Zeeh-Straße;;;;;;52;Mz-Kastel;;;;;;55252
3556;Apfelweg;;;;;;25;Nordenstadt;;;;;;65205
119;Arizonastraße;;;;;;3;Südost;;;;;;65189
121;Armenruhstraße;;;;;;14;Biebrich;;;;;;65203
122;Arminiusweg;;;;;;14;Biebrich;;;;;;65187
123;Arndtstraße;;;;;;1;Mitte;;;;;;65185
124;Aschenbrödelweg;ungerade;1;;21;;16;Dotzheim;;;;;;65199
124;Aschenbrödelweg;gerade;2;;10;;16;Dotzheim;;;;;;65199
124;Aschenbrödelweg;ungerade;23;;25;;16;Dotzheim;;;;;;65199
125;Assmannshäuser Straße;;;;;;6;Rheingauviertel, Hollerborn;;;;;;65197
126;Asternweg;;;;;;16;Dotzheim;;;;;;65201
2653;Aubachtal;gerade;2;;10;;32;Auringen;;;;;;65207
2653;Aubachtal;gerade;12;;12;;32;Auringen;;;;;;65207
2655;Auf dem Bangert;ungerade;1;;41;;31;Naurod;;;;;;65207
2655;Auf dem Bangert;gerade;2;;18;;31;Naurod;;;;;;65207
2655;Auf dem Bangert;gerade;20;;36;;31;Naurod;;;;;;65207
2668;Auf den Erlen;;;;;;32;Auringen;;;;;;65207
2714;Auf der Ahl;;;;;;34;Breckenheim;;;;;;65207
1520;Auf der Aulenkaut;;;;;;16;Dotzheim;;;;;;65199
2670;Auf der Bierau;;;;;;25;Nordenstadt;;;;;;65205
129;Auf der Eich;;;;;;16;Dotzheim;;;;;;65199
2682;Auf der Steil;;;;;;26;Delkenheim;;;;;;65205
2690;Augsburger Straße;;;;;;26;Delkenheim;;;;;;65205
1542;August-Bebel-Straße;;;;;;16;Dotzheim;;;;;;65199
910;August-Laut-Straße;;;;;;14;Biebrich;;;;;;65203
133;August-Liebig-Weg;;;;;;12;Bierstadt;;;;;;65191
2691;August-Ruf-Straße;ungerade;1;;17;;32;Auringen;;;;;;65207
2691;August-Ruf-Straße;gerade;2;;42;;32;Auringen;;;;;;65207
2691;August-Ruf-Straße;gerade;44;;50;;32;Auringen;;;;;;65207
134;August-Wolff-Straße;;;;;;14;Biebrich;;;;;;65203
3664;Augusta Loop;;;;;;26;Delkenheim;;;;;;65205
131;Augustastraße;;;;;;3;Südost;;;;;;65189
132;Auguste-Viktoria-Straße;;;;;;3;Südost;;;;;;65185
135;Aukammallee;ungerade;1;;13;;2;Nordost;;;;;;65191
135;Aukammallee;ungerade;15;;39;;12;Bierstadt;;;;;;65191
3669;Aumannstraße;;;;;;26;Delkenheim;;;;;;65205
139;Aunelstraße;;;;;;16;Dotzheim;;;;;;65199
2692;Auringer Straße;ungerade;1;;23;;31;Naurod;;;;;;65207
2692;Auringer Straße;gerade;2;;52;;31;Naurod;;;;;;65207
2692;Auringer Straße;ungerade;27;;27;;31;Naurod;;;;;;65207
1608;B 455;gerade;100;;100;;12;Bierstadt;;;;;;65191
1608;B 455;ungerade;101;;101;;12;Bierstadt;;;;;;65191
141;Bachgasse;gerade;2;;4;;14;Biebrich;;;;;;65203
141;Bachgasse;ungerade;3;;9;;14;Biebrich;;;;;;65203
141;Bachgasse;gerade;12;;34;;14;Biebrich;;;;;;65203
142;Bachmayerstraße;;;;;;2;Nordost;;;;;;65195
143;Bachstraße;;;;;;23;Kloppenheim;;;;;;65207
2693;Bachweg;;;;;;34;Breckenheim;;;;;;65207
144;Backfischgasse;;;;;;27;Schierstein;;;;;;65201
145;Bärenstraße;;;;;;1;Mitte;;;;;;65183
146;Bahnhofsplatz;ungerade;1;;1;;3;Südost;;;;;;65189
146;Bahnhofsplatz;gerade;2;;2;;3;Südost;;;;;;65189
146;Bahnhofsplatz;ungerade;3;;3;;3;Südost;;;;;;65189
147;Bahnhofstraße;ungerade;1;;19;;1;Mitte;;;;;;65185
147;Bahnhofstraße;gerade;2;;16;;1;Mitte;;;;;;65185
147;Bahnhofstraße;gerade;18;;52;;1;Mitte;;;;;;65185
147;Bahnhofstraße;ungerade;23;;75;;1;Mitte;;;;;;65185
149;Bahnholzstraße;;;;;;11;Sonnenberg;;;;;;65193
152;Bahnstraße;ungerade;1;;11;;13;Erbenheim;;;;;;65205
152;Bahnstraße;gerade;2;;22;;13;Erbenheim;;;;;;65205
152;Bahnstraße;ungerade;13;;23;;13;Erbenheim;;;;;;65205
2512;Balthasar-Neumann-Straße;ungerade;1;;1;A;3;Südost;;;;;;65189
2512;Balthasar-Neumann-Straße;ungerade;5;;17;;3;Südost;;;;;;65189
2512;Balthasar-Neumann-Straße;gerade;10;;12;;3;Südost;;;;;;65189
3571;Baltrumer Straße;;;;;;16;Dotzheim;;;;;;65199
3300;Bandkeramikerweg;gerade;2;;6;;13;Erbenheim;;;;;;65205
3300;Bandkeramikerweg;ungerade;5;;5;;13;Erbenheim;;;;;;65205
155;Bangertstraße;;;;;;23;Kloppenheim;;;;;;65207
156;Barbarossastraße;;;;;;13;Erbenheim;;;;;;65205
157;Baumgarten;;;;;;13;Erbenheim;;;;;;65205
158;Baumstraße;;;;;;14;Biebrich;;;;;;65187
159;Bayernstraße;ungerade;1;;5;;12;Bierstadt;;;;;;65191
159;Bayernstraße;gerade;2;;30;;11;Sonnenberg;;;;;;65191
159;Bayernstraße;ungerade;11;;133;;11;Sonnenberg;;;;;;65191
159;Bayernstraße;ungerade;139;;143;;12;Bierstadt;;;;;;65191
160;Beethovenstraße;;;;;;3;Südost;;;;;;65189
161;Begasweg;;;;;;2;Nordost;;;;;;65195
3536;Begonienweg;;;;;;16;Dotzheim;;;;;;65201
162;Behringstraße;;;;;;12;Bierstadt;;;;;;65191
2703;Beinstraße;;;;;;34;Breckenheim;;;;;;65207
163;Belzbachweg;;;;;;16;Dotzheim;;;;;;65199
164;Benzstraße;;;;;;6;Rheingauviertel, Hollerborn;;;;;;65197
5028;Berberichstraße;;;;;;53;Mz-Kostheim;;;;;;55246
165;Bergmannstraße;;;;;;14;Biebrich;;;;;;65203
166;Bergstraße;;;;;;11;Sonnenberg;;;;;;65193
2706;Bergwiesenstraße;;;;;;34;Breckenheim;;;;;;65207
3680;Berlepschweg;;;;;;12;Bierstadt;;;;;;65191
167;Berlichingenstraße;;;;;;16;Dotzheim;;;;;;65199
168;Berliner Straße;ungerade;9;;21;;3;Südost;;;;;;65189
168;Berliner Straße;ungerade;27;;35;;3;Südost;;;;;;65189
168;Berliner Straße;gerade;112;;114;;13;Erbenheim;;;;;;65189
168;Berliner Straße;gerade;146;;146;;13;Erbenheim;;;;;;65205
168;Berliner Straße;gerade;150;;262;H;13;Erbenheim;;;;;;65205
168;Berliner Straße;ungerade;151;;161;;13;Erbenheim;;;;;;65205
168;Berliner Straße;ungerade;163;;205;;13;Erbenheim;;;;;;65205
168;Berliner Straße;ungerade;207;;207;;13;Erbenheim;;;;;;65205
168;Berliner Straße;ungerade;215;;261;;13;Erbenheim;;;;;;65205
168;Berliner Straße;gerade;264;;272;;13;Erbenheim;;;;;;65205
168;Berliner Straße;ungerade;265;;269;;13;Erbenheim;;;;;;65205
168;Berliner Straße;ungerade;275;;279;;13;Erbenheim;;;;;;65205
170;Bernhard-May-Straße;;;;;;14;Biebrich;;;;;;65203
171;Bernhard-Schwarz-Straße;;;;;;27;Schierstein;;;;;;65201
2707;Bernsteinstraße;;;;;;31;Naurod;;;;;;65207
5029;Berstädter Grabenweg;;;;;;52;Mz-Kastel;;;;;;55252
5430;Berstädter Weg;;;;;;51;Mz-Amöneburg;;;;;;55252
1572;Bert-Brecht-Straße;ungerade;1;;57;;27;Schierstein;;;;;;65201
1572;Bert-Brecht-Straße;gerade;2;;4;C;16;Dotzheim;;;;;;65201
1572;Bert-Brecht-Straße;gerade;6;;34;;27;Schierstein;;;;;;65201
3578;Berta-Cramer-Ring;;;;;;26;Delkenheim;;;;;;65205
172;Bertha-von-Suttner-Straße;;;;;;3;Südost;;;;;;65189
173;Bertramstraße;;;;;;8;Westend, Bleichstraße;;;;;;65185
174;Bethelstraße;;;;;;16;Dotzheim;;;;;;65199
175;Beuthener Straße;;;;;;12;Bierstadt;;;;;;65191
176;Biebricher Allee;ungerade;1;;79;;3;Südost;;;;;;65187
176;Biebricher Allee;gerade;2;;70;;3;Südost;;;;;;65187
176;Biebricher Allee;gerade;76;;140;;14;Biebrich;;;;;;65187
176;Biebricher Allee;ungerade;81;;145;;14;Biebrich;;;;;;65187
176;Biebricher Allee;gerade;142;;142;;14;Biebrich;;;;;;65187
176;Biebricher Allee;ungerade;147;;147;;14;Biebrich;;;;;;65187
176;Biebricher Allee;ungerade;161;A;191;;14;Biebrich;;;;;;65203
176;Biebricher Allee;gerade;168;;186;;14;Biebrich;;;;;;65203
5031;Biebricher Straße;ungerade;1;;7;I;52;Mz-Kastel;;;;;;55252
5031;Biebricher Straße;gerade;10;;10;;52;Mz-Kastel;;;;;;55252
5031;Biebricher Straße;gerade;12;;88;;51;Mz-Amöneburg;;;;;;65203
5031;Biebricher Straße;ungerade;13;;23;;51;Mz-Amöneburg;;;;;;65203
5031;Biebricher Straße;ungerade;25;;25;;51;Mz-Amöneburg;;;;;;65203
5031;Biebricher Straße;ungerade;61;;83;;51;Mz-Amöneburg;;;;;;65203
179;Biegerstraße;;;;;;12;Bierstadt;;;;;;65191
180;Bierhausweg;;;;;;23;Kloppenheim;;;;;;65207
182;Bierstadter Höhe;ungerade;1;;73;;12;Bierstadt;;;;;;65191
182;Bierstadter Höhe;gerade;2;;76;B;12;Bierstadt;;;;;;65191
182;Bierstadter Höhe;gerade;80;;82;;12;Bierstadt;;;;;;65191
183;Bierstadter Straße;ungerade;1;;43;;3;Südost;;;;;;65189
183;Bierstadter Straße;gerade;2;;48;A;2;Nordost;;;;;;65189
183;Bierstadter Straße;ungerade;45;;53;;3;Südost;;;;;;65189
183;Bierstadter Straße;gerade;52;;78;;2;Nordost;;;;;;65189
183;Bierstadter Straße;gerade;82;;90;;2;Nordost;;;;;;65191
185;Bingertstraße;ungerade;1;;45;;11;Sonnenberg;;;;;;65191
185;Bingertstraße;gerade;6;;84;;11;Sonnenberg;;;;;;65191
185;Bingertstraße;ungerade;49;;63;;12;Bierstadt;;;;;;65191
185;Bingertstraße;ungerade;67;;73;;11;Sonnenberg;;;;;;65191
187;Birgidstraße;;;;;;12;Bierstadt;;;;;;65191
2712;Birkenhof WP;;;;;;25;Nordenstadt;;;;;;65207
188;Birkenstraße;;;;;;14;Biebrich;;;;;;65187
3558;Birnenweg;;;;;;25;Nordenstadt;;;;;;65205
5032;Bischofsheimer Straße;;;;;;53;Mz-Kostheim;;;;;;55246
190;Bismarckring;ungerade;1;;43;;8;Westend, Bleichstraße;;;;;;65183
190;Bismarckring;gerade;2;;12;;8;Westend, Bleichstraße;;;;;;65185
190;Bismarckring;gerade;14;;44;;8;Westend, Bleichstraße;;;;;;65183
3555;Blaumeisenweg;;;;;;25;Nordenstadt;;;;;;65205
191;Bleichstraße;;;;;;8;Westend, Bleichstraße;;;;;;65183
192;Bleichwiesenstraße;;;;;;14;Biebrich;;;;;;65203
193;Blierweg;;;;;;27;Schierstein;;;;;;65201
195;Blücherplatz;;;;;;8;Westend, Bleichstraße;;;;;;65195
196;Blücherstraße;ungerade;1;;35;;8;Westend, Bleichstraße;;;;;;65195
196;Blücherstraße;gerade;4;;64;;8;Westend, Bleichstraße;;;;;;65195
196;Blücherstraße;ungerade;37;;49;;6;Rheingauviertel, Hollerborn;;;;;;65195
196;Blücherstraße;gerade;66;;68;;6;Rheingauviertel, Hollerborn;;;;;;65195
5034;Blücherstraße /Ka;;;;;;52;Mz-Kastel;;;;;;55252
197;Blütenstraße;;;;;;21;Rambach;;;;;;65207
198;Blumenstraße;;;;;;3;Südost;;;;;;65189
199;Blumenthalstraße;;;;;;6;Rheingauviertel, Hollerborn;;;;;;65197
200;Bodelschwinghstraße;;;;;;12;Bierstadt;;;;;;65191
201;Bodenstedtstraße;;;;;;2;Nordost;;;;;;65189
203;Böcklinweg;;;;;;2;Nordost;;;;;;65195
5036;Boelckestraße;gerade;2;;10;;52;Mz-Kastel;;;;;;55252
5036;Boelckestraße;ungerade;5;;59;F;52;Mz-Kastel;;;;;;55252
5036;Boelckestraße;gerade;20;;182;;52;Mz-Kastel;;;;;;55252
5036;Boelckestraße;ungerade;61;;107;;52;Mz-Kastel;;;;;;55252
5036;Boelckestraße;ungerade;215;;287;;52;Mz-Kastel;;;;;;55252
5435;Böttcherweg;;;;;;52;Mz-Kastel;;;;;;55252
204;Bogengasse;;;;;;12;Bierstadt;;;;;;65191
2715;Borkestraße;;;;;;25;Nordenstadt;;;;;;65205
205;Borkholder Straße;;;;;;14;Biebrich;;;;;;65203
3437;Borkumer Straße;;;;;;16;Dotzheim;;;;;;65199
3599;Bornbaum;;;;;;32;Auringen;;;;;;65207
206;Bornhofenweg;ungerade;3;;7;;2;Nordost;;;;;;65195
206;Bornhofenweg;gerade;4;;20;;2;Nordost;;;;;;65195
206;Bornhofenweg;ungerade;7;A;29;;2;Nordost;;;;;;65195
207;Bornstraße;;;;;;24;Igstadt;;;;;;65207
3338;Borsigstraße;ungerade;1;;15;B;25;Nordenstadt;;;;;;65205
3338;Borsigstraße;gerade;2;;44;;25;Nordenstadt;;;;;;65205
3338;Borsigstraße;ungerade;17;;17;;25;Nordenstadt;;;;;;65205
208;Brabanter Straße;;;;;;11;Sonnenberg;;;;;;65191
209;Brahmsweg;;;;;;2;Nordost;;;;;;65193
2718;Brandenburger Straße;;;;;;25;Nordenstadt;;;;;;65205
210;Breckenheimer Straße;ungerade;1;;9;;24;Igstadt;;;;;;65207
210;Breckenheimer Straße;gerade;2;;2;;24;Igstadt;;;;;;65207
210;Breckenheimer Straße;gerade;10;;22;;24;Igstadt;;;;;;65207
2719;Breckenheimer Weg;ungerade;1;;29;A;25;Nordenstadt;;;;;;65205
2719;Breckenheimer Weg;gerade;2;;20;;25;Nordenstadt;;;;;;65205
2719;Breckenheimer Weg;gerade;22;;22;;25;Nordenstadt;;;;;;65205
2719;Breckenheimer Weg;gerade;30;;30;;25;Nordenstadt;;;;;;65207
2719;Breckenheimer Weg;ungerade;31;;31;;25;Nordenstadt;;;;;;65205
5037;Bregenzer Straße;;;;;;53;Mz-Kostheim;;;;;;55246
211;Breitenbachstraße;;;;;;3;Südost;;;;;;65187
214;Bremenstraße;;;;;;12;Bierstadt;;;;;;65191
2722;Bremthaler Straße;;;;;;31;Naurod;;;;;;65207
2723;Bremthaler Weg;;;;;;32;Auringen;;;;;;65207
216;Brentanostraße;;;;;;3;Südost;;;;;;65187
217;Breslauer Straße;ungerade;1;;81;;14;Biebrich;;;;;;65203
217;Breslauer Straße;gerade;4;;74;;14;Biebrich;;;;;;65203
217;Breslauer Straße;ungerade;99;;99;;14;Biebrich;;;;;;65203
3546;Brombeerweg;;;;;;32;Auringen;;;;;;65207
5038;Bruchstraße;;;;;;53;Mz-Kostheim;;;;;;55246
5240;Bruchstück Distrikt;;;;;;53;Mz-Kostheim;;;;;;55246
2725;Brückenstraße;;;;;;33;Medenbach;;;;;;65207
221;Brüder-Grimm-Straße;;;;;;16;Dotzheim;;;;;;65199
222;Brühlstraße;;;;;;12;Bierstadt;;;;;;65191
223;Brunhildenstraße;gerade;2;;106;;3;Südost;;;;;;65189
223;Brunhildenstraße;ungerade;7;;49;;3;Südost;;;;;;65189
223;Brunhildenstraße;ungerade;55;;59;;3;Südost;;;;;;65189
223;Brunhildenstraße;gerade;108;;142;;3;Südost;;;;;;65189
224;Brunnengasse;gerade;2;;4;;14;Biebrich;;;;;;65203
224;Brunnengasse;ungerade;3;;3;;14;Biebrich;;;;;;65203
224;Brunnengasse;gerade;6;;14;;14;Biebrich;;;;;;65203
224;Brunnengasse;ungerade;7;;15;;14;Biebrich;;;;;;65203
226;Brunnenstraße;ungerade;1;;39;;12;Bierstadt;;;;;;65191
226;Brunnenstraße;gerade;2;;36;;2;Nordost;;;;;;65191
3214;Brunnenweg;;;;;;34;Breckenheim;;;;;;65207
228;Buchenstraße;;;;;;14;Biebrich;;;;;;65187
229;Buchenwaldstraße;;;;;;11;Sonnenberg;;;;;;65193
2726;Buchenweg;;;;;;31;Naurod;;;;;;65207
230;Büchnerstraße;;;;;;14;Biebrich;;;;;;65187
231;Büdingenstraße;;;;;;1;Mitte;;;;;;65183
232;Bülowstraße;;;;;;8;Westend, Bleichstraße;;;;;;65195
233;Bürgelstraße;;;;;;2;Nordost;;;;;;65193
234;Bürgermeister-Schneider-S;;;;;;28;Frauenstein;;;;;;65201
235;Bürschgartenstraße;;;;;;11;Sonnenberg;;;;;;65193
1607;Büttelwiese;;;;;;27;Schierstein;;;;;;65201
239;Bunsenstraße;;;;;;14;Biebrich;;;;;;65203
240;Burglindenstraße;;;;;;28;Frauenstein;;;;;;65201
241;Burgstraße;;;;;;1;Mitte;;;;;;65183
5040;Burgstraße /Ko;;;;;;53;Mz-Kostheim;;;;;;55246
242;Burgunderstraße;;;;;;3;Südost;;;;;;65189
2728;Burgunderweg;;;;;;26;Delkenheim;;;;;;65205
2729;Burgweg;;;;;;26;Delkenheim;;;;;;65205
243;Buschungstraße;;;;;;13;Erbenheim;;;;;;65205
2730;Bussardweg;;;;;;25;Nordenstadt;;;;;;65205
3530;Butterblumenweg;;;;;;16;Dotzheim;;;;;;65201
244;Californiastraße;;;;;;3;Südost;;;;;;65189
245;Calvinstraße;;;;;;14;Biebrich;;;;;;65199
5041;Camozzistraße;;;;;;53;Mz-Kostheim;;;;;;55246
3659;Carl-Bender-Straße;;;;;;16;Dotzheim;;;;;;65197
691;Carl-Bosch-Straße;;;;;;14;Biebrich;;;;;;65203
3396;Carl-Frenger-Steige;;;;;;11;Sonnenberg;;;;;;65193
862;Carl-Schuricht-Straße;;;;;;3;Südost;;;;;;65187
247;Carl-von-Ibell-Weg;gerade;6;;6;;2;Nordost;;;;;;65195
247;Carl-von-Ibell-Weg;ungerade;7;;7;;2;Nordost;;;;;;65195
1986;Carl-von-Linde-Straße;ungerade;1;;31;;6;Rheingauviertel, Hollerborn;;;;;;65197
1986;Carl-von-Linde-Straße;gerade;2;;20;;16;Dotzheim;;;;;;65197
177;Carl-von-Ossietzky-Straße;;;;;;7;Klarenthal;;;;;;65197
3636;Carla-Henius-Straße;;;;;;6;Rheingauviertel, Hollerborn;;;;;;65197
3544;Carlo-Schmid-Straße;;;;;;14;Biebrich;;;;;;65197
5042;Carlowitzstraße;;;;;;52;Mz-Kastel;;;;;;55252
5431;Castellumstraße;;;;;;52;Mz-Kastel;;;;;;55252
3495;Charles-de-Gaulle-Straße;;;;;;6;Rheingauviertel, Hollerborn;;;;;;65197
3657;Charlotte-Posenenske-Str.;;;;;;6;Rheingauviertel, Hollerborn;;;;;;65197
249;Charlottenburger Straße;;;;;;13;Erbenheim;;;;;;65205
2767;Chattenstraße;;;;;;25;Nordenstadt;;;;;;65205
250;Chausseehaus WP;ungerade;7;;13;;16;Dotzheim;;;;;;65199
250;Chausseehaus WP;ungerade;15;;17;;7;Klarenthal;;;;;;65199
250;Chausseehaus WP;gerade;20;;28;;16;Dotzheim;;;;;;65199
252;Cheruskerweg;;;;;;14;Biebrich;;;;;;65187
3633;Christa-Moering-Platz;;;;;;6;Rheingauviertel, Hollerborn;;;;;;65197
3224;Christdorfer Straße;;;;;;32;Auringen;;;;;;65207
253;Christian-Bücher-Straße;ungerade;1;;1;;27;Schierstein;;;;;;65201
253;Christian-Bücher-Straße;gerade;18;;20;;27;Schierstein;;;;;;65201
254;Christian-Morgenstern-Str;;;;;;27;Schierstein;;;;;;65201
255;Christian-Spielmann-Weg;;;;;;2;Nordost;;;;;;65193
256;Christian-Zais-Straße;;;;;;2;Nordost;;;;;;65189
5043;Christof-Ruthof-Weg;;;;;;52;Mz-Kastel;;;;;;55252
257;Colmarer Straße;;;;;;14;Biebrich;;;;;;65203
259;Comeniusstraße;;;;;;2;Nordost;;;;;;65195
260;Corneliusweg;;;;;;2;Nordost;;;;;;65193
2732;Costloffstraße;;;;;;33;Medenbach;;;;;;65207
261;Coulinstraße;;;;;;1;Mitte;;;;;;65183
3667;Craig Street;;;;;;26;Delkenheim;;;;;;65205
263;Dachsbergstraße;;;;;;27;Schierstein;;;;;;65201
2734;Dachsstraße;;;;;;34;Breckenheim;;;;;;65207
264;Dachsteinstraße;;;;;;16;Dotzheim;;;;;;65199
266;Dahlemweg;;;;;;28;Frauenstein;;;;;;65201
3532;Dahlienweg;;;;;;16;Dotzheim;;;;;;65201
2735;Daimlerring;;;;;;25;Nordenstadt;;;;;;65205
267;Daimlerstraße;;;;;;6;Rheingauviertel, Hollerborn;;;;;;65197
268;Dambachtal;;;;;;2;Nordost;;;;;;65193
3236;Dankwardweg;;;;;;3;Südost;;;;;;65189
269;Danneckerstraße;;;;;;2;Nordost;;;;;;65195
270;Dantestraße;;;;;;3;Südost;;;;;;65189
271;Danziger Straße;ungerade;5;;91;;11;Sonnenberg;;;;;;65191
271;Danziger Straße;gerade;10;;34;;11;Sonnenberg;;;;;;65191
271;Danziger Straße;gerade;36;;58;;11;Sonnenberg;;;;;;65191
271;Danziger Straße;gerade;60;;60;;11;Sonnenberg;;;;;;65191
271;Danziger Straße;gerade;62;;88;;11;Sonnenberg;;;;;;65191
271;Danziger Straße;gerade;90;;90;A;11;Sonnenberg;;;;;;65191
271;Danziger Straße;gerade;92;;116;;11;Sonnenberg;;;;;;65191
274;De-Laspée-Straße;;;;;;1;Mitte;;;;;;65183
2738;Dekan-Lindenbein-Straße;;;;;;26;Delkenheim;;;;;;65205
275;Delkenheimer Straße;;;;;;12;Bierstadt;;;;;;65191
276;Demminsweg;ungerade;1;;1;;2;Nordost;;;;;;65193
276;Demminsweg;gerade;4;;4;;2;Nordost;;;;;;65193
3443;Deponiestraße;ungerade;9;;11;;51;Mz-Amöneburg;;;;;;65205
3443;Deponiestraße;gerade;10;;16;;14;Biebrich;;;;;;65205
3443;Deponiestraße;ungerade;15;;15;;14;Biebrich;;;;;;65205
2740;Dessauer Straße;;;;;;25;Nordenstadt;;;;;;65205
277;Didierstraße;;;;;;14;Biebrich;;;;;;65203
2743;Die Hub;ungerade;1;;13;;31;Naurod;;;;;;65207
2743;Die Hub;gerade;2;;2;;31;Naurod;;;;;;65207
2743;Die Hub;gerade;6;;6;;31;Naurod;;;;;;65207
278;Dieselstraße;;;;;;6;Rheingauviertel, Hollerborn;;;;;;65197
3690;Dieter-Löber-Straße;;;;;;14;Biebrich;;;;;;65203
279;Dietrich-Bonhoeffer-Str;;;;;;12;Bierstadt;;;;;;65191
3237;Dillstraße;;;;;;2;Nordost;;;;;;65195
280;Diltheystraße;;;;;;14;Biebrich;;;;;;65203
283;Dörrgasse;;;;;;16;Dotzheim;;;;;;65199
285;Dolomitenstraße;;;;;;16;Dotzheim;;;;;;65199
2754;Dompfaffweg;;;;;;25;Nordenstadt;;;;;;65205
286;Donnersbergstraße;;;;;;14;Biebrich;;;;;;65187
287;Dorfanger;;;;;;12;Bierstadt;;;;;;65191
5477;Dornfelderweg;;;;;;53;Mz-Kostheim;;;;;;55246
3332;Dornkratz WP;;;;;;24;Igstadt;;;;;;65207
288;Dornkratzstraße;;;;;;24;Igstadt;;;;;;65207
290;Dornröschenweg;;;;;;16;Dotzheim;;;;;;65199
291;Dorotheenweg;;;;;;11;Sonnenberg;;;;;;65193
292;Dorrlochstraße;;;;;;12;Bierstadt;;;;;;65191
2537;Dostojewskistraße;ungerade;3;;23;;3;Südost;;;;;;65187
2537;Dostojewskistraße;gerade;4;;8;;3;Südost;;;;;;65187
2537;Dostojewskistraße;gerade;10;;14;;14;Biebrich;;;;;;65187
2537;Dostojewskistraße;ungerade;27;;27;;14;Biebrich;;;;;;65187
293;Dotzheimer Straße;ungerade;3;;43;;8;Westend, Bleichstraße;;;;;;65185
293;Dotzheimer Straße;gerade;6;;50;;1;Mitte;;;;;;65185
293;Dotzheimer Straße;ungerade;49;;65;;8;Westend, Bleichstraße;;;;;;65197
293;Dotzheimer Straße;gerade;52;;114;;6;Rheingauviertel, Hollerborn;;;;;;65197
293;Dotzheimer Straße;ungerade;67;;95;;6;Rheingauviertel, Hollerborn;;;;;;65197
293;Dotzheimer Straße;ungerade;97;;145;;6;Rheingauviertel, Hollerborn;;;;;;65197
293;Dotzheimer Straße;gerade;116;;170;;6;Rheingauviertel, Hollerborn;;;;;;65197
293;Dotzheimer Straße;ungerade;147;;173;;6;Rheingauviertel, Hollerborn;;;;;;65197
293;Dotzheimer Straße;gerade;174;;184;;6;Rheingauviertel, Hollerborn;;;;;;65197
3666;Dr. Broer Street;;;;;;26;Delkenheim;;;;;;65205
2758;Dr.-Fritz-Gontermann-Str.;;;;;;31;Naurod;;;;;;65207
3713;Dr.-Werner-Jopp-Platz;;;;;;11;Sonnenberg;;;;;;65193
295;Drei-Lilien-Platz;;;;;;1;Mitte;;;;;;65183
2756;Dreiherrenstein;;;;;;32;Auringen;;;;;;65207
296;Dreispitzstraße;;;;;;11;Sonnenberg;;;;;;65191
297;Dreiweidenstraße;;;;;;8;Westend, Bleichstraße;;;;;;65195
298;Dresdener Ring;;;;;;12;Bierstadt;;;;;;65191
299;Drosselweg;;;;;;16;Dotzheim;;;;;;65199
300;Drudenstraße;;;;;;8;Westend, Bleichstraße;;;;;;65195
301;Drususstraße;;;;;;14;Biebrich;;;;;;65187
302;Dudenstraße;;;;;;11;Sonnenberg;;;;;;65193
2759;Düsseldorfer Straße;;;;;;26;Delkenheim;;;;;;65205
304;Dunantstraße;;;;;;14;Biebrich;;;;;;65203
3504;Dwight-D.-Eisenhower-Str;;;;;;6;Rheingauviertel, Hollerborn;;;;;;65197
5044;Dyckerhoffstraße;;;;;;51;Mz-Amöneburg;;;;;;65203
307;Eberbacher Straße;;;;;;6;Rheingauviertel, Hollerborn;;;;;;65197
308;Eberleinstraße;;;;;;2;Nordost;;;;;;65195
2762;Eckbornstraße;;;;;;31;Naurod;;;;;;65207
310;Eckernfördestraße;;;;;;8;Westend, Bleichstraße;;;;;;65195
311;Eckgasse;;;;;;21;Rambach;;;;;;65207
312;Edisonstraße;;;;;;16;Dotzheim;;;;;;65199
314;Egerstraße;ungerade;1;;7;;13;Erbenheim;;;;;;65205
314;Egerstraße;gerade;2;;2;;13;Erbenheim;;;;;;65205
314;Egerstraße;ungerade;9;;17;;13;Erbenheim;;;;;;65205
315;Egidystraße;;;;;;2;Nordost;;;;;;65193
316;Ehrengartstraße;;;;;;27;Schierstein;;;;;;65201
317;Eibachstraße;;;;;;16;Dotzheim;;;;;;65199
318;Eibenstraße;;;;;;14;Biebrich;;;;;;65187
319;Eibinger Straße;;;;;;6;Rheingauviertel, Hollerborn;;;;;;65197
2763;Eichelhäherstraße;;;;;;25;Nordenstadt;;;;;;65205
321;Eichendorffstraße;;;;;;3;Südost;;;;;;65187
2764;Eichendorffweg;;;;;;25;Nordenstadt;;;;;;65205
5045;Eichenstraße;;;;;;53;Mz-Kostheim;;;;;;55246
322;Eichenwaldstraße;;;;;;11;Sonnenberg;;;;;;65193
2765;Eichenweg;;;;;;31;Naurod;;;;;;65207
2606;Eifelstraße;;;;;;26;Delkenheim;;;;;;65205
323;Eigenheimstraße;gerade;2;;2;;2;Nordost;;;;;;65193
323;Eigenheimstraße;gerade;4;;22;;11;Sonnenberg;;;;;;65193
323;Eigenheimstraße;ungerade;5;;17;;11;Sonnenberg;;;;;;65193
324;Eigerstraße;;;;;;16;Dotzheim;;;;;;65199
325;Eintrachtstraße;ungerade;1;;27;;11;Sonnenberg;;;;;;65193
325;Eintrachtstraße;gerade;2;;30;;2;Nordost;;;;;;65193
326;Eisenacher Straße;;;;;;12;Bierstadt;;;;;;65191
5046;Eisenbahnstraße;;;;;;52;Mz-Kastel;;;;;;55252
327;Eisenmännchenstraße;;;;;;27;Schierstein;;;;;;65201
329;Elbestraße;gerade;2;;8;;27;Schierstein;;;;;;65201
329;Elbestraße;ungerade;3;;17;;27;Schierstein;;;;;;65201
330;Eleonorenstraße;;;;;;8;Westend, Bleichstraße;;;;;;65185
5047;Eleonorenstraße /Ka;;;;;;52;Mz-Kastel;;;;;;55252
331;Elisabethenstraße;;;;;;14;Biebrich;;;;;;65203
5048;Elisabethenstraße /Ka;;;;;;52;Mz-Kastel;;;;;;55252
332;Elise-Kirchner-Straße;;;;;;14;Biebrich;;;;;;65203
333;Elisenstraße;;;;;;11;Sonnenberg;;;;;;65193
334;Ellenbogengasse;;;;;;1;Mitte;;;;;;65183
2768;Ellengasse;;;;;;34;Breckenheim;;;;;;65207
335;Elmendorffstraße;;;;;;3;Südost;;;;;;65187
338;Elsa-Brändström-Straße;;;;;;14;Biebrich;;;;;;65203
336;Elsässer Platz;;;;;;8;Westend, Bleichstraße;;;;;;65195
337;Elsässer Straße;;;;;;6;Rheingauviertel, Hollerborn;;;;;;65197
2769;Elsterweg;;;;;;25;Nordenstadt;;;;;;65205
339;Eltviller Straße;;;;;;6;Rheingauviertel, Hollerborn;;;;;;65197
419;Emanuel-Geibel-Straße;;;;;;1;Mitte;;;;;;65185
3600;Emil-Dietz-Straße;;;;;;27;Schierstein;;;;;;65201
2511;Emil-Krag-Straße;;;;;;13;Erbenheim;;;;;;65205
340;Emilienstraße;;;;;;2;Nordost;;;;;;65193
341;Emser Straße;ungerade;1;;75;;2;Nordost;;;;;;65195
341;Emser Straße;gerade;2;;42;;8;Westend, Bleichstraße;;;;;;65195
341;Emser Straße;gerade;44;;64;;8;Westend, Bleichstraße;;;;;;65195
342;Entenstraße;;;;;;14;Biebrich;;;;;;65197
343;Eppsteiner Straße;;;;;;21;Rambach;;;;;;65207
2771;Eppsteiner Weg;;;;;;26;Delkenheim;;;;;;65205
344;Erasmusstraße;;;;;;14;Biebrich;;;;;;65199
345;Erathstraße;;;;;;2;Nordost;;;;;;65189
346;Erbacher Straße;;;;;;6;Rheingauviertel, Hollerborn;;;;;;65197
347;Erbenheimer Straße;ungerade;3;;45;;12;Bierstadt;;;;;;65191
347;Erbenheimer Straße;gerade;4;;32;;12;Bierstadt;;;;;;65191
347;Erbenheimer Straße;gerade;90;;100;;12;Bierstadt;;;;;;65205
347;Erbenheimer Straße;ungerade;93;;101;B;12;Bierstadt;;;;;;65205
2772;Erbsenacker;;;;;;31;Naurod;;;;;;65207
350;Erftstraße;;;;;;27;Schierstein;;;;;;65201
3217;Erfurter Straße;;;;;;25;Nordenstadt;;;;;;65205
351;Erich-Ollenhauer-Straße;gerade;2;;14;;14;Biebrich;;;;;;65203
351;Erich-Ollenhauer-Straße;ungerade;15;;15;;14;Biebrich;;;;;;65203
351;Erich-Ollenhauer-Straße;gerade;16;;70;;14;Biebrich;;;;;;65187
351;Erich-Ollenhauer-Straße;ungerade;31;;177;;14;Biebrich;;;;;;65187
351;Erich-Ollenhauer-Straße;gerade;94;;150;;14;Biebrich;;;;;;65199
351;Erich-Ollenhauer-Straße;gerade;156;;246;;16;Dotzheim;;;;;;65199
351;Erich-Ollenhauer-Straße;ungerade;195;;205;;14;Biebrich;;;;;;65199
351;Erich-Ollenhauer-Straße;ungerade;207;;209;;14;Biebrich;;;;;;65199
351;Erich-Ollenhauer-Straße;ungerade;211;;227;;14;Biebrich;;;;;;65199
351;Erich-Ollenhauer-Straße;ungerade;229;;263;;16;Dotzheim;;;;;;65199
351;Erich-Ollenhauer-Straße;gerade;268;;304;;16;Dotzheim;;;;;;65199
351;Erich-Ollenhauer-Straße;ungerade;269;;321;;16;Dotzheim;;;;;;65199
351;Erich-Ollenhauer-Straße;ungerade;329;;371;;16;Dotzheim;;;;;;65199
2774;Erlenhof WP;;;;;;34;Breckenheim;;;;;;65207
2775;Erlenstraße;;;;;;34;Breckenheim;;;;;;65207
353;Erlenweg;;;;;;14;Biebrich;;;;;;65187
355;Erlkönigweg;;;;;;16;Dotzheim;;;;;;65199
356;Ernastraße;;;;;;16;Dotzheim;;;;;;65199
3421;Ernst-Barlach-Straße;;;;;;2;Nordost;;;;;;65195
357;Ernst-Göbel-Straße;;;;;;23;Kloppenheim;;;;;;65207
1655;Ernst-von-Harnack-Straße;;;;;;7;Klarenthal;;;;;;65197
358;Eschbornstraße;;;;;;6;Rheingauviertel, Hollerborn;;;;;;65197
2776;Eschenstraße;;;;;;25;Nordenstadt;;;;;;65205
2778;Espenweg;;;;;;25;Nordenstadt;;;;;;65205
361;Etzelstraße;;;;;;3;Südost;;;;;;65189
362;Euckenstraße;;;;;;11;Sonnenberg;;;;;;65191
363;Eugen-Dengel-Straße;;;;;;7;Klarenthal;;;;;;65197
364;Eulenstraße;;;;;;16;Dotzheim;;;;;;65199
365;Eupener Straße;;;;;;14;Biebrich;;;;;;65203
348;F.-Knettenbrech-Weg;;;;;;14;Biebrich;;;;;;65205
5471;F.-Retzinger-Promenade;;;;;;53;Mz-Kostheim;;;;;;55246
922;Faaker Straße;;;;;;14;Biebrich;;;;;;65187
5437;Färcherweg;;;;;;52;Mz-Kastel;;;;;;55252
366;Falkenstraße;;;;;;16;Dotzheim;;;;;;65199
2780;Falkenweg;;;;;;25;Nordenstadt;;;;;;65205
3632;Fanny-Lewald-Straße;;;;;;6;Rheingauviertel, Hollerborn;;;;;;65197
3665;Farmer Loop;;;;;;26;Delkenheim;;;;;;65205
2781;Fasanenweg;;;;;;25;Nordenstadt;;;;;;65205
368;Fasanerie Landgut WP;;;;;;7;Klarenthal;;;;;;65195
369;Fasaneriestraße;ungerade;1;;27;;2;Nordost;;;;;;65195
369;Fasaneriestraße;gerade;2;;36;B;2;Nordost;;;;;;65195
369;Fasaneriestraße;gerade;38;;38;;2;Nordost;;;;;;65195
1659;Fasanerieweg;ungerade;1;;15;;2;Nordost;;;;;;65195
1659;Fasanerieweg;ungerade;31;;31;;7;Klarenthal;;;;;;65195
371;Faßbinderstraße;;;;;;23;Kloppenheim;;;;;;65207
372;Faulbrunnenplatz;;;;;;8;Westend, Bleichstraße;;;;;;65183
373;Faulbrunnenstraße;;;;;;1;Mitte;;;;;;65183
2782;Feldbergblick;;;;;;31;Naurod;;;;;;65207
375;Feldbergstraße;;;;;;14;Biebrich;;;;;;65187
376;Feldbrandstraße;;;;;;23;Kloppenheim;;;;;;65207
2783;Feldschützstraße;;;;;;25;Nordenstadt;;;;;;65205
377;Feldstraße;;;;;;1;Mitte;;;;;;65183
378;Felsenstraße;ungerade;3;;45;;16;Dotzheim;;;;;;65199
378;Felsenstraße;gerade;4;;40;B;16;Dotzheim;;;;;;65199
378;Felsenstraße;gerade;42;;46;;16;Dotzheim;;;;;;65199
378;Felsenstraße;ungerade;47;;47;;16;Dotzheim;;;;;;65199
378;Felsenstraße;gerade;48;;48;;16;Dotzheim;;;;;;65199
378;Felsenstraße;gerade;50;;50;;16;Dotzheim;;;;;;65199
3305;Fenchelring;;;;;;11;Sonnenberg;;;;;;65191
380;Feuerbachstraße;;;;;;2;Nordost;;;;;;65195
2784;Fichtelgebirgsstraße;;;;;;26;Delkenheim;;;;;;65205
381;Fichtenweg;;;;;;12;Bierstadt;;;;;;65191
382;Fichtestraße;ungerade;1;;33;;2;Nordost;;;;;;65189
382;Fichtestraße;gerade;2;;26;;2;Nordost;;;;;;65189
383;Finkenhof WP;;;;;;24;Igstadt;;;;;;65207
169;Finkenweg;ungerade;1;;1;;16;Dotzheim;;;;;;65199
169;Finkenweg;gerade;2;;2;;7;Klarenthal;;;;;;65199
169;Finkenweg;gerade;4;;18;;16;Dotzheim;;;;;;65199
384;Fischbacher Straße;;;;;;6;Rheingauviertel, Hollerborn;;;;;;65197
385;Fischergasse;;;;;;27;Schierstein;;;;;;65201
386;Fischerstraße;;;;;;3;Südost;;;;;;65187
387;Fischzucht WP;;;;;;2;Nordost;;;;;;65195
388;Flachslandstraße;;;;;;21;Rambach;;;;;;65207
390;Flachstraße;ungerade;1;;7;;16;Dotzheim;;;;;;65199
390;Flachstraße;gerade;6;;88;;7;Klarenthal;;;;;;65197
390;Flachstraße;ungerade;11;;13;;16;Dotzheim;;;;;;65197
391;Flandernstraße;ungerade;1;;23;;11;Sonnenberg;;;;;;65191
391;Flandernstraße;gerade;2;;32;;11;Sonnenberg;;;;;;65191
391;Flandernstraße;ungerade;33;;91;;11;Sonnenberg;;;;;;65191
391;Flandernstraße;gerade;54;;68;;11;Sonnenberg;;;;;;65191
392;Flemingstraße;;;;;;14;Biebrich;;;;;;65203
5051;Flensburger Straße;;;;;;52;Mz-Kastel;;;;;;55252
393;Fliederweg;;;;;;16;Dotzheim;;;;;;65201
394;Fliednerstraße;;;;;;12;Bierstadt;;;;;;65191
5052;Flörsheimer Straße;;;;;;53;Mz-Kostheim;;;;;;55246
395;Flößergasse;;;;;;27;Schierstein;;;;;;65201
5438;Flößerweg;;;;;;52;Mz-Kastel;;;;;;55252
396;Florian-Geyer-Straße;;;;;;24;Igstadt;;;;;;65207
397;Floridastraße;;;;;;3;Südost;;;;;;65189
5053;Floßhafenstraße;;;;;;53;Mz-Kostheim;;;;;;55246
398;Flotowstraße;;;;;;2;Nordost;;;;;;65193
2785;Flurstraße;;;;;;25;Nordenstadt;;;;;;65205
400;Flutgraben;;;;;;13;Erbenheim;;;;;;65205
3209;Föhrenweg;;;;;;26;Delkenheim;;;;;;65205
3435;Föhrer Straße;;;;;;16;Dotzheim;;;;;;65199
2786;Fondetter Straße;;;;;;31;Naurod;;;;;;65207
402;Fontanestraße;;;;;;3;Südost;;;;;;65187
3661;Fontis Loop;;;;;;26;Delkenheim;;;;;;65205
401;Forsthaus Frauenstein WP;;;;;;28;Frauenstein;;;;;;65201
407;Forststraße;;;;;;11;Sonnenberg;;;;;;65193
3662;Fowler Loop;;;;;;26;Delkenheim;;;;;;65205
1674;Frank-Wedekind-Straße;;;;;;27;Schierstein;;;;;;65201
408;Frankenstraße;;;;;;8;Westend, Bleichstraße;;;;;;65183
2788;Frankenwaldstraße;;;;;;26;Delkenheim;;;;;;65205
2789;Frankenweg;;;;;;26;Delkenheim;;;;;;65205
409;Frankfurter Straße;ungerade;1;;5;;2;Nordost;;;;;;65189
409;Frankfurter Straße;gerade;2;;2;;2;Nordost;;;;;;65189
409;Frankfurter Straße;gerade;6;;48;;3;Südost;;;;;;65189
409;Frankfurter Straße;ungerade;7;;39;;3;Südost;;;;;;65189
5054;Frankfurter Straße /Ka;;;;;;52;Mz-Kastel;;;;;;55252
3502;Franklin-Roosevelt-Straße;;;;;;6;Rheingauviertel, Hollerborn;;;;;;65197
410;Franz-Abt-Straße;;;;;;2;Nordost;;;;;;65193
414;Frau-Holle-Weg;;;;;;16;Dotzheim;;;;;;65199
411;Frauenlobstraße;ungerade;3;;23;;3;Südost;;;;;;65187
411;Frauenlobstraße;gerade;6;;14;;3;Südost;;;;;;65187
412;Frauensteiner Straße;ungerade;1;;85;;16;Dotzheim;;;;;;65199
412;Frauensteiner Straße;gerade;2;;120;;16;Dotzheim;;;;;;65199
412;Frauensteiner Straße;ungerade;87;;119;;16;Dotzheim;;;;;;65199
413;Frauenstraße;;;;;;11;Sonnenberg;;;;;;65193
3550;Freesienweg;;;;;;16;Dotzheim;;;;;;65201
2790;Freiburger Straße;;;;;;26;Delkenheim;;;;;;65205
2791;Freiherr-vom-Stein-Straße;;;;;;25;Nordenstadt;;;;;;65205
415;Freseniusstraße;;;;;;2;Nordost;;;;;;65193
417;Freudenbergstraße;ungerade;1;;11;;27;Schierstein;;;;;;65201
417;Freudenbergstraße;gerade;2;;20;A;27;Schierstein;;;;;;65201
417;Freudenbergstraße;ungerade;13;;33;;27;Schierstein;;;;;;65201
417;Freudenbergstraße;gerade;22;;46;;27;Schierstein;;;;;;65201
417;Freudenbergstraße;ungerade;35;;117;;27;Schierstein;;;;;;65201
417;Freudenbergstraße;gerade;56;;80;;27;Schierstein;;;;;;65201
417;Freudenbergstraße;gerade;82;;90;;27;Schierstein;;;;;;65201
417;Freudenbergstraße;gerade;100;;126;;27;Schierstein;;;;;;65201
417;Freudenbergstraße;ungerade;121;;125;;16;Dotzheim;;;;;;65201
417;Freudenbergstraße;gerade;126;A;126;A;16;Dotzheim;;;;;;65201
417;Freudenbergstraße;gerade;128;;158;;16;Dotzheim;;;;;;65201
417;Freudenbergstraße;gerade;158;A;158;A;16;Dotzheim;;;;;;65201
417;Freudenbergstraße;gerade;158;B;164;;16;Dotzheim;;;;;;65201
417;Freudenbergstraße;gerade;164;A;164;A;16;Dotzheim;;;;;;65201
417;Freudenbergstraße;gerade;166;;174;;16;Dotzheim;;;;;;65201
417;Freudenbergstraße;gerade;176;;224;;16;Dotzheim;;;;;;65201
417;Freudenbergstraße;ungerade;241;;241;;16;Dotzheim;;;;;;65201
2543;Friedenstraße;;;;;;3;Südost;;;;;;65189
5055;Friedenstraße /Ka;;;;;;52;Mz-Kastel;;;;;;55252
2792;Friedhofstraße;ungerade;1;;9;;25;Nordenstadt;;;;;;65205
2792;Friedhofstraße;gerade;2;;12;A;25;Nordenstadt;;;;;;65205
420;Friedrich-Bergius-Straße;;;;;;14;Biebrich;;;;;;65203
421;Friedrich-Ebert-Allee;ungerade;1;;1;;1;Mitte;;;;;;65185
421;Friedrich-Ebert-Allee;gerade;2;;12;;3;Südost;;;;;;65185
422;Friedrich-Ebert-Straße;;;;;;23;Kloppenheim;;;;;;65207
1679;Friedrich-Engels-Weg;;;;;;16;Dotzheim;;;;;;65199
423;Friedrich-Lang-Straße;;;;;;2;Nordost;;;;;;65193
1680;Friedrich-Naumann-Straße;;;;;;6;Rheingauviertel, Hollerborn;;;;;;65195
424;Friedrich-Otto-Straße;;;;;;2;Nordost;;;;;;65193
425;Friedrich-v.-Thiersch-Weg;;;;;;2;Nordost;;;;;;65183
2794;Friedrichshof WP;;;;;;31;Naurod;;;;;;65207
426;Friedrichstraße;;;;;;1;Mitte;;;;;;65185
5056;Friedrichstraße /Ko;;;;;;53;Mz-Kostheim;;;;;;55246
427;Friesacher Straße;;;;;;14;Biebrich;;;;;;65187
428;Friesenweg;;;;;;14;Biebrich;;;;;;65187
2795;Fritz-Erler-Straße;;;;;;33;Medenbach;;;;;;65207
429;Fritz-Haber-Straße;;;;;;14;Biebrich;;;;;;65203
430;Fritz-Kalle-Straße;;;;;;3;Südost;;;;;;65187
5204;Fritz-Lenges-Straße;;;;;;52;Mz-Kastel;;;;;;55252
1681;Fritz-Philippi-Straße;;;;;;6;Rheingauviertel, Hollerborn;;;;;;65195
431;Fritz-Reuter-Straße;;;;;;3;Südost;;;;;;65189
5423;Fritz-Ullmann-Straße;;;;;;52;Mz-Kastel;;;;;;55252
5057;Fröbelstraße;;;;;;51;Mz-Amöneburg;;;;;;65203
433;Froschkönigweg;;;;;;16;Dotzheim;;;;;;65199
5408;Frühlingsstraße;;;;;;52;Mz-Kastel;;;;;;55252
436;Fuchsstraße;;;;;;14;Biebrich;;;;;;65187
437;Gaabstraße;;;;;;2;Nordost;;;;;;65195
438;Gabelsbergerstraße;;;;;;2;Nordost;;;;;;65195
439;Gabelsbornstraße;gerade;8;;44;A;14;Biebrich;;;;;;65187
439;Gabelsbornstraße;ungerade;13;;67;;14;Biebrich;;;;;;65187
439;Gabelsbornstraße;gerade;46;;46;;14;Biebrich;;;;;;65187
439;Gabelsbornstraße;gerade;48;;54;;14;Biebrich;;;;;;65187
3635;Gabriele-Münter-Straße;;;;;;6;Rheingauviertel, Hollerborn;;;;;;65197
3531;Gänseblümchenweg;;;;;;16;Dotzheim;;;;;;65201
5414;Gänssaalweg;;;;;;53;Mz-Kostheim;;;;;;55246
3315;Gärtnerei Taunusblick WP;;;;;;26;Delkenheim;;;;;;65205
440;Galileistraße;;;;;;2;Nordost;;;;;;65193
1119;Gallierweg;;;;;;14;Biebrich;;;;;;65187
441;Gartenfeldstraße;;;;;;3;Südost;;;;;;65189
442;Gartenstraße;;;;;;11;Sonnenberg;;;;;;65191
5059;Gartenweg;;;;;;53;Mz-Kostheim;;;;;;55246
443;Gaugasse;;;;;;14;Biebrich;;;;;;65203
444;Gaußstraße;;;;;;2;Nordost;;;;;;65193
445;Geisbergstraße;ungerade;1;;27;;2;Nordost;;;;;;65193
445;Geisbergstraße;gerade;2;;36;A;2;Nordost;;;;;;65193
2801;Geisbergweg;ungerade;1;;19;A;25;Nordenstadt;;;;;;65205
2801;Geisbergweg;gerade;2;;12;;25;Nordenstadt;;;;;;65205
2801;Geisbergweg;ungerade;21;;23;A;25;Nordenstadt;;;;;;65205
446;Geisenheimer Straße;;;;;;6;Rheingauviertel, Hollerborn;;;;;;65197
448;Gemeindebadgässchen;;;;;;1;Mitte;;;;;;65183
5060;General-Mudra-Straße;;;;;;52;Mz-Kastel;;;;;;55252
451;Georg-August-Straße;ungerade;3;;7;;8;Westend, Bleichstraße;;;;;;65195
451;Georg-August-Straße;gerade;4;;10;;8;Westend, Bleichstraße;;;;;;65195
451;Georg-August-Straße;ungerade;9;;9;;6;Rheingauviertel, Hollerborn;;;;;;65195
451;Georg-August-Straße;gerade;12;;16;;6;Rheingauviertel, Hollerborn;;;;;;65195
3590;Georg-August-Zinn-Straße;;;;;;1;Mitte;;;;;;65183
5474;Georg-Beatzel-Straße;;;;;;52;Mz-Kastel;;;;;;55252
1702;Georg-Krücke-Straße;;;;;;6;Rheingauviertel, Hollerborn;;;;;;65195
3275;Georg-Rieser-Straße;;;;;;32;Auringen;;;;;;65207
5479;Georg-Schollmayer-Weg;;;;;;53;Mz-Kostheim;;;;;;55246
3494;George-Marshall-Straße;;;;;;6;Rheingauviertel, Hollerborn;;;;;;65197
450;Georgenborner Straße;ungerade;1;;13;;28;Frauenstein;;;;;;65201
450;Georgenborner Straße;gerade;2;;14;;28;Frauenstein;;;;;;65201
450;Georgenborner Straße;gerade;18;;100;;28;Frauenstein;;;;;;65201
452;Georgstraße;;;;;;28;Frauenstein;;;;;;65201
3548;Gerberaweg;;;;;;16;Dotzheim;;;;;;65201
2804;Gerberstraße;;;;;;31;Naurod;;;;;;65207
453;Gerhardt-Katsch-Straße;;;;;;12;Bierstadt;;;;;;65191
454;Gerichtsstraße;;;;;;1;Mitte;;;;;;65185
455;Gerlitzenstraße;;;;;;14;Biebrich;;;;;;65187
2805;Germanenstraße;;;;;;26;Delkenheim;;;;;;65205
456;Gernotstraße;;;;;;3;Südost;;;;;;65205
457;Gertrud-Bäumer-Straße;;;;;;3;Südost;;;;;;65189
458;Geschwister-Scholl-Straße;gerade;2;;36;A;7;Klarenthal;;;;;;65197
458;Geschwister-Scholl-Straße;ungerade;3;;29;;7;Klarenthal;;;;;;65197
3505;Geschwister-Stock-Platz;;;;;;1;Mitte;;;;;;65185
148;Gibber Straße;;;;;;14;Biebrich;;;;;;65203
2807;Ginsterweg;;;;;;32;Auringen;;;;;;65207
459;Giselherstraße;;;;;;3;Südost;;;;;;65205
5256;Glacisweg;ungerade;1;;31;;52;Mz-Kastel;;;;;;55252
5256;Glacisweg;gerade;6;;18;;53;Mz-Kostheim;;;;;;55246
3549;Gladiolenweg;;;;;;16;Dotzheim;;;;;;65201
787;Glarusstraße;;;;;;14;Biebrich;;;;;;65203
461;Gleiwitzer Straße;;;;;;12;Bierstadt;;;;;;65191
462;Glockengasse;;;;;;16;Dotzheim;;;;;;65199
463;Glöcknerstraße;;;;;;24;Igstadt;;;;;;65207
464;Gluckstraße;;;;;;2;Nordost;;;;;;65193
466;Gneisenaustraße;;;;;;8;Westend, Bleichstraße;;;;;;65195
467;Goebenstraße;;;;;;8;Westend, Bleichstraße;;;;;;65195
468;Goerdelerstraße;;;;;;7;Klarenthal;;;;;;65197
3642;Görlitzer Ring;ungerade;1;;41;;13;Erbenheim;;;;;;65205
3642;Görlitzer Ring;gerade;4;;86;;13;Erbenheim;;;;;;65205
3642;Görlitzer Ring;gerade;90;;90;;13;Erbenheim;;;;;;65205
2808;Goethering;;;;;;25;Nordenstadt;;;;;;65205
471;Goethestraße;;;;;;14;Biebrich;;;;;;65203
472;Goldackerweg;;;;;;12;Bierstadt;;;;;;65191
2809;Goldammerweg;;;;;;31;Naurod;;;;;;65207
473;Goldgasse;;;;;;1;Mitte;;;;;;65183
3679;Goldparmänenweg;;;;;;12;Bierstadt;;;;;;65191
474;Goldsteintal;gerade;2;;36;;11;Sonnenberg;;;;;;65207
474;Goldsteintal;gerade;40;;66;;11;Sonnenberg;;;;;;65207
2957;Golfstraße;;;;;;34;Breckenheim;;;;;;65207
2810;Gotenstraße;;;;;;26;Delkenheim;;;;;;65205
476;Gotenweg;;;;;;14;Biebrich;;;;;;65187
5404;Gottfried-Dörr-Straße;;;;;;52;Mz-Kastel;;;;;;55252
477;Gottfried-Kinkel-Straße;;;;;;14;Biebrich;;;;;;65187
478;Grabenstraße;;;;;;1;Mitte;;;;;;65183
2811;Grabenweg;;;;;;25;Nordenstadt;;;;;;65205
480;Graf-Gerlach-Straße;;;;;;11;Sonnenberg;;;;;;65191
481;Graf-von-Galen-Straße;gerade;2;;28;;7;Klarenthal;;;;;;65197
481;Graf-von-Galen-Straße;ungerade;3;;5;;7;Klarenthal;;;;;;65197
481;Graf-von-Galen-Straße;ungerade;11;;37;;7;Klarenthal;;;;;;65197
481;Graf-von-Galen-Straße;gerade;32;;82;;7;Klarenthal;;;;;;65197
5063;Grazer Straße;;;;;;53;Mz-Kostheim;;;;;;55246
482;Greifstraße;;;;;;16;Dotzheim;;;;;;65199
483;Gretelweg;;;;;;16;Dotzheim;;;;;;65199
484;Grillparzerstraße;ungerade;1;;19;;3;Südost;;;;;;65187
484;Grillparzerstraße;gerade;2;;18;A;3;Südost;;;;;;65187
484;Grillparzerstraße;gerade;20;;36;;3;Südost;;;;;;65187
484;Grillparzerstraße;ungerade;23;;41;;3;Südost;;;;;;65187
5064;Grohanlage;;;;;;52;Mz-Kastel;;;;;;55252
3280;Gronaustraße;;;;;;13;Erbenheim;;;;;;65205
1724;Grorother Mühle WP;;;;;;27;Schierstein;;;;;;65201
487;Grorother Straße;ungerade;1;;3;;27;Schierstein;;;;;;65201
487;Grorother Straße;ungerade;17;;17;;27;Schierstein;;;;;;65201
5065;Große Kirchenstraße;;;;;;52;Mz-Kastel;;;;;;55252
488;Großglocknerstraße;;;;;;16;Dotzheim;;;;;;65199
490;Grünweg;;;;;;2;Nordost;;;;;;65189
491;Grundmühlweg;;;;;;14;Biebrich;;;;;;65187
492;Grundweg;;;;;;14;Biebrich;;;;;;65187
493;Gudrunweg;;;;;;11;Sonnenberg;;;;;;65193
2814;Guldenweg;;;;;;32;Auringen;;;;;;65207
495;Guntherstraße;;;;;;3;Südost;;;;;;65205
496;Gustav-Adolf-Straße;;;;;;2;Nordost;;;;;;65195
497;Gustav-Freytag-Straße;;;;;;3;Südost;;;;;;65189
3223;Gustav-Mahler-Straße;;;;;;2;Nordost;;;;;;65193
1736;Gustav-Nachtigal-Straße;;;;;;3;Südost;;;;;;65189
499;Gustav-Stresemann-Ring;ungerade;1;;3;;3;Südost;;;;;;65189
499;Gustav-Stresemann-Ring;gerade;6;;16;;3;Südost;;;;;;65189
499;Gustav-Stresemann-Ring;ungerade;7;;15;;3;Südost;;;;;;65189
5066;Gustavsburger Straße;;;;;;53;Mz-Kostheim;;;;;;55246
500;Gutenbergplatz;;;;;;3;Südost;;;;;;65187
501;Gutenbergstraße;;;;;;3;Südost;;;;;;65187
502;Habelstraße;;;;;;3;Südost;;;;;;65187
2816;Habichtweg;;;;;;25;Nordenstadt;;;;;;65205
503;Habsburgerstraße;;;;;;3;Südost;;;;;;65189
3248;Hackenbaum;;;;;;23;Kloppenheim;;;;;;65207
504;Häfnergasse;;;;;;1;Mitte;;;;;;65183
505;Häherweg;;;;;;16;Dotzheim;;;;;;65199
506;Händelstraße;;;;;;2;Nordost;;;;;;65193
507;Hänselweg;;;;;;16;Dotzheim;;;;;;65199
509;Hafenstraße;ungerade;1;;19;;27;Schierstein;;;;;;65201
509;Hafenstraße;gerade;2;;2;;27;Schierstein;;;;;;65201
510;Hafenweg;;;;;;27;Schierstein;;;;;;65201
511;Hagenauer Straße;;;;;;14;Biebrich;;;;;;65203
512;Hagenstraße;;;;;;3;Südost;;;;;;65205
513;Hahnemannstraße;;;;;;14;Biebrich;;;;;;65203
515;Haideweg;;;;;;11;Sonnenberg;;;;;;65191
3547;Hainbuchenweg;;;;;;32;Auringen;;;;;;65207
2818;Hainweg;;;;;;26;Delkenheim;;;;;;65205
517;Hallgarter Straße;;;;;;6;Rheingauviertel, Hollerborn;;;;;;65197
5067;Hallgarter Straße /Ko;;;;;;53;Mz-Kostheim;;;;;;55246
518;Hambacher Straße;;;;;;14;Biebrich;;;;;;65187
519;Hamburgstraße;;;;;;12;Bierstadt;;;;;;65191
5068;Hambuschstraße;;;;;;51;Mz-Amöneburg;;;;;;65203
5384;Hambuschweg;;;;;;52;Mz-Kastel;;;;;;55252
3329;Hangesheck;;;;;;11;Sonnenberg;;;;;;65193
522;Hans-Böckler-Straße;;;;;;16;Dotzheim;;;;;;65199
693;Hans-Bredow-Straße;;;;;;3;Südost;;;;;;65189
523;Hans-Buttersack-Straße;;;;;;7;Klarenthal;;;;;;65197
524;Hans-Sachs-Straße;;;;;;2;Nordost;;;;;;65189
525;Hans-Thoma-Straße;;;;;;2;Nordost;;;;;;65195
526;Hardtstraße;;;;;;27;Schierstein;;;;;;65201
3503;Harry-Truman-Straße;;;;;;6;Rheingauviertel, Hollerborn;;;;;;65197
527;Hartingstraße;;;;;;2;Nordost;;;;;;65195
2819;Harzstraße;;;;;;26;Delkenheim;;;;;;65205
528;Haseleck;;;;;;23;Kloppenheim;;;;;;65207
529;Haselstraße;;;;;;12;Bierstadt;;;;;;65191
530;Hasengartenstraße;;;;;;3;Südost;;;;;;65189
531;Hasenspitz;;;;;;16;Dotzheim;;;;;;65199
532;Hasenstraße;;;;;;14;Biebrich;;;;;;65197
533;Hattenheimer Straße;;;;;;6;Rheingauviertel, Hollerborn;;;;;;65197
534;Hauberrisserstraße;;;;;;3;Südost;;;;;;65189
535;Hauptstraße;;;;;;24;Igstadt;;;;;;65207
5069;Hauptstraße /Ko;ungerade;1;;1;;53;Mz-Kostheim;;;;;;55246
5069;Hauptstraße /Ko;ungerade;11;;163;;53;Mz-Kostheim;;;;;;55246
5069;Hauptstraße /Ko;gerade;12;;180;A;53;Mz-Kostheim;;;;;;55246
2820;Hauptwache;;;;;;26;Delkenheim;;;;;;65205
536;Haus Echotal WP;;;;;;11;Sonnenberg;;;;;;65193
3318;Haus Gundlach WP;;;;;;31;Naurod;;;;;;65207
537;Haus Hubertus WP;;;;;;2;Nordost;;;;;;65195
540;Haydnstraße;;;;;;2;Nordost;;;;;;65193
541;Hebbelstraße;;;;;;3;Südost;;;;;;65187
2821;Hebbelweg;;;;;;25;Nordenstadt;;;;;;65205
543;Hedwigstraße;;;;;;2;Nordost;;;;;;65191
3670;Heer Street;ungerade;1;;35;;26;Delkenheim;;;;;;65205
3670;Heer Street;gerade;2;;2;;13;Erbenheim;;;;;;65205
2823;Heerstraße;ungerade;1;;15;;25;Nordenstadt;;;;;;65205
2823;Heerstraße;gerade;2;;38;;25;Nordenstadt;;;;;;65205
2823;Heerstraße;ungerade;17;;145;;25;Nordenstadt;;;;;;65205
2823;Heerstraße;gerade;40;;134;;25;Nordenstadt;;;;;;65205
2823;Heerstraße;gerade;136;;138;;25;Nordenstadt;;;;;;65205
544;Hegelstraße;;;;;;2;Nordost;;;;;;65189
546;Heiligenbornstraße;;;;;;3;Südost;;;;;;65187
548;Heinrich-Heine-Straße;;;;;;27;Schierstein;;;;;;65201
549;Heinrich-Pette-Straße;;;;;;12;Bierstadt;;;;;;65191
3543;Heinrich-v.-Brentano-Str.;;;;;;14;Biebrich;;;;;;65197
550;Heinrich-Zille-Straße;;;;;;27;Schierstein;;;;;;65201
551;Heinrichsberg;ungerade;1;;7;;2;Nordost;;;;;;65193
551;Heinrichsberg;gerade;2;;10;;2;Nordost;;;;;;65193
552;Heinz-Ranly-Straße;;;;;;7;Klarenthal;;;;;;65197
3619;Helen-Keller-Straße;;;;;;16;Dotzheim;;;;;;65199
553;Helenenstraße;;;;;;8;Westend, Bleichstraße;;;;;;65183
3570;Helgoländer Straße;;;;;;16;Dotzheim;;;;;;65199
2828;Hellgasse;;;;;;34;Breckenheim;;;;;;65207
554;Hellkundweg;;;;;;2;Nordost;;;;;;65193
555;Hellmundstraße;;;;;;8;Westend, Bleichstraße;;;;;;65183
556;Helmholtzstraße;;;;;;16;Dotzheim;;;;;;65199
557;Henkellstraße;;;;;;14;Biebrich;;;;;;65187
558;Heppenheimerstraße;;;;;;14;Biebrich;;;;;;65203
560;Herderstraße;;;;;;1;Mitte;;;;;;65185
561;Hergenhahnstraße;;;;;;2;Nordost;;;;;;65193
562;Hermann-Brill-Straße;;;;;;7;Klarenthal;;;;;;65197
1777;Hermann-Gitter-Straße;;;;;;6;Rheingauviertel, Hollerborn;;;;;;65195
2829;Hermann-Hesse-Straße;;;;;;31;Naurod;;;;;;65207
563;Hermann-Jansen-Straße;;;;;;3;Südost;;;;;;65189
564;Hermann-Kaiser-Straße;;;;;;7;Klarenthal;;;;;;65197
565;Hermann-Löns-Straße;;;;;;27;Schierstein;;;;;;65201
566;Hermannstraße;;;;;;8;Westend, Bleichstraße;;;;;;65183
568;Herminenstraße;;;;;;2;Nordost;;;;;;65191
5070;Herrenstraße;;;;;;53;Mz-Kostheim;;;;;;55246
569;Herrnbergstraße;;;;;;28;Frauenstein;;;;;;65201
570;Herrngartenstraße;;;;;;1;Mitte;;;;;;65185
571;Herrnmühlgasse;;;;;;1;Mitte;;;;;;65183
572;Herschelstraße;;;;;;2;Nordost;;;;;;65193
3631;Hertha-Genzmer-Straße;;;;;;6;Rheingauviertel, Hollerborn;;;;;;65197
573;Hertzstraße;;;;;;16;Dotzheim;;;;;;65199
574;Herzogsplatz;;;;;;14;Biebrich;;;;;;65203
575;Herzogsweg;ungerade;1;;7;;2;Nordost;;;;;;65193
575;Herzogsweg;gerade;2;;12;;2;Nordost;;;;;;65193
2831;Hessenring;;;;;;25;Nordenstadt;;;;;;65205
576;Hessenstraße;;;;;;12;Bierstadt;;;;;;65191
5072;Heßlerweg;;;;;;53;Mz-Kostheim;;;;;;55246
577;Heßlocher Straße;;;;;;23;Kloppenheim;;;;;;65207
578;Heßstraße;;;;;;2;Nordost;;;;;;65189
579;Hildastraße;;;;;;2;Nordost;;;;;;65189
5073;Hilgersstraße;;;;;;51;Mz-Amöneburg;;;;;;65203
2833;Himbeerweg;;;;;;31;Naurod;;;;;;65207
3326;Himmelreich WP;;;;;;16;Dotzheim;;;;;;65201
5208;Hinter dem Gotthelf;;;;;;53;Mz-Kostheim;;;;;;55246
583;Hinterbergstraße;;;;;;24;Igstadt;;;;;;65207
5076;Hintere Steinchenstraße;ungerade;1;;19;;53;Mz-Kostheim;;;;;;55246
5076;Hintere Steinchenstraße;gerade;4;;4;;53;Mz-Kostheim;;;;;;55246
5076;Hintere Steinchenstraße;gerade;8;;16;A;53;Mz-Kostheim;;;;;;55246
56;Hirschgartenstraße;;;;;;22;Heßloch;;;;;;65207
585;Hirschgraben;;;;;;1;Mitte;;;;;;65183
586;Hirtenstraße;ungerade;1;;63;;11;Sonnenberg;;;;;;65193
586;Hirtenstraße;gerade;2;;48;;11;Sonnenberg;;;;;;65193
586;Hirtenstraße;ungerade;117;;121;;11;Sonnenberg;;;;;;65193
5270;Hochheimer Straße;ungerade;1;;13;;52;Mz-Kastel;;;;;;55252
5270;Hochheimer Straße;gerade;2;;190;;53;Mz-Kostheim;;;;;;55246
5270;Hochheimer Straße;ungerade;23;;151;;53;Mz-Kostheim;;;;;;55246
5270;Hochheimer Straße;ungerade;169;;217;;53;Mz-Kostheim;;;;;;55246
588;Hochstättenstraße;;;;;;1;Mitte;;;;;;65183
589;Hochstraße;;;;;;2;Nordost;;;;;;65195
140;Hockenberger Höhe;ungerade;1;;3;;23;Kloppenheim;;;;;;65207
140;Hockenberger Höhe;gerade;2;;2;;23;Kloppenheim;;;;;;65207
140;Hockenberger Höhe;gerade;4;;6;;23;Kloppenheim;;;;;;65207
140;Hockenberger Höhe;ungerade;5;;11;;23;Kloppenheim;;;;;;65207
2842;Hockenbergstraße;;;;;;33;Medenbach;;;;;;65207
592;Höchster Straße;;;;;;14;Biebrich;;;;;;65203
593;Höhenstraße;;;;;;11;Sonnenberg;;;;;;65193
2843;Höhenweg;;;;;;32;Auringen;;;;;;65207
594;Hölderlinstraße;;;;;;3;Südost;;;;;;65187
595;Höllbergstraße;;;;;;27;Schierstein;;;;;;65201
1819;Hof Armada WP;;;;;;28;Frauenstein;;;;;;65201
3253;Hof Ewigsborn WP;;;;;;34;Breckenheim;;;;;;65207
3316;Hof Honigberg WP;;;;;;24;Igstadt;;;;;;65207
599;Hof Niederfeld WP;;;;;;12;Bierstadt;;;;;;65207
2844;Hofäckerstraße;ungerade;1;;25;;31;Naurod;;;;;;65207
2844;Hofäckerstraße;gerade;2;;4;;31;Naurod;;;;;;65207
2844;Hofäckerstraße;gerade;6;;34;;31;Naurod;;;;;;65207
1019;Hofgartenplatz;;;;;;11;Sonnenberg;;;;;;65191
600;Hofmannstraße;ungerade;1;;1;;12;Bierstadt;;;;;;65191
600;Hofmannstraße;ungerade;1;A;1;B;12;Bierstadt;;;;;;65191
600;Hofmannstraße;ungerade;1;C;23;;12;Bierstadt;;;;;;65191
600;Hofmannstraße;gerade;2;;2;A;12;Bierstadt;;;;;;65191
600;Hofmannstraße;gerade;2;B;2;D;12;Bierstadt;;;;;;65191
600;Hofmannstraße;gerade;4;;20;;12;Bierstadt;;;;;;65191
601;Hofstraße;;;;;;12;Bierstadt;;;;;;65191
602;Hohenloheplatz;;;;;;2;Nordost;;;;;;65193
603;Hohenlohestraße;;;;;;2;Nordost;;;;;;65193
993;Hohenstaufenstraße;;;;;;3;Südost;;;;;;65189
605;Hohlstraße;;;;;;16;Dotzheim;;;;;;65199
606;Holbeinstraße;ungerade;1;;19;;2;Nordost;;;;;;65195
606;Holbeinstraße;gerade;4;;46;;2;Nordost;;;;;;65195
606;Holbeinstraße;ungerade;27;;33;;2;Nordost;;;;;;65195
606;Holbeinstraße;gerade;50;;64;;2;Nordost;;;;;;65195
607;Holländische Straße;;;;;;16;Dotzheim;;;;;;65199
1833;Hollerbornstraße;ungerade;1;A;13;;6;Rheingauviertel, Hollerborn;;;;;;65197
1833;Hollerbornstraße;gerade;6;;38;;6;Rheingauviertel, Hollerborn;;;;;;65197
1833;Hollerbornstraße;gerade;50;;82;;6;Rheingauviertel, Hollerborn;;;;;;65197
1833;Hollerbornstraße;ungerade;55;;85;;6;Rheingauviertel, Hollerborn;;;;;;65197
609;Hollergasse;;;;;;16;Dotzheim;;;;;;65199
610;Hollermorgenstraße;;;;;;16;Dotzheim;;;;;;65199
1837;Holsteinstraße;;;;;;14;Biebrich;;;;;;65187
2845;Holunderweg;;;;;;32;Auringen;;;;;;65207
1839;Holzstraße;gerade;4;;30;A;6;Rheingauviertel, Hollerborn;;;;;;65197
1839;Holzstraße;ungerade;5;;51;;16;Dotzheim;;;;;;65197
1839;Holzstraße;gerade;34;;48;A;16;Dotzheim;;;;;;65197
1839;Holzstraße;gerade;60;;60;;6;Rheingauviertel, Hollerborn;;;;;;65197
3218;Holzweg;;;;;;25;Nordenstadt;;;;;;65205
616;Homburger Straße;;;;;;6;Rheingauviertel, Hollerborn;;;;;;65197
617;Honeggerstraße;;;;;;2;Nordost;;;;;;65193
618;Honiggasse;;;;;;12;Bierstadt;;;;;;65191
620;Hopfgartenstraße;;;;;;14;Biebrich;;;;;;65203
2787;Horchheimer Straße;;;;;;25;Nordenstadt;;;;;;65205
3579;Hortensienweg;;;;;;16;Dotzheim;;;;;;65201
623;Hubertusstraße;;;;;;14;Biebrich;;;;;;65203
624;Hügelstraße;;;;;;12;Bierstadt;;;;;;65191
625;Hüglerstraße;;;;;;14;Biebrich;;;;;;65203
626;Hünefeldstraße;;;;;;13;Erbenheim;;;;;;65205
627;Hüttenstraße;;;;;;27;Schierstein;;;;;;65201
5079;Hugo-Wolf-Straße;;;;;;53;Mz-Kostheim;;;;;;55246
628;Humboldtstraße;;;;;;3;Südost;;;;;;65189
629;Humperdinckstraße;;;;;;2;Nordost;;;;;;65193
630;Hundsgasse;;;;;;13;Erbenheim;;;;;;65205
631;Hundshofweg;;;;;;13;Erbenheim;;;;;;65205
2849;Hunsrückstraße;;;;;;25;Nordenstadt;;;;;;65205
632;Huttenstraße;;;;;;16;Dotzheim;;;;;;65199
633;Idsteiner Straße;ungerade;1;;59;;2;Nordost;;;;;;65193
633;Idsteiner Straße;gerade;2;;54;;2;Nordost;;;;;;65193
633;Idsteiner Straße;ungerade;97;;111;;11;Sonnenberg;;;;;;65193
3589;Iffenbaumweg;;;;;;25;Nordenstadt;;;;;;65205
636;Igstadter Straße;ungerade;1;;37;;12;Bierstadt;;;;;;65191
636;Igstadter Straße;gerade;2;;12;;12;Bierstadt;;;;;;65191
636;Igstadter Straße;gerade;36;;50;;12;Bierstadt;;;;;;65207
636;Igstadter Straße;ungerade;43;;73;C;12;Bierstadt;;;;;;65207
637;Illstraße;;;;;;27;Schierstein;;;;;;65201
3222;Iltisweg;;;;;;14;Biebrich;;;;;;65197
1850;Im Alten Schwaben Distrik;;;;;;16;Dotzheim;;;;;;65199
2851;Im Beinfeld;;;;;;33;Medenbach;;;;;;65207
2852;Im Birkenstück;;;;;;33;Medenbach;;;;;;65207
3393;Im Boden;;;;;;13;Erbenheim;;;;;;65205
2854;Im Brückfeld;;;;;;33;Medenbach;;;;;;65207
5080;Im Fort Montebello;;;;;;52;Mz-Kastel;;;;;;55252
2856;Im Gebück;;;;;;32;Auringen;;;;;;65207
3317;Im Gierengewann;;;;;;33;Medenbach;;;;;;65207
2858;Im Hasengarten;;;;;;26;Delkenheim;;;;;;65205
1115;Im Herzen;;;;;;13;Erbenheim;;;;;;65205
2860;Im Hopfengarten;;;;;;32;Auringen;;;;;;65207
3273;Im Klaf;;;;;;31;Naurod;;;;;;65207
639;Im Kleinboden;;;;;;14;Biebrich;;;;;;65203
640;Im Kreuzer;;;;;;14;Biebrich;;;;;;65199
3698;Im Ländchen;;;;;;26;Delkenheim;;;;;;65205
641;Im Lindegewann;;;;;;12;Bierstadt;;;;;;65191
642;Im Mühltal;;;;;;14;Biebrich;;;;;;65187
2870;Im Nachtschatten;;;;;;25;Nordenstadt;;;;;;65205
5468;Im Peedsche;;;;;;53;Mz-Kostheim;;;;;;55246
643;Im Rad;;;;;;6;Rheingauviertel, Hollerborn;;;;;;65197
3260;Im Remies;;;;;;33;Medenbach;;;;;;65207
644;Im Rosenfeld;;;;;;14;Biebrich;;;;;;65203
5081;Im Sachsengraben;;;;;;53;Mz-Kostheim;;;;;;55246
5205;Im Sampel;;;;;;53;Mz-Kostheim;;;;;;55246
5082;Im Sand;;;;;;52;Mz-Kastel;;;;;;55252
5083;Im See;;;;;;53;Mz-Kostheim;;;;;;55246
2873;Im Seiffen;;;;;;32;Auringen;;;;;;65207
750;Im Sinzengründchen WP;;;;;;28;Frauenstein;;;;;;65199
43;Im Weingarten;;;;;;28;Frauenstein;;;;;;65201
646;Im Wiesengrund;;;;;;16;Dotzheim;;;;;;65199
5084;Im Zwetschenfeld;;;;;;53;Mz-Kostheim;;;;;;55246
647;Imaginastraße;;;;;;14;Biebrich;;;;;;65203
648;Imkerweg;;;;;;12;Bierstadt;;;;;;65191
1475;In den Erlen;;;;;;13;Erbenheim;;;;;;65207
3277;In den Langen Ruten;;;;;;32;Auringen;;;;;;65207
2890;In der Hofreite;;;;;;33;Medenbach;;;;;;65207
2891;In der Hohl;;;;;;32;Auringen;;;;;;65207
1948;In der Lach;;;;;;21;Rambach;;;;;;65207
5085;In der Witz;ungerade;1;;61;;52;Mz-Kastel;;;;;;55252
5085;In der Witz;gerade;10;;12;;52;Mz-Kastel;;;;;;55252
5085;In der Witz;gerade;12;A;12;A;52;Mz-Kastel;;;;;;55252
5085;In der Witz;gerade;20;;38;;52;Mz-Kastel;;;;;;55252
3684;Ingrid-Marie-Weg;;;;;;12;Bierstadt;;;;;;65191
3307;Ingwerweg;;;;;;11;Sonnenberg;;;;;;65191
5086;Innsbrucker Straße;;;;;;53;Mz-Kostheim;;;;;;55246
3686;Insterburger Weg;;;;;;12;Bierstadt;;;;;;65191
652;Irenenstraße;ungerade;1;;9;;2;Nordost;;;;;;65189
652;Irenenstraße;gerade;4;;10;;2;Nordost;;;;;;65189
652;Irenenstraße;ungerade;13;;23;;2;Nordost;;;;;;65191
652;Irenenstraße;gerade;14;;28;;2;Nordost;;;;;;65191
652;Irenenstraße;ungerade;25;;35;;12;Bierstadt;;;;;;65191
652;Irenenstraße;gerade;32;;42;;12;Bierstadt;;;;;;65191
654;Irmengardstraße;;;;;;11;Sonnenberg;;;;;;65191
3683;Jacob-Lebel-Weg;;;;;;12;Bierstadt;;;;;;65191
655;Jägerstraße;;;;;;14;Biebrich;;;;;;65187
1518;Jagdweg;;;;;;22;Heßloch;;;;;;65207
656;Jahnstraße;;;;;;1;Mitte;;;;;;65185
76;Jakob-Kaiser-Straße;;;;;;16;Dotzheim;;;;;;65199
5410;Jakob-Schick-Straße;;;;;;52;Mz-Kastel;;;;;;55252
658;Jakobsgasse;;;;;;21;Rambach;;;;;;65207
2898;Jasminstraße;;;;;;31;Naurod;;;;;;65207
659;Jawlenskystraße;;;;;;1;Mitte;;;;;;65183
3497;Jean-Monnet-Straße;;;;;;6;Rheingauviertel, Hollerborn;;;;;;65197
2899;Jenaer Straße;;;;;;25;Nordenstadt;;;;;;65205
660;Joachim-Ringelnatz-Straße;;;;;;27;Schierstein;;;;;;65201
664;Johann-Sebastian-Bach-Str;;;;;;2;Nordost;;;;;;65193
992;Johannes-Brahms-Straße;;;;;;2;Nordost;;;;;;65193
5087;Johannes-Goßner-Straße;;;;;;52;Mz-Kastel;;;;;;55252
661;Johannes-Maaß-Straße;;;;;;2;Nordost;;;;;;65193
5088;Johannesstraße;;;;;;53;Mz-Kostheim;;;;;;55246
662;Johannisberger Straße;;;;;;6;Rheingauviertel, Hollerborn;;;;;;65197
665;John-F.-Kennedy-Straße;;;;;;3;Südost;;;;;;65189
666;Jonas-Schmidt-Straße;;;;;;2;Nordost;;;;;;65193
1971;Josef-Brix-Straße;;;;;;14;Biebrich;;;;;;65187
1136;Josef-Siegfried-Gasse;;;;;;16;Dotzheim;;;;;;65199
5089;Josefinenanlage;;;;;;52;Mz-Kastel;;;;;;55252
670;Josefstraße;ungerade;1;;21;;16;Dotzheim;;;;;;65199
670;Josefstraße;gerade;4;;24;;16;Dotzheim;;;;;;65199
670;Josefstraße;gerade;26;;42;;16;Dotzheim;;;;;;65199
671;Joseph-Baum-Haus WP;;;;;;16;Dotzheim;;;;;;65199
3441;Juister Straße;;;;;;16;Dotzheim;;;;;;65199
672;Juliusstraße;;;;;;3;Südost;;;;;;65189
673;Jungferngartenstraße;;;;;;11;Sonnenberg;;;;;;65193
2901;Junkernstraße;;;;;;25;Nordenstadt;;;;;;65205
674;Jupiterstraße;;;;;;12;Bierstadt;;;;;;65191
675;Kärntner Straße;;;;;;14;Biebrich;;;;;;65187
676;Käthe-Kollwitz-Straße;;;;;;12;Bierstadt;;;;;;65191
677;Kaiser-Friedrich-Platz;;;;;;1;Mitte;;;;;;65183
678;Kaiser-Friedrich-Ring;ungerade;1;;37;;6;Rheingauviertel, Hollerborn;;;;;;65185
678;Kaiser-Friedrich-Ring;gerade;2;;8;;1;Mitte;;;;;;65185
678;Kaiser-Friedrich-Ring;gerade;10;;76;;1;Mitte;;;;;;65185
678;Kaiser-Friedrich-Ring;ungerade;39;;73;;3;Südost;;;;;;65185
678;Kaiser-Friedrich-Ring;ungerade;75;;81;;3;Südost;;;;;;65185
678;Kaiser-Friedrich-Ring;gerade;78;;98;;1;Mitte;;;;;;65185
679;Kaiser-Friedrich-Straße;;;;;;11;Sonnenberg;;;;;;65193
680;Kaiser-Wilhelm-Straße;;;;;;11;Sonnenberg;;;;;;65193
3304;Kamilleweg;;;;;;11;Sonnenberg;;;;;;65191
681;Kantstraße;;;;;;11;Sonnenberg;;;;;;65191
682;Kanzelstraße;;;;;;12;Bierstadt;;;;;;65191
683;Kapellenstraße;;;;;;2;Nordost;;;;;;65193
684;Kappenbergweg;;;;;;12;Bierstadt;;;;;;65191
686;Kappesgarten;;;;;;12;Bierstadt;;;;;;65191
688;Karawankenstraße;;;;;;14;Biebrich;;;;;;65187
2710;Karl-Albert-Straße;ungerade;1;;79;;34;Breckenheim;;;;;;65207
2710;Karl-Albert-Straße;gerade;2;;72;;34;Breckenheim;;;;;;65207
2710;Karl-Albert-Straße;ungerade;97;;99;;34;Breckenheim;;;;;;65207
1982;Karl-Arnold-Straße;ungerade;1;;5;;16;Dotzheim;;;;;;65199
1982;Karl-Arnold-Straße;gerade;2;;6;C;16;Dotzheim;;;;;;65199
1982;Karl-Arnold-Straße;gerade;10;;16;;16;Dotzheim;;;;;;65199
1982;Karl-Arnold-Straße;ungerade;13;;21;;16;Dotzheim;;;;;;65199
689;Karl-Böhm-Straße;;;;;;2;Nordost;;;;;;65193
690;Karl-Boos-Straße;;;;;;2;Nordost;;;;;;65195
2513;Karl-Drebert-Straße;;;;;;13;Erbenheim;;;;;;65205
848;Karl-Glässing-Straße;;;;;;1;Mitte;;;;;;65183
1983;Karl-Josef-Schlitt-Straße;;;;;;6;Rheingauviertel, Hollerborn;;;;;;65195
1984;Karl-Legien-Straße;;;;;;16;Dotzheim;;;;;;65199
692;Karl-Lehr-Straße;;;;;;27;Schierstein;;;;;;65201
1985;Karl-Marx-Straße;;;;;;16;Dotzheim;;;;;;65199
3601;Karl-Pracht-Straße;;;;;;27;Schierstein;;;;;;65201
694;Karl-Sulzbach-Straße;;;;;;12;Bierstadt;;;;;;65191
697;Karlsbader Platz;ungerade;1;;1;;6;Rheingauviertel, Hollerborn;;;;;;65197
697;Karlsbader Platz;gerade;4;;16;;6;Rheingauviertel, Hollerborn;;;;;;65197
3230;Karlsruher Straße;;;;;;26;Delkenheim;;;;;;65205
698;Karlstraße;ungerade;1;;11;;1;Mitte;;;;;;65185
698;Karlstraße;gerade;2;;10;;1;Mitte;;;;;;65185
698;Karlstraße;ungerade;13;;41;;1;Mitte;;;;;;65185
698;Karlstraße;gerade;16;;44;;1;Mitte;;;;;;65185
699;Karrnweg;;;;;;16;Dotzheim;;;;;;65199
2904;Kastanienweg;;;;;;31;Naurod;;;;;;65207
700;Kasteler Straße;ungerade;1;;21;;14;Biebrich;;;;;;65203
700;Kasteler Straße;gerade;8;;44;;14;Biebrich;;;;;;65203
700;Kasteler Straße;ungerade;45;;45;;14;Biebrich;;;;;;65203
701;Kastellstraße;;;;;;1;Mitte;;;;;;65183
702;Kauber Straße;;;;;;6;Rheingauviertel, Hollerborn;;;;;;65197
703;Kehrstraße;ungerade;1;;31;;21;Rambach;;;;;;65207
703;Kehrstraße;gerade;2;;50;;21;Rambach;;;;;;65207
703;Kehrstraße;ungerade;33;;49;;21;Rambach;;;;;;65207
5416;Keilsbaum;;;;;;52;Mz-Kastel;;;;;;55252
2906;Kellerskopf WP;;;;;;31;Naurod;;;;;;65207
2907;Kellerskopfstraße;ungerade;3;;11;;31;Naurod;;;;;;65207
2907;Kellerskopfstraße;gerade;4;;18;;31;Naurod;;;;;;65207
2907;Kellerskopfstraße;ungerade;13;;27;;31;Naurod;;;;;;65207
704;Kellerskopfweg;;;;;;21;Rambach;;;;;;65207
705;Kellerstraße;ungerade;1;;19;;1;Mitte;;;;;;65183
705;Kellerstraße;gerade;4;;22;;1;Mitte;;;;;;65183
705;Kellerstraße;ungerade;21;;23;;2;Nordost;;;;;;65183
705;Kellerstraße;ungerade;25;;33;;1;Mitte;;;;;;65183
705;Kellerstraße;ungerade;35;;39;;2;Nordost;;;;;;65183
706;Keltenweg;;;;;;14;Biebrich;;;;;;65187
707;Kemmelweg;;;;;;11;Sonnenberg;;;;;;65191
708;Keplerstraße;;;;;;2;Nordost;;;;;;65193
709;Kesselbachstraße;;;;;;2;Nordost;;;;;;65195
710;Kettelerstraße;;;;;;11;Sonnenberg;;;;;;65193
711;Kettenbornstraße;;;;;;27;Schierstein;;;;;;65201
3580;Kettenlache;;;;;;14;Biebrich;;;;;;65205
714;Kettingsacker;;;;;;16;Dotzheim;;;;;;65199
3553;Kiebitzweg;;;;;;25;Nordenstadt;;;;;;65205
715;Kiedricher Straße;;;;;;6;Rheingauviertel, Hollerborn;;;;;;65197
5092;Kiedricher Straße /Ko;;;;;;53;Mz-Kostheim;;;;;;55246
5093;Kiefernstraße;;;;;;53;Mz-Kostheim;;;;;;55246
2909;Kiefernweg;;;;;;26;Delkenheim;;;;;;65205
5094;Kilianstraße;;;;;;53;Mz-Kostheim;;;;;;55246
717;Kirchbachstraße;ungerade;1;;9;;2;Nordost;;;;;;65189
717;Kirchbachstraße;gerade;2;;10;;2;Nordost;;;;;;65189
717;Kirchbachstraße;gerade;12;;28;;2;Nordost;;;;;;65191
717;Kirchbachstraße;ungerade;13;;23;;2;Nordost;;;;;;65191
717;Kirchbachstraße;ungerade;25;;39;;12;Bierstadt;;;;;;65191
717;Kirchbachstraße;gerade;30;;44;;12;Bierstadt;;;;;;65191
719;Kirchbornstraße;;;;;;12;Bierstadt;;;;;;65191
2918;Kirchenhügel;;;;;;32;Auringen;;;;;;65207
3613;Kirchenstück;;;;;;26;Delkenheim;;;;;;65205
720;Kirchgasse;ungerade;1;;29;;1;Mitte;;;;;;65185
720;Kirchgasse;gerade;2;;34;;1;Mitte;;;;;;65185
720;Kirchgasse;ungerade;31;;53;;1;Mitte;;;;;;65183
720;Kirchgasse;gerade;36;;80;;1;Mitte;;;;;;65183
2919;Kirchhohl;ungerade;1;;3;;31;Naurod;;;;;;65207
2919;Kirchhohl;gerade;2;;26;;31;Naurod;;;;;;65207
2919;Kirchhohl;ungerade;5;;15;;31;Naurod;;;;;;65207
2919;Kirchhohl;gerade;28;;40;;31;Naurod;;;;;;65207
5095;Kirchplatz;;;;;;53;Mz-Kostheim;;;;;;55246
2920;Kirchspiel;;;;;;26;Delkenheim;;;;;;65205
721;Kirchweg;;;;;;21;Rambach;;;;;;65207
3321;Kirschbaum BWHS WP;;;;;;13;Erbenheim;;;;;;65205
722;Kirschberg;;;;;;23;Kloppenheim;;;;;;65207
2544;Kirschblütenstraße;gerade;2;;74;;28;Frauenstein;;;;;;65201
2544;Kirschblütenstraße;ungerade;3;;83;;28;Frauenstein;;;;;;65201
2544;Kirschblütenstraße;ungerade;85;;93;;28;Frauenstein;;;;;;65201
2544;Kirschblütenstraße;gerade;90;;90;;28;Frauenstein;;;;;;65201
2713;Kirschenbergstraße;;;;;;33;Medenbach;;;;;;65207
723;Kirschenpfad;;;;;;6;Rheingauviertel, Hollerborn;;;;;;65195
724;Kitzelbergstraße;ungerade;1;;17;A;21;Rambach;;;;;;65207
724;Kitzelbergstraße;gerade;2;;32;;21;Rambach;;;;;;65207
724;Kitzelbergstraße;ungerade;19;;19;;21;Rambach;;;;;;65207
725;Klagenfurter Ring;;;;;;14;Biebrich;;;;;;65187
5096;Klagenfurter Straße;;;;;;53;Mz-Kostheim;;;;;;55246
726;Klarenthaler Straße;ungerade;1;;5;;6;Rheingauviertel, Hollerborn;;;;;;65197
726;Klarenthaler Straße;gerade;2;;10;;6;Rheingauviertel, Hollerborn;;;;;;65197
726;Klarenthaler Straße;ungerade;7;;23;;8;Westend, Bleichstraße;;;;;;65197
726;Klarenthaler Straße;gerade;12;;34;;6;Rheingauviertel, Hollerborn;;;;;;65197
726;Klarenthaler Straße;ungerade;25;;25;;6;Rheingauviertel, Hollerborn;;;;;;65197
726;Klarenthaler Straße;ungerade;29;;133;;6;Rheingauviertel, Hollerborn;;;;;;65197
726;Klarenthaler Straße;gerade;44;;80;;6;Rheingauviertel, Hollerborn;;;;;;65197
726;Klarenthaler Straße;gerade;80;A;80;B;6;Rheingauviertel, Hollerborn;;;;;;65197
726;Klarenthaler Straße;gerade;82;;82;;6;Rheingauviertel, Hollerborn;;;;;;65197
726;Klarenthaler Straße;gerade;86;;86;;7;Klarenthal;;;;;;65197
726;Klarenthaler Straße;gerade;88;;88;;6;Rheingauviertel, Hollerborn;;;;;;65197
726;Klarenthaler Straße;gerade;90;;90;;7;Klarenthal;;;;;;65197
2922;Kleiberweg;;;;;;31;Naurod;;;;;;65207
727;Kleinaustraße;;;;;;27;Schierstein;;;;;;65201
5097;Kleine Berberichstraße;;;;;;53;Mz-Kostheim;;;;;;55246
5388;Kleine Burgstraße;;;;;;53;Mz-Kostheim;;;;;;55246
728;Kleine Frankfurter Straße;;;;;;3;Südost;;;;;;65189
5099;Kleine Kirchenstraße;;;;;;52;Mz-Kastel;;;;;;55252
729;Kleine Kirchgasse;;;;;;1;Mitte;;;;;;65183
730;Kleine Langgasse;;;;;;1;Mitte;;;;;;65183
731;Kleine Oberstraße;;;;;;23;Kloppenheim;;;;;;65207
732;Kleine Schwalbacher Str;;;;;;1;Mitte;;;;;;65183
733;Kleine Straße;;;;;;24;Igstadt;;;;;;65207
5100;Kleine Taunusstraße;;;;;;53;Mz-Kostheim;;;;;;55246
734;Kleine Vorderstraße;;;;;;23;Kloppenheim;;;;;;65207
735;Kleine Weinbergstraße;;;;;;2;Nordost;;;;;;65193
736;Kleine Wilhelmstraße;;;;;;2;Nordost;;;;;;65189
2015;Kleinfeldchen;ungerade;1;;1;;6;Rheingauviertel, Hollerborn;;;;;;65197
2015;Kleinfeldchen;gerade;2;;2;;6;Rheingauviertel, Hollerborn;;;;;;65197
2015;Kleinfeldchen;gerade;6;;6;;6;Rheingauviertel, Hollerborn;;;;;;65197
2015;Kleinfeldchen;ungerade;7;;7;;6;Rheingauviertel, Hollerborn;;;;;;65197
738;Kleiststraße;;;;;;3;Südost;;;;;;65187
3211;Klingenbachstraße;;;;;;34;Breckenheim;;;;;;65207
3164;Klingenmühle WP;;;;;;34;Breckenheim;;;;;;65207
739;Klingerstraße;;;;;;2;Nordost;;;;;;65195
3598;Klingholzstraße;ungerade;1;;7;;3;Südost;;;;;;65189
3598;Klingholzstraße;gerade;6;;6;;3;Südost;;;;;;65189
3598;Klingholzstraße;gerade;8;;22;;3;Südost;;;;;;65189
5101;Kloberstraße;;;;;;52;Mz-Kastel;;;;;;55252
740;Kloppenheimer Steige;;;;;;11;Sonnenberg;;;;;;65191
741;Kloppenheimer Straße;;;;;;12;Bierstadt;;;;;;65191
3569;Kloppenheimer Weg;;;;;;12;Bierstadt;;;;;;65191
743;Klopstockstraße;;;;;;3;Südost;;;;;;65187
2021;Klosterbruch;;;;;;7;Klarenthal;;;;;;65195
2925;Klostereck;;;;;;26;Delkenheim;;;;;;65205
746;Klosterpfad;gerade;2;;6;A;16;Dotzheim;;;;;;65199
746;Klosterpfad;gerade;8;;8;;16;Dotzheim;;;;;;65199
748;Knausstraße;;;;;;2;Nordost;;;;;;65195
749;Kneippstraße;;;;;;14;Biebrich;;;;;;65203
751;Kochbrunnenplatz;;;;;;1;Mitte;;;;;;65183
752;Köhlstraße;;;;;;13;Erbenheim;;;;;;65205
2927;Kölner Straße;;;;;;26;Delkenheim;;;;;;65205
753;König-Adolf-Straße;;;;;;11;Sonnenberg;;;;;;65191
754;König-Drosselbart-Weg;;;;;;16;Dotzheim;;;;;;65199
755;Königsberger Straße;;;;;;12;Bierstadt;;;;;;65191
756;Königsteiner Straße;;;;;;6;Rheingauviertel, Hollerborn;;;;;;65197
757;Königstuhlstraße;ungerade;3;;5;;2;Nordost;;;;;;65193
757;Königstuhlstraße;gerade;4;;4;;2;Nordost;;;;;;65193
757;Königstuhlstraße;gerade;6;;20;;2;Nordost;;;;;;65193
757;Königstuhlstraße;ungerade;15;;23;A;2;Nordost;;;;;;65193
758;Köpenicker Straße;;;;;;13;Erbenheim;;;;;;65205
759;Köpfchenweg;;;;;;12;Bierstadt;;;;;;65191
760;Körnerstraße;;;;;;1;Mitte;;;;;;65185
761;Kohlheckstraße;;;;;;16;Dotzheim;;;;;;65199
762;Kolberger Straße;;;;;;12;Bierstadt;;;;;;65191
763;Kolpingstraße;;;;;;12;Bierstadt;;;;;;65191
5480;Kommerzienrat-Disch-Brück;;;;;;53;Mz-Kostheim;;;;;;55246
2026;Konrad-Adenauer-Ring;ungerade;1;;21;;6;Rheingauviertel, Hollerborn;;;;;;65187
2026;Konrad-Adenauer-Ring;gerade;20;;44;;3;Südost;;;;;;65187
2026;Konrad-Adenauer-Ring;ungerade;25;;53;;3;Südost;;;;;;65187
2026;Konrad-Adenauer-Ring;ungerade;55;;57;;14;Biebrich;;;;;;65187
2026;Konrad-Adenauer-Ring;gerade;60;;80;;3;Südost;;;;;;65187
2026;Konrad-Adenauer-Ring;ungerade;71;;73;;14;Biebrich;;;;;;65187
764;Konrad-Arndt-Straße;;;;;;7;Klarenthal;;;;;;65197
3640;Konradinerallee;;;;;;3;Südost;;;;;;65189
765;Konradinstraße;;;;;;13;Erbenheim;;;;;;65205
766;Kopernikusstraße;;;;;;2;Nordost;;;;;;65193
3270;Korianderstraße;;;;;;11;Sonnenberg;;;;;;65191
3617;Kormoranweg;;;;;;27;Schierstein;;;;;;65201
767;Kornblumenweg;;;;;;16;Dotzheim;;;;;;65201
5102;Kostheimer Landstraße;ungerade;3;;15;;53;Mz-Kostheim;;;;;;55246
5102;Kostheimer Landstraße;gerade;4;;12;;53;Mz-Kostheim;;;;;;55246
5102;Kostheimer Landstraße;ungerade;17;;29;;53;Mz-Kostheim;;;;;;55246
5102;Kostheimer Landstraße;gerade;20;;44;;53;Mz-Kostheim;;;;;;55246
5102;Kostheimer Landstraße;ungerade;61;;89;;53;Mz-Kostheim;;;;;;55246
5102;Kostheimer Landstraße;gerade;70;;78;;53;Mz-Kostheim;;;;;;55246
768;Krähenweg;;;;;;16;Dotzheim;;;;;;65199
769;Kranichstraße;;;;;;16;Dotzheim;;;;;;65199
770;Kranzplatz;;;;;;1;Mitte;;;;;;65183
5103;Krauseneckstraße;ungerade;3;;9;I;53;Mz-Kostheim;;;;;;55246
5103;Krauseneckstraße;gerade;6;;26;D;52;Mz-Kastel;;;;;;55252
771;Krautgartenstraße;;;;;;13;Erbenheim;;;;;;65205
5104;Krautgartenweg;;;;;;52;Mz-Kastel;;;;;;55252
772;Kreidelstraße;;;;;;2;Nordost;;;;;;65193
773;Kreitzstraße;;;;;;14;Biebrich;;;;;;65203
3560;Krembergstraße;;;;;;27;Schierstein;;;;;;65201
774;Kreutzerstraße;;;;;;2;Nordost;;;;;;65193
2539;Kreuzberger Ring;ungerade;1;;3;C;13;Erbenheim;;;;;;65205
2539;Kreuzberger Ring;gerade;4;;4;;13;Erbenheim;;;;;;65205
2539;Kreuzberger Ring;ungerade;5;;29;B;13;Erbenheim;;;;;;65205
2539;Kreuzberger Ring;gerade;6;;74;A;13;Erbenheim;;;;;;65205
2539;Kreuzberger Ring;ungerade;31;;45;;13;Erbenheim;;;;;;65205
2539;Kreuzberger Ring;gerade;76;;76;;13;Erbenheim;;;;;;65205
775;Kreuzbergstraße;ungerade;1;;9;;11;Sonnenberg;;;;;;65193
775;Kreuzbergstraße;gerade;4;;6;;11;Sonnenberg;;;;;;65193
775;Kreuzbergstraße;gerade;20;;30;;11;Sonnenberg;;;;;;65193
776;Kreuznacher Straße;;;;;;14;Biebrich;;;;;;65203
777;Kreuzstraße;;;;;;23;Kloppenheim;;;;;;65207
778;Kriemhildenstraße;;;;;;3;Südost;;;;;;65205
779;Kröckelbergstraße;;;;;;11;Sonnenberg;;;;;;65193
3663;Kroesen Loop;;;;;;26;Delkenheim;;;;;;65205
5105;Kronenstraße;;;;;;52;Mz-Kastel;;;;;;55252
781;Kronprinzenstraße;;;;;;1;Mitte;;;;;;65185
783;Krusestraße;gerade;2;;8;;8;Westend, Bleichstraße;;;;;;65195
783;Krusestraße;ungerade;3;;5;;6;Rheingauviertel, Hollerborn;;;;;;65195
784;Kuckucksweg;;;;;;16;Dotzheim;;;;;;65199
785;Küferstraße;;;;;;27;Schierstein;;;;;;65201
5106;Kuhtränkweg;;;;;;52;Mz-Kastel;;;;;;55252
3286;Kurhausplatz;;;;;;2;Nordost;;;;;;65189
5481;Kurt-Beecker-Weg;;;;;;51;Mz-Amöneburg;;;;;;65203
5426;Kurt-Hebach-Straße;;;;;;52;Mz-Kastel;;;;;;55252
3392;Kurt-Lonquich-Straße;;;;;;13;Erbenheim;;;;;;65205
789;Kurt-Schumacher-Ring;ungerade;1;;17;;6;Rheingauviertel, Hollerborn;;;;;;65197
789;Kurt-Schumacher-Ring;gerade;2;;18;;6;Rheingauviertel, Hollerborn;;;;;;65197
789;Kurt-Schumacher-Ring;gerade;24;;32;;6;Rheingauviertel, Hollerborn;;;;;;65195
789;Kurt-Schumacher-Ring;ungerade;27;;31;;6;Rheingauviertel, Hollerborn;;;;;;65195
789;Kurt-Schumacher-Ring;ungerade;33;;55;;8;Westend, Bleichstraße;;;;;;65195
789;Kurt-Schumacher-Ring;gerade;34;;38;A;8;Westend, Bleichstraße;;;;;;65195
790;Kurt-Tucholsky-Straße;;;;;;27;Schierstein;;;;;;65201
3288;Laamemauer;;;;;;14;Biebrich;;;;;;65203
791;Lämmersberg;;;;;;13;Erbenheim;;;;;;65205
792;Ländchenweg;;;;;;12;Bierstadt;;;;;;65191
2941;Lärchenstraße;;;;;;34;Breckenheim;;;;;;65207
2942;Lärchenweg;;;;;;26;Delkenheim;;;;;;65205
793;Lahnstraße;gerade;2;;12;;8;Westend, Bleichstraße;;;;;;65195
793;Lahnstraße;ungerade;9;;85;;2;Nordost;;;;;;65195
793;Lahnstraße;gerade;16;;112;;6;Rheingauviertel, Hollerborn;;;;;;65195
793;Lahnstraße;ungerade;87;;87;;2;Nordost;;;;;;65195
793;Lahnstraße;ungerade;91;;97;;7;Klarenthal;;;;;;65195
793;Lahnstraße;gerade;120;;120;;7;Klarenthal;;;;;;65195
794;Landgrabenstraße;;;;;;16;Dotzheim;;;;;;65199
3232;Landsberger Straße;;;;;;26;Delkenheim;;;;;;65205
2945;Landwehrstraße;;;;;;26;Delkenheim;;;;;;65205
3699;Lange Seegewann;;;;;;26;Delkenheim;;;;;;65205
796;Langenbeckplatz;;;;;;3;Südost;;;;;;65189
797;Langenbeckstraße;;;;;;3;Südost;;;;;;65189
798;Langendellschlag;ungerade;1;;107;B;16;Dotzheim;;;;;;65199
798;Langendellschlag;gerade;2;;94;;16;Dotzheim;;;;;;65199
798;Langendellschlag;gerade;100;;100;;16;Dotzheim;;;;;;65199
2946;Langenhainer Straße;;;;;;34;Breckenheim;;;;;;65207
3438;Langeooger Straße;ungerade;1;;41;;16;Dotzheim;;;;;;65199
3438;Langeooger Straße;gerade;2;;18;;16;Dotzheim;;;;;;65199
3438;Langeooger Straße;ungerade;43;;43;;14;Biebrich;;;;;;65199
3438;Langeooger Straße;ungerade;45;;45;;16;Dotzheim;;;;;;65199
991;Langfeldstraße;;;;;;12;Bierstadt;;;;;;65191
799;Langgasse;;;;;;1;Mitte;;;;;;65183
2947;Langobardenstraße;;;;;;26;Delkenheim;;;;;;65205
800;Lanzstraße;;;;;;2;Nordost;;;;;;65193
2521;Lassalleplatz;;;;;;16;Dotzheim;;;;;;65199
2948;Laurentiusstraße;;;;;;31;Naurod;;;;;;65207
801;Leberberg;;;;;;2;Nordost;;;;;;65193
802;Lehrer-Grimm-Straße;;;;;;13;Erbenheim;;;;;;65205
803;Lehrstraße;;;;;;1;Mitte;;;;;;65183
804;Leibnizstraße;gerade;2;;40;;11;Sonnenberg;;;;;;65191
804;Leibnizstraße;ungerade;7;;27;;12;Bierstadt;;;;;;65191
806;Leierweg;;;;;;28;Frauenstein;;;;;;65201
807;Leineweberweg;;;;;;12;Bierstadt;;;;;;65191
808;Leipziger Straße;;;;;;12;Bierstadt;;;;;;65191
2951;Lerchenweg;ungerade;1;;15;;31;Naurod;;;;;;65207
2951;Lerchenweg;gerade;2;;14;;31;Naurod;;;;;;65207
810;Lessingstraße;ungerade;1;;19;D;3;Südost;;;;;;65189
810;Lessingstraße;gerade;2;;2;;3;Südost;;;;;;65185
810;Lessingstraße;gerade;4;;26;;3;Südost;;;;;;65189
2952;Lessingweg;;;;;;25;Nordenstadt;;;;;;65205
3634;Liane-Synek-Straße;;;;;;6;Rheingauviertel, Hollerborn;;;;;;65197
811;Lichtenbergstraße;;;;;;11;Sonnenberg;;;;;;65191
2953;Lichtstraße;;;;;;26;Delkenheim;;;;;;65205
812;Liebenaustraße;;;;;;11;Sonnenberg;;;;;;65191
813;Liebigstraße;;;;;;2;Nordost;;;;;;65193
3303;Liebstöckelweg;;;;;;11;Sonnenberg;;;;;;65191
814;Liebwiesweg;;;;;;27;Schierstein;;;;;;65201
815;Liegnitzer Straße;;;;;;12;Bierstadt;;;;;;65191
2954;Lilienstraße;;;;;;31;Naurod;;;;;;65207
816;Lilienthalstraße;;;;;;13;Erbenheim;;;;;;65205
817;Lilienweg;;;;;;16;Dotzheim;;;;;;65201
818;Limesstraße;;;;;;12;Bierstadt;;;;;;65191
819;Lindengarten;;;;;;13;Erbenheim;;;;;;65205
2956;Lindengewann;;;;;;32;Auringen;;;;;;65207
820;Lindenstraße;;;;;;14;Biebrich;;;;;;65187
821;Lindenthaler Hof WP;;;;;;12;Bierstadt;;;;;;65207
822;Lindenthalstraße;;;;;;23;Kloppenheim;;;;;;65207
3587;Lindenweg;;;;;;25;Nordenstadt;;;;;;65205
5107;Linzer Straße;;;;;;53;Mz-Kostheim;;;;;;55246
824;Lippestraße;;;;;;27;Schierstein;;;;;;65201
825;Lisztstraße;;;;;;2;Nordost;;;;;;65193
2959;Löffelgasse;;;;;;34;Breckenheim;;;;;;65207
826;Löwengasse;;;;;;16;Dotzheim;;;;;;65199
3331;Loh WP;gerade;2;;20;;14;Biebrich;;;;;;65199
3331;Loh WP;ungerade;3;;21;;14;Biebrich;;;;;;65199
3331;Loh WP;gerade;22;;22;;16;Dotzheim;;;;;;65199
827;Lohengrinstraße;;;;;;14;Biebrich;;;;;;65187
828;Lohmühlweg;;;;;;14;Biebrich;;;;;;65187
830;Lorcher Straße;;;;;;6;Rheingauviertel, Hollerborn;;;;;;65197
831;Loreleiring;gerade;2;;30;;6;Rheingauviertel, Hollerborn;;;;;;65197
831;Loreleiring;ungerade;3;;23;;6;Rheingauviertel, Hollerborn;;;;;;65197
5424;Lorenz-Schott-Straße;;;;;;52;Mz-Kastel;;;;;;55252
832;Lortzingstraße;;;;;;3;Südost;;;;;;65189
833;Lothringer Straße;ungerade;23;;33;;8;Westend, Bleichstraße;;;;;;65195
833;Lothringer Straße;gerade;26;;34;;6;Rheingauviertel, Hollerborn;;;;;;65195
834;Louis-Buchelt-Straße;;;;;;11;Sonnenberg;;;;;;65193
835;Ludwig-Beck-Straße;;;;;;14;Biebrich;;;;;;65203
2510;Ludwig-Erhard-Straße;gerade;86;;108;I;16;Dotzheim;;;;;;65199
2510;Ludwig-Erhard-Straße;gerade;120;;120;;16;Dotzheim;;;;;;65201
5411;Ludwig-Wolker-Straße;gerade;2;;8;;52;Mz-Kastel;;;;;;55252
5411;Ludwig-Wolker-Straße;ungerade;3;;37;;52;Mz-Kastel;;;;;;55252
5411;Ludwig-Wolker-Straße;gerade;10;;10;;52;Mz-Kastel;;;;;;55252
5411;Ludwig-Wolker-Straße;gerade;12;;20;;52;Mz-Kastel;;;;;;55252
5108;Ludwigsplatz;;;;;;52;Mz-Kastel;;;;;;55252
836;Ludwigstraße;;;;;;2;Nordost;;;;;;65195
5109;Ludwigstraße /Ko;;;;;;53;Mz-Kostheim;;;;;;55246
837;Lützowstraße;;;;;;14;Biebrich;;;;;;65187
839;Luisenplatz;;;;;;1;Mitte;;;;;;65185
840;Luisenstraße;;;;;;1;Mitte;;;;;;65185
5110;Luisenstraße /Ko;;;;;;53;Mz-Kostheim;;;;;;55246
842;Lutherstraße;;;;;;14;Biebrich;;;;;;65203
843;Luxemburgplatz;;;;;;1;Mitte;;;;;;65185
844;Luxemburgstraße;;;;;;1;Mitte;;;;;;65185
5440;Maaraue;;;;;;53;Mz-Kostheim;;;;;;55246
5112;Maaraustraße;;;;;;53;Mz-Kostheim;;;;;;55246
845;Magdeburgstraße;;;;;;3;Südost;;;;;;65187
5113;Mainpfortstraße;;;;;;53;Mz-Kostheim;;;;;;55246
846;Mainstraße;;;;;;14;Biebrich;;;;;;65203
5114;Mainufer;gerade;2;;2;;53;Mz-Kostheim;;;;;;55246
5114;Mainufer;gerade;4;;36;;53;Mz-Kostheim;;;;;;55246
847;Mainzer Straße;ungerade;1;;7;;3;Südost;;;;;;65189
847;Mainzer Straße;gerade;2;;6;;3;Südost;;;;;;65189
847;Mainzer Straße;gerade;10;;66;;3;Südost;;;;;;65185
847;Mainzer Straße;ungerade;15;;39;;3;Südost;;;;;;65185
847;Mainzer Straße;gerade;74;;144;;3;Südost;;;;;;65189
847;Mainzer Straße;ungerade;75;;123;;3;Südost;;;;;;65189
847;Mainzer Straße;ungerade;127;;145;;14;Biebrich;;;;;;65187
847;Mainzer Straße;gerade;148;;162;;3;Südost;;;;;;65187
847;Mainzer Straße;ungerade;151;;163;;14;Biebrich;;;;;;65187
847;Mainzer Straße;gerade;166;;180;;14;Biebrich;;;;;;65187
847;Mainzer Straße;gerade;200;;200;;14;Biebrich;;;;;;65187
5115;Mainzer Straße /Ka;;;;;;52;Mz-Kastel;;;;;;55252
3306;Majoranweg;;;;;;11;Sonnenberg;;;;;;65191
850;Malmedyer Straße;;;;;;14;Biebrich;;;;;;65203
2961;Mannheimer Straße;;;;;;26;Delkenheim;;;;;;65205
851;Mannstaedtstraße;;;;;;14;Biebrich;;;;;;65187
852;Manteuffelstraße;;;;;;6;Rheingauviertel, Hollerborn;;;;;;65197
853;Marcobrunnerstraße;;;;;;6;Rheingauviertel, Hollerborn;;;;;;65197
854;Margarethenstraße;;;;;;11;Sonnenberg;;;;;;65193
5117;Margarethenstraße /Ko;;;;;;53;Mz-Kostheim;;;;;;55246
3534;Margeritenweg;;;;;;16;Dotzheim;;;;;;65201
3630;Maria-Sibylla-Merian-Str.;;;;;;6;Rheingauviertel, Hollerborn;;;;;;65197
855;Marie-Curie-Straße;;;;;;3;Südost;;;;;;65189
5118;Marie-Juchacz-Straße;;;;;;52;Mz-Kastel;;;;;;55252
857;Marienthaler Straße;;;;;;6;Rheingauviertel, Hollerborn;;;;;;65197
2962;Markomannenplatz;;;;;;26;Delkenheim;;;;;;65205
858;Marktplatz;;;;;;1;Mitte;;;;;;65183
859;Marktstraße;;;;;;1;Mitte;;;;;;65183
5119;Marktstraße /Ka;;;;;;52;Mz-Kastel;;;;;;55252
521;Marschaller Weg;;;;;;16;Dotzheim;;;;;;65199
860;Marschnerweg;;;;;;2;Nordost;;;;;;65193
861;Marsweg;;;;;;12;Bierstadt;;;;;;65191
863;Martinstraße;;;;;;3;Südost;;;;;;65189
864;Massenheimer Straße;;;;;;12;Bierstadt;;;;;;65191
865;Mathildenstraße;;;;;;2;Nordost;;;;;;65189
5120;Mathildenstraße /Ko;;;;;;53;Mz-Kostheim;;;;;;55246
866;Matterhornstraße;;;;;;16;Dotzheim;;;;;;65199
2094;Matthias-Claudius-Straße;;;;;;1;Mitte;;;;;;65185
867;Mauergasse;;;;;;1;Mitte;;;;;;65183
3588;Maulbeerweg;;;;;;25;Nordenstadt;;;;;;65205
868;Mauritiusplatz;;;;;;1;Mitte;;;;;;65183
869;Mauritiusstraße;;;;;;1;Mitte;;;;;;65183
3238;Max-Planck-Ring;;;;;;26;Delkenheim;;;;;;65205
870;Maybachstraße;;;;;;6;Rheingauviertel, Hollerborn;;;;;;65197
3668;McGinnis Street;;;;;;26;Delkenheim;;;;;;65205
2963;Mechthildshausener Straße;;;;;;26;Delkenheim;;;;;;65205
2753;Mechtildshausen Hofgut WP;;;;;;26;Delkenheim;;;;;;65205
2964;Mecklenburger Straße;;;;;;25;Nordenstadt;;;;;;65205
872;Medenbacher Straße;ungerade;1;;7;;24;Igstadt;;;;;;65207
872;Medenbacher Straße;gerade;2;;20;;24;Igstadt;;;;;;65207
872;Medenbacher Straße;ungerade;15;;15;;24;Igstadt;;;;;;65207
3297;Meißener Straße;;;;;;12;Bierstadt;;;;;;65191
5121;Melanchthonstraße;;;;;;51;Mz-Amöneburg;;;;;;65203
873;Memelstraße;;;;;;11;Sonnenberg;;;;;;65191
874;Mendelssohn-Bartholdy-Str;;;;;;2;Nordost;;;;;;65193
875;Menzelstraße;;;;;;2;Nordost;;;;;;65195
3610;Mergenthaler Weg;;;;;;25;Nordenstadt;;;;;;65205
876;Merkurstraße;;;;;;12;Bierstadt;;;;;;65191
877;Metzer Straße;gerade;2;;2;;14;Biebrich;;;;;;65203
877;Metzer Straße;gerade;2;A;44;;14;Biebrich;;;;;;65203
877;Metzer Straße;ungerade;3;;9;;14;Biebrich;;;;;;65203
878;Meyerbeerstraße;;;;;;2;Nordost;;;;;;65193
5122;Michael-Krost-Straße;;;;;;51;Mz-Amöneburg;;;;;;65203
879;Michaelisstraße;;;;;;22;Heßloch;;;;;;65207
880;Michelsberg;;;;;;1;Mitte;;;;;;65183
881;Milanstraße;;;;;;27;Schierstein;;;;;;65201
3702;Millstätter-See-Straße;;;;;;14;Biebrich;;;;;;65187
3559;Mirabellenweg;;;;;;25;Nordenstadt;;;;;;65205
883;Mississippistraße;;;;;;3;Südost;;;;;;65189
2105;Mittelberg Distrikt;;;;;;28;Frauenstein;;;;;;65201
886;Mittelheimer Straße;;;;;;6;Rheingauviertel, Hollerborn;;;;;;65197
2109;Mittelpfad;;;;;;13;Erbenheim;;;;;;65205
2967;Mittelweg;;;;;;31;Naurod;;;;;;65207
5123;Mittlere Kirschgartenstr;;;;;;53;Mz-Kostheim;;;;;;55246
5124;Mittlere Steinchenstraße;;;;;;53;Mz-Kostheim;;;;;;55246
5125;Mittlerer Sampelweg;;;;;;53;Mz-Kostheim;;;;;;55246
889;Moabiter Straße;;;;;;13;Erbenheim;;;;;;65205
890;Möhringstraße;;;;;;3;Südost;;;;;;65187
2969;Mönchgasse;;;;;;34;Breckenheim;;;;;;65207
892;Möwenstraße;;;;;;27;Schierstein;;;;;;65201
893;Mohnweg;;;;;;16;Dotzheim;;;;;;65201
894;Moltkering;;;;;;3;Südost;;;;;;65189
895;Mombacher Straße;;;;;;14;Biebrich;;;;;;65203
3397;Moritz-Hilf-Platz;;;;;;16;Dotzheim;;;;;;65199
651;Moritz-Hilf-Straße;ungerade;1;;5;;16;Dotzheim;;;;;;65197
651;Moritz-Hilf-Straße;gerade;2;;6;;16;Dotzheim;;;;;;65197
896;Moritzeck;;;;;;27;Schierstein;;;;;;65201
897;Moritzstraße;;;;;;1;Mitte;;;;;;65185
898;Moriz-Marxheimer-Straße;;;;;;7;Klarenthal;;;;;;65197
900;Mosbacher Straße;;;;;;3;Südost;;;;;;65187
3593;Mosburg Distrikt;;;;;;14;Biebrich;;;;;;65203
901;Mosburgstraße;;;;;;14;Biebrich;;;;;;65203
902;Moselstraße;;;;;;27;Schierstein;;;;;;65201
903;Mozartstraße;;;;;;2;Nordost;;;;;;65193
5127;Müfflingstraße;gerade;2;A;2;B;53;Mz-Kostheim;;;;;;55252
5127;Müfflingstraße;gerade;16;;16;;52;Mz-Kastel;;;;;;55252
2972;Mühlberg;ungerade;1;;3;;26;Delkenheim;;;;;;65205
2972;Mühlberg;gerade;2;;4;;26;Delkenheim;;;;;;65205
2972;Mühlberg;gerade;6;;36;;26;Delkenheim;;;;;;65205
905;Mühlbergstraße;;;;;;11;Sonnenberg;;;;;;65191
906;Mühlborngasse;;;;;;16;Dotzheim;;;;;;65199
3621;Mühlenblick;;;;;;32;Auringen;;;;;;65207
2973;Mühlgartenweg;;;;;;34;Breckenheim;;;;;;65207
907;Mühlgasse;;;;;;1;Mitte;;;;;;65183
3299;Mühlhohle;gerade;2;;12;;13;Erbenheim;;;;;;65205
3299;Mühlhohle;ungerade;3;;3;;13;Erbenheim;;;;;;65205
909;Mühlradgasse;;;;;;21;Rambach;;;;;;65207
911;Mühlstraße;;;;;;13;Erbenheim;;;;;;65205
5128;Mühlweg;;;;;;53;Mz-Kostheim;;;;;;55246
914;Mühlwiesenstraße;;;;;;11;Sonnenberg;;;;;;65191
915;Mülhausener Straße;ungerade;1;;19;;14;Biebrich;;;;;;65203
915;Mülhausener Straße;gerade;2;;28;;14;Biebrich;;;;;;65203
915;Mülhausener Straße;ungerade;23;;25;;14;Biebrich;;;;;;65203
916;Müllerstraße;;;;;;1;Mitte;;;;;;65183
917;Mümmelmannweg;;;;;;27;Schierstein;;;;;;65201
2975;Münchener Straße;;;;;;26;Delkenheim;;;;;;65205
5129;Münchhofstraße;;;;;;53;Mz-Kostheim;;;;;;55246
918;Münsterer Weg;;;;;;14;Biebrich;;;;;;65203
2976;Münzenbergstraße;;;;;;33;Medenbach;;;;;;65207
3582;Murnaustraße;;;;;;3;Südost;;;;;;65189
2525;Naabstraße;;;;;;14;Biebrich;;;;;;65203
2977;Nachtigallenweg;;;;;;31;Naurod;;;;;;65207
919;Nansenstraße;;;;;;14;Biebrich;;;;;;65203
3529;Narzissenweg;;;;;;16;Dotzheim;;;;;;65201
5130;Nasengasse;;;;;;53;Mz-Kostheim;;;;;;55246
920;Nassauer Straße;;;;;;14;Biebrich;;;;;;65187
921;Nauroder Straße;gerade;2;;54;;12;Bierstadt;;;;;;65191
921;Nauroder Straße;ungerade;5;;33;A;12;Bierstadt;;;;;;65191
921;Nauroder Straße;gerade;56;;56;;12;Bierstadt;;;;;;65191
921;Nauroder Straße;ungerade;59;;115;;12;Bierstadt;;;;;;65191
921;Nauroder Straße;gerade;60;;132;;12;Bierstadt;;;;;;65191
921;Nauroder Straße;gerade;134;;134;;12;Bierstadt;;;;;;65207
921;Nauroder Straße;ungerade;201;;201;;21;Rambach;;;;;;65207
924;Neckarstraße;;;;;;27;Schierstein;;;;;;65201
2980;Nelkenstraße;;;;;;31;Naurod;;;;;;65207
925;Nelkenweg;;;;;;16;Dotzheim;;;;;;65201
926;Neptunstraße;;;;;;12;Bierstadt;;;;;;65191
927;Neroberg WP;;;;;;2;Nordost;;;;;;65193
928;Nerobergstraße;;;;;;2;Nordost;;;;;;65193
929;Nerostraße;;;;;;1;Mitte;;;;;;65183
930;Nerotal;ungerade;1;;77;;2;Nordost;;;;;;65193
930;Nerotal;gerade;2;;60;;2;Nordost;;;;;;65193
930;Nerotal;gerade;66;;70;;2;Nordost;;;;;;65193
931;Nettelbeckstraße;;;;;;8;Westend, Bleichstraße;;;;;;65195
932;Neubauerstraße;;;;;;2;Nordost;;;;;;65193
933;Neuberg;;;;;;2;Nordost;;;;;;65193
2981;Neue Schulstraße;;;;;;34;Breckenheim;;;;;;65207
1149;Neues Schützenhaus WP;;;;;;7;Klarenthal;;;;;;65195
2934;Neufeldstraße;;;;;;33;Medenbach;;;;;;65207
936;Neugasse;;;;;;1;Mitte;;;;;;65183
937;Neuköllner Straße;;;;;;13;Erbenheim;;;;;;65205
2983;Neumühle WP;;;;;;34;Breckenheim;;;;;;65207
5131;Neustraße;;;;;;52;Mz-Kastel;;;;;;55252
939;Nibelungenstraße;;;;;;14;Biebrich;;;;;;65187
940;Nicolaistraße;;;;;;2;Nordost;;;;;;65193
941;Niedernhausener Straße;ungerade;1;;77;;21;Rambach;;;;;;65207
941;Niedernhausener Straße;gerade;2;;8;;21;Rambach;;;;;;65207
941;Niedernhausener Straße;gerade;42;;48;;21;Rambach;;;;;;65207
941;Niedernhausener Straße;gerade;70;;82;E;21;Rambach;;;;;;65207
941;Niedernhausener Straße;ungerade;85;;85;;21;Rambach;;;;;;65207
941;Niedernhausener Straße;gerade;94;;106;;21;Rambach;;;;;;65207
941;Niedernhausener Straße;gerade;114;;148;;21;Rambach;;;;;;65207
942;Niederwaldstraße;ungerade;1;;11;;3;Südost;;;;;;65187
942;Niederwaldstraße;gerade;4;;18;;3;Südost;;;;;;65187
942;Niederwaldstraße;gerade;20;;48;;6;Rheingauviertel, Hollerborn;;;;;;65197
942;Niederwaldstraße;ungerade;21;;57;;6;Rheingauviertel, Hollerborn;;;;;;65197
943;Nietzschestraße;;;;;;11;Sonnenberg;;;;;;65191
5135;Nikolausstraße /Ko;;;;;;53;Mz-Kostheim;;;;;;55246
944;Nixenstraße;;;;;;6;Rheingauviertel, Hollerborn;;;;;;65197
946;Nordenstadter Straße;ungerade;1;;65;;24;Igstadt;;;;;;65207
946;Nordenstadter Straße;gerade;2;;40;;24;Igstadt;;;;;;65207
946;Nordenstadter Straße;ungerade;77;;77;;24;Igstadt;;;;;;65207
3439;Norderneyer Straße;;;;;;16;Dotzheim;;;;;;65199
3436;Nordstrander Straße;;;;;;16;Dotzheim;;;;;;65199
948;Normannenweg;;;;;;14;Biebrich;;;;;;65187
949;Nürnberger Hof WP;;;;;;28;Frauenstein;;;;;;65201
2984;Nürnberger Straße;;;;;;26;Delkenheim;;;;;;65205
950;Nussbaumstraße;;;;;;3;Südost;;;;;;65187
2987;Oberbergstraße;;;;;;33;Medenbach;;;;;;65207
5136;Obere Kirschgartenstraße;;;;;;53;Mz-Kostheim;;;;;;55246
3615;Obere Webergasse;;;;;;1;Mitte;;;;;;65183
5415;Oberer Sampelweg;;;;;;53;Mz-Kostheim;;;;;;55246
951;Oberer Wingertsweg;;;;;;16;Dotzheim;;;;;;65199
5391;Oberer Zwerchweg;;;;;;51;Mz-Amöneburg;;;;;;55252
952;Oberfeld;ungerade;1;;11;;13;Erbenheim;;;;;;65205
952;Oberfeld;gerade;4;;14;;13;Erbenheim;;;;;;65205
952;Oberfeld;ungerade;15;;37;;13;Erbenheim;;;;;;65205
952;Oberfeld;gerade;16;;40;;13;Erbenheim;;;;;;65205
3002;Obergasse;ungerade;1;;51;;31;Naurod;;;;;;65207
3002;Obergasse;gerade;2;;28;;31;Naurod;;;;;;65207
3002;Obergasse;gerade;30;;46;;31;Naurod;;;;;;65207
3002;Obergasse;ungerade;53;;81;;31;Naurod;;;;;;65207
953;Oberlinstraße;;;;;;12;Bierstadt;;;;;;65191
954;Obermühle WP;;;;;;24;Igstadt;;;;;;65207
3003;Oberpfortstraße;;;;;;25;Nordenstadt;;;;;;65205
955;Oberriethstraße;;;;;;14;Biebrich;;;;;;65187
958;Obersteiner Weg;;;;;;14;Biebrich;;;;;;65203
959;Oberstraße;;;;;;23;Kloppenheim;;;;;;65207
5390;Ochsenbrunnenweg;;;;;;52;Mz-Kastel;;;;;;55252
3005;Odenwaldblick;;;;;;31;Naurod;;;;;;65207
3006;Odenwaldstraße;;;;;;26;Delkenheim;;;;;;65205
960;Oderstraße;;;;;;27;Schierstein;;;;;;65201
961;Oestricher Straße;ungerade;1;;11;;6;Rheingauviertel, Hollerborn;;;;;;65197
961;Oestricher Straße;gerade;4;;10;;6;Rheingauviertel, Hollerborn;;;;;;65197
961;Oestricher Straße;gerade;14;;22;;6;Rheingauviertel, Hollerborn;;;;;;65197
961;Oestricher Straße;ungerade;15;;21;;6;Rheingauviertel, Hollerborn;;;;;;65197
5138;Ogelweg;ungerade;1;;11;;52;Mz-Kastel;;;;;;55252
5138;Ogelweg;gerade;2;;2;;52;Mz-Kastel;;;;;;55252
5138;Ogelweg;gerade;40;;40;;52;Mz-Kastel;;;;;;55252
962;Ohlenstraße;;;;;;23;Kloppenheim;;;;;;65207
963;Ohmstraße;;;;;;16;Dotzheim;;;;;;65199
3542;Olof-Palme-Straße;;;;;;14;Biebrich;;;;;;65197
3262;Oppelner Straße;;;;;;25;Nordenstadt;;;;;;65205
964;Oranienhof WP;;;;;;24;Igstadt;;;;;;65205
965;Oranienstraße;ungerade;1;;55;;1;Mitte;;;;;;65185
965;Oranienstraße;gerade;2;;62;;1;Mitte;;;;;;65185
966;Ostpreußenstraße;;;;;;21;Rambach;;;;;;65207
3008;Ostring;;;;;;25;Nordenstadt;;;;;;65205
1406;Ostwaldstraße;;;;;;14;Biebrich;;;;;;65203
967;Otto-Haese-Straße;;;;;;7;Klarenthal;;;;;;65197
3009;Otto-Hahn-Straße;;;;;;26;Delkenheim;;;;;;65205
2206;Otto-Reutter-Straße;;;;;;27;Schierstein;;;;;;65201
5201;Otto-Suhr-Ring;;;;;;52;Mz-Kastel;;;;;;55252
3339;Otto-von-Guericke-Ring;;;;;;25;Nordenstadt;;;;;;65205
2207;Otto-Wallach-Straße;;;;;;14;Biebrich;;;;;;65203
968;Otto-Wels-Straße;ungerade;1;;113;;7;Klarenthal;;;;;;65197
968;Otto-Wels-Straße;gerade;24;;140;;7;Klarenthal;;;;;;65197
969;Otto-Witte-Straße;;;;;;7;Klarenthal;;;;;;65197
3241;Overbeckstraße;;;;;;3;Südost;;;;;;65187
970;Pagenstecherstraße;;;;;;1;Mitte;;;;;;65183
971;Palmstraße;;;;;;14;Biebrich;;;;;;65187
972;Panoramastraße;;;;;;16;Dotzheim;;;;;;65199
973;Panoramaweg;;;;;;2;Nordost;;;;;;65191
3213;Pappelweg;;;;;;31;Naurod;;;;;;65207
3287;Paracelsusweg;;;;;;14;Biebrich;;;;;;65203
975;Parkstraße;gerade;4;;42;A;2;Nordost;;;;;;65189
975;Parkstraße;ungerade;7;;43;;2;Nordost;;;;;;65189
975;Parkstraße;gerade;44;;46;;2;Nordost;;;;;;65191
975;Parkstraße;ungerade;53;;105;;11;Sonnenberg;;;;;;65191
977;Parkweg;;;;;;11;Sonnenberg;;;;;;65191
979;Parsifalstraße;;;;;;14;Biebrich;;;;;;65187
5139;Passauer Straße;;;;;;53;Mz-Kostheim;;;;;;55246
1360;Patrickstraße;;;;;;12;Bierstadt;;;;;;65191
982;Paul-Ehrlich-Straße;;;;;;14;Biebrich;;;;;;65203
983;Paul-Friedländer-Straße;;;;;;14;Biebrich;;;;;;65203
984;Paul-Gerhardt-Straße;;;;;;16;Dotzheim;;;;;;65199
980;Paul-Lazarus-Straße;;;;;;7;Klarenthal;;;;;;65197
981;Paulinenstraße;;;;;;2;Nordost;;;;;;65189
5140;Paulusplatz;;;;;;52;Mz-Kastel;;;;;;55252
985;Pestalozzistraße;;;;;;14;Biebrich;;;;;;65203
5203;Peter-Sander-Straße;;;;;;52;Mz-Kastel;;;;;;55252
5427;Petersaue;;;;;;52;Mz-Kastel;;;;;;55252
5439;Petersaue Kläranlage WP;;;;;;51;Mz-Amöneburg;;;;;;65203
5144;Petersweg;ungerade;1;;69;;52;Mz-Kastel;;;;;;55252
5144;Petersweg;gerade;2;;64;;52;Mz-Kastel;;;;;;55252
5144;Petersweg;gerade;78;;78;;52;Mz-Kastel;;;;;;55252
986;Pfälzer Straße;ungerade;1;;9;;14;Biebrich;;;;;;65203
986;Pfälzer Straße;gerade;2;;22;;14;Biebrich;;;;;;65203
3012;Pfälzer-Wald-Straße;;;;;;26;Delkenheim;;;;;;65205
987;Pfahlerstraße;;;;;;11;Sonnenberg;;;;;;65193
5392;Pfandlochweg;;;;;;53;Mz-Kostheim;;;;;;55246
3013;Pfanngasse;;;;;;34;Breckenheim;;;;;;65207
3715;Pfarrer-Ruhl-Platz;;;;;;12;Bierstadt;;;;;;65191
2514;Pfarrer-Rumpf-Straße;;;;;;13;Erbenheim;;;;;;65205
2607;Pfarrgasse;;;;;;34;Breckenheim;;;;;;65207
2209;Pfarrgewann Distrikt;;;;;;27;Schierstein;;;;;;65201
3612;Pfarrmorgen;ungerade;1;;7;;26;Delkenheim;;;;;;65205
3612;Pfarrmorgen;gerade;2;;6;;26;Delkenheim;;;;;;65205
990;Pfarrstraße;;;;;;23;Kloppenheim;;;;;;65207
3014;Pfingstbornstraße;;;;;;34;Breckenheim;;;;;;65207
3015;Pfingstwiesenstraße;;;;;;33;Medenbach;;;;;;65207
2219;Pfortenstraße;ungerade;1;;41;;23;Kloppenheim;;;;;;65207
2219;Pfortenstraße;gerade;2;;26;;23;Kloppenheim;;;;;;65207
2219;Pfortenstraße;ungerade;51;;53;;23;Kloppenheim;;;;;;65207
3606;Pfr.-Wermelskirchen-Weg;;;;;;16;Dotzheim;;;;;;65199
2221;Philipp-Holl-Straße;;;;;;6;Rheingauviertel, Hollerborn;;;;;;65195
994;Philippsbergstraße;;;;;;2;Nordost;;;;;;65195
5149;Philippsring;;;;;;52;Mz-Kastel;;;;;;55252
3210;Pinienweg;;;;;;26;Delkenheim;;;;;;65205
996;Pirolweg;;;;;;16;Dotzheim;;;;;;65199
997;Platanenstraße;;;;;;14;Biebrich;;;;;;65187
998;Platte Hausgruppe;;;;;;2;Nordost;;;;;;65195
999;Platter Straße;ungerade;1;A;1;I;1;Mitte;;;;;;65193
999;Platter Straße;gerade;2;;178;;2;Nordost;;;;;;65193
999;Platter Straße;ungerade;3;;11;C;2;Nordost;;;;;;65193
999;Platter Straße;ungerade;15;;81;;2;Nordost;;;;;;65193
999;Platter Straße;ungerade;83;;83;;2;Nordost;;;;;;65193
999;Platter Straße;gerade;200;;200;;2;Nordost;;;;;;65195
1001;Platz d.Deutschen Einheit;;;;;;8;Westend, Bleichstraße;;;;;;65185
3018;Platzwiesstraße;;;;;;31;Naurod;;;;;;65207
1002;Plutoweg;;;;;;12;Bierstadt;;;;;;65191
1600;Pörtschacher Straße;;;;;;14;Biebrich;;;;;;65187
3019;Pommernstraße;;;;;;25;Nordenstadt;;;;;;65205
1004;Poststraße;;;;;;12;Bierstadt;;;;;;65191
3020;Potsdamer Straße;;;;;;25;Nordenstadt;;;;;;65205
1005;Prangestraße;;;;;;2;Nordost;;;;;;65193
1006;Presberger Straße;;;;;;6;Rheingauviertel, Hollerborn;;;;;;65197
1007;Prießnitzstraße;;;;;;14;Biebrich;;;;;;65203
1009;Prinz-Nikolas-Straße;;;;;;11;Sonnenberg;;;;;;65193
1010;Prinz-Ratibor-Straße;;;;;;3;Südost;;;;;;65187
1008;Prinzessin-Elisabeth-Str;;;;;;2;Nordost;;;;;;65193
1011;Privatstraße;;;;;;12;Bierstadt;;;;;;65191
1013;Quellbornstraße;ungerade;1;;43;;28;Frauenstein;;;;;;65201
1013;Quellbornstraße;gerade;2;;94;;28;Frauenstein;;;;;;65201
1013;Quellbornstraße;ungerade;95;;99;;28;Frauenstein;;;;;;65201
1014;Querfeldstraße;;;;;;2;Nordost;;;;;;65195
1015;Querstraße;;;;;;14;Biebrich;;;;;;65203
3557;Quittenweg;;;;;;25;Nordenstadt;;;;;;65205
1016;Raabestraße;;;;;;3;Südost;;;;;;65187
3658;Raiffeisenplatz;;;;;;3;Südost;;;;;;65189
1017;Raiffeisenstraße;;;;;;12;Bierstadt;;;;;;65191
1018;Rambacher Straße;;;;;;11;Sonnenberg;;;;;;65193
5151;Rampenstraße;;;;;;52;Mz-Kastel;;;;;;55252
3261;Raststätte Medenbach WP;;;;;;33;Medenbach;;;;;;65207
3025;Rathausplatz;;;;;;26;Delkenheim;;;;;;65205
1020;Rathausstraße;;;;;;14;Biebrich;;;;;;65203
5152;Rathausstraße /Ka;;;;;;52;Mz-Kastel;;;;;;55252
1021;Rathenauplatz;;;;;;14;Biebrich;;;;;;65203
5090;Rathenauplatz /Ka;;;;;;52;Mz-Kastel;;;;;;55252
5436;Ratsherrenweg;;;;;;52;Mz-Kastel;;;;;;55252
1022;Rauenthaler Straße;;;;;;6;Rheingauviertel, Hollerborn;;;;;;65197
5153;Raunheimer Straße;;;;;;53;Mz-Kostheim;;;;;;55246
3027;Rebenstraße;;;;;;34;Breckenheim;;;;;;65207
1023;Rebhuhnweg;;;;;;16;Dotzheim;;;;;;65199
1024;Regattastraße;;;;;;14;Biebrich;;;;;;65203
1026;Regerstraße;;;;;;2;Nordost;;;;;;65193
1517;Rehweg;;;;;;22;Heßloch;;;;;;65207
1028;Reichsapfelstraße;;;;;;27;Schierstein;;;;;;65201
1029;Reiherstraße;;;;;;27;Schierstein;;;;;;65201
1030;Reisstraße;;;;;;16;Dotzheim;;;;;;65199
5491;Rektor-Stamm-Weg;;;;;;53;Mz-Kostheim;;;;;;55246
1031;Rembrandtstraße;;;;;;2;Nordost;;;;;;65195
3678;Renettenring;;;;;;12;Bierstadt;;;;;;65191
1032;Rennbahnstraße;;;;;;13;Erbenheim;;;;;;65205
3448;Rettbergsau Distrikt;;;;;;27;Schierstein;;;;;;65203
1033;Rettbergsaue;;;;;;14;Biebrich;;;;;;65203
1034;Reuchlinstraße;;;;;;14;Biebrich;;;;;;65199
3235;Reutlinger Straße;;;;;;26;Delkenheim;;;;;;65205
1035;Rheinbahnstraße;;;;;;1;Mitte;;;;;;65185
1036;Rheinblickstraße;;;;;;14;Biebrich;;;;;;65187
1039;Rheingaustraße;ungerade;1;;39;;27;Schierstein;;;;;;65201
1039;Rheingaustraße;gerade;2;;28;B;27;Schierstein;;;;;;65201
1039;Rheingaustraße;gerade;30;;38;A;27;Schierstein;;;;;;65201
1039;Rheingaustraße;gerade;44;;46;;27;Schierstein;;;;;;65201
1039;Rheingaustraße;ungerade;51;;73;;27;Schierstein;;;;;;65201
1039;Rheingaustraße;gerade;56;;98;;14;Biebrich;;;;;;65203
1039;Rheingaustraße;ungerade;75;;107;;14;Biebrich;;;;;;65203
1039;Rheingaustraße;gerade;100;;138;;14;Biebrich;;;;;;65203
1039;Rheingaustraße;ungerade;109;;137;;14;Biebrich;;;;;;65203
1039;Rheingaustraße;gerade;140;;184;;14;Biebrich;;;;;;65203
1039;Rheingaustraße;ungerade;143;;171;;14;Biebrich;;;;;;65203
1039;Rheingaustraße;ungerade;173;;175;;14;Biebrich;;;;;;65203
1039;Rheingaustraße;gerade;186;;198;;14;Biebrich;;;;;;65203
1040;Rheingoldstraße;;;;;;14;Biebrich;;;;;;65203
3572;Rheinhüttenstraße;;;;;;14;Biebrich;;;;;;65203
1041;Rheinlandstraße;;;;;;12;Bierstadt;;;;;;65191
508;Rheinparkstraße;;;;;;14;Biebrich;;;;;;65203
1042;Rheinstraße;ungerade;1;;11;;3;Südost;;;;;;65189
1042;Rheinstraße;gerade;4;;4;;3;Südost;;;;;;65189
1042;Rheinstraße;gerade;6;;10;;3;Südost;;;;;;65185
1042;Rheinstraße;ungerade;15;;59;;1;Mitte;;;;;;65185
1042;Rheinstraße;gerade;20;;56;;1;Mitte;;;;;;65185
1042;Rheinstraße;gerade;60;;108;;1;Mitte;;;;;;65185
1042;Rheinstraße;ungerade;65;;123;;1;Mitte;;;;;;65185
1043;Rheintalstraße;;;;;;16;Dotzheim;;;;;;65199
5154;Rheinufer;ungerade;1;;17;;52;Mz-Kastel;;;;;;55252
5154;Rheinufer;gerade;2;;12;;52;Mz-Kastel;;;;;;55252
5154;Rheinufer;ungerade;19;;19;;52;Mz-Kastel;;;;;;55252
1044;Rhönstraße;;;;;;14;Biebrich;;;;;;65187
1045;Richard-Otto-Straße;;;;;;7;Klarenthal;;;;;;65197
1046;Richard-Strauss-Straße;;;;;;2;Nordost;;;;;;65193
1048;Richard-Wagner-Straße;;;;;;2;Nordost;;;;;;65193
1049;Riederbergstraße;;;;;;2;Nordost;;;;;;65195
3030;Riedhof WP;;;;;;25;Nordenstadt;;;;;;65207
1050;Riedstraße;;;;;;14;Biebrich;;;;;;65187
1052;Riehlstraße;;;;;;14;Biebrich;;;;;;65203
3031;Rieslingstraße;;;;;;34;Breckenheim;;;;;;65207
1053;Rietschelstraße;;;;;;2;Nordost;;;;;;65195
3032;Rilkestraße;;;;;;31;Naurod;;;;;;65207
1054;Ringofenstraße;;;;;;27;Schierstein;;;;;;65201
1055;Ringstraße;;;;;;13;Erbenheim;;;;;;65205
5155;Rinkerweg;;;;;;52;Mz-Kastel;;;;;;55252
1056;Rittershausstraße;;;;;;14;Biebrich;;;;;;65187
1057;Ritterspfad;;;;;;12;Bierstadt;;;;;;65191
1058;Robert-Koch-Straße;ungerade;1;;23;;3;Südost;;;;;;65191
1058;Robert-Koch-Straße;gerade;6;;24;;12;Bierstadt;;;;;;65191
418;Robert-Krekel-Anlage;;;;;;14;Biebrich;;;;;;65203
3688;Robert-Schäfer-Weg;;;;;;27;Schierstein;;;;;;65201
3496;Robert-Schuman-Straße;;;;;;6;Rheingauviertel, Hollerborn;;;;;;65197
3033;Robert-Stolz-Straße;ungerade;1;;1;;25;Nordenstadt;;;;;;65205
3033;Robert-Stolz-Straße;gerade;2;;16;;25;Nordenstadt;;;;;;65205
3033;Robert-Stolz-Straße;ungerade;3;;35;;25;Nordenstadt;;;;;;65205
5156;Rochusplatz;;;;;;52;Mz-Kastel;;;;;;55252
1060;Röderstraße;;;;;;1;Mitte;;;;;;65183
1061;Römerberg;;;;;;1;Mitte;;;;;;65183
5207;Römerfeld;;;;;;53;Mz-Kostheim;;;;;;55246
1062;Römergasse;;;;;;16;Dotzheim;;;;;;65199
3035;Römerstraße;;;;;;26;Delkenheim;;;;;;65205
5432;Römerstraße /Ka;;;;;;52;Mz-Kastel;;;;;;55252
1063;Römerweg;;;;;;14;Biebrich;;;;;;65187
1064;Röntgenstraße;;;;;;14;Biebrich;;;;;;65203
1065;Rößlerstraße;;;;;;2;Nordost;;;;;;65193
1066;Roonstraße;;;;;;8;Westend, Bleichstraße;;;;;;65195
5157;Roonstraße /Ka;;;;;;52;Mz-Kastel;;;;;;55252
1067;Roseggerstraße;;;;;;3;Südost;;;;;;65187
5158;Rosengasse;;;;;;53;Mz-Kostheim;;;;;;55246
3229;Rosenheimer Straße;ungerade;1;;23;;26;Delkenheim;;;;;;65205
3229;Rosenheimer Straße;gerade;2;;12;;26;Delkenheim;;;;;;65205
3229;Rosenheimer Straße;ungerade;27;;37;;26;Delkenheim;;;;;;65205
1068;Rosenstraße;;;;;;2;Nordost;;;;;;65189
1069;Rosenthalstraße;;;;;;14;Biebrich;;;;;;65187
3271;Rosmarinweg;;;;;;11;Sonnenberg;;;;;;65191
1070;Rosselstraße;;;;;;2;Nordost;;;;;;65193
3038;Rossertstraße;;;;;;33;Medenbach;;;;;;65207
1071;Rostocker Straße;;;;;;12;Bierstadt;;;;;;65191
3040;Rothenbergstraße;;;;;;34;Breckenheim;;;;;;65207
1073;Rothstraße;;;;;;2;Nordost;;;;;;65195
1074;Rotkäppchenplatz;;;;;;16;Dotzheim;;;;;;65199
1075;Rotkäppchenweg;;;;;;16;Dotzheim;;;;;;65199
3554;Rotkehlchenweg;;;;;;25;Nordenstadt;;;;;;65205
3041;Rudolf-Dietz-Straße;;;;;;31;Naurod;;;;;;65207
306;Rudolf-Dyckerhoff-Straße;;;;;;14;Biebrich;;;;;;65203
1077;Rudolf-Vogt-Straße;;;;;;14;Biebrich;;;;;;65187
1078;Rudolfstraße;;;;;;16;Dotzheim;;;;;;65197
1079;Rückertstraße;;;;;;3;Südost;;;;;;65187
1080;Rüdesheimer Straße;;;;;;6;Rheingauviertel, Hollerborn;;;;;;65197
1081;Rüdigerstraße;;;;;;3;Südost;;;;;;65189
3042;Rüsselgasse;;;;;;25;Nordenstadt;;;;;;65205
5159;Rüsselsheimer Straße;;;;;;53;Mz-Kostheim;;;;;;55246
1082;Rüthstraße;;;;;;3;Südost;;;;;;65189
1083;Ruhbergstraße;;;;;;2;Nordost;;;;;;65193
1084;Rumpelstilzchenweg;;;;;;16;Dotzheim;;;;;;65199
1086;Saalgasse;ungerade;1;;11;;1;Mitte;;;;;;65183
1086;Saalgasse;gerade;2;;40;;1;Mitte;;;;;;65183
1087;Saarbrücker Allee;ungerade;5;B;13;;27;Schierstein;;;;;;65201
1087;Saarbrücker Allee;gerade;22;;44;;27;Schierstein;;;;;;65201
1088;Saarburger Straße;;;;;;14;Biebrich;;;;;;65203
1090;Saarstraße;ungerade;1;;17;;27;Schierstein;;;;;;65201
1090;Saarstraße;gerade;2;;20;;27;Schierstein;;;;;;65201
1090;Saarstraße;ungerade;19;;25;;27;Schierstein;;;;;;65201
1090;Saarstraße;ungerade;41;;43;;27;Schierstein;;;;;;65201
1090;Saarstraße;gerade;66;;80;;27;Schierstein;;;;;;65201
1090;Saarstraße;gerade;114;;150;;27;Schierstein;;;;;;65201
1090;Saarstraße;ungerade;209;;209;;14;Biebrich;;;;;;65199
1090;Saarstraße;gerade;222;;230;;14;Biebrich;;;;;;65199
1090;Saarstraße;gerade;272;;282;;14;Biebrich;;;;;;65199
3267;Sachsenstraße;;;;;;25;Nordenstadt;;;;;;65205
1091;Sackgasse;;;;;;14;Biebrich;;;;;;65203
3337;Salbeiweg;;;;;;11;Sonnenberg;;;;;;65191
1092;Salierstraße;;;;;;3;Südost;;;;;;65189
657;Salizestraße;;;;;;14;Biebrich;;;;;;65203
5160;Salzburger Straße;;;;;;53;Mz-Kostheim;;;;;;55246
1095;Sandbachstraße;;;;;;12;Bierstadt;;;;;;65191
1096;Sandbornstraße;;;;;;16;Dotzheim;;;;;;65197
1516;Sandhasenweg;;;;;;22;Heßloch;;;;;;65207
1097;Sandweg;;;;;;11;Sonnenberg;;;;;;65191
5422;Sankt-Florian-Straße;;;;;;52;Mz-Kastel;;;;;;55252
1214;Sankt-Gallus-Straße;;;;;;24;Igstadt;;;;;;65207
1215;Sankt-Walbertus-Straße;;;;;;24;Igstadt;;;;;;65207
1098;Sartoriusstraße;;;;;;3;Südost;;;;;;65187
1099;Saturnstraße;;;;;;12;Bierstadt;;;;;;65191
1100;Sauerbruchstraße;;;;;;14;Biebrich;;;;;;65203
3050;Sauerlandstraße;;;;;;26;Delkenheim;;;;;;65205
3285;Sauerwiesweg;gerade;2;;2;B;14;Biebrich;;;;;;65187
3285;Sauerwiesweg;ungerade;3;;5;;14;Biebrich;;;;;;65187
3285;Sauerwiesweg;gerade;4;;14;;14;Biebrich;;;;;;65187
1102;Schachtstraße;;;;;;1;Mitte;;;;;;65183
1103;Schäfergasse;;;;;;21;Rambach;;;;;;65207
3051;Schäferweg;;;;;;31;Naurod;;;;;;65207
3052;Schallesbuchstraße;;;;;;33;Medenbach;;;;;;65207
1104;Schaperstraße;;;;;;2;Nordost;;;;;;65195
1105;Scharfensteiner Straße;;;;;;14;Biebrich;;;;;;65187
1106;Scharnhorststraße;;;;;;8;Westend, Bleichstraße;;;;;;65195
1107;Schau-ins-Land;;;;;;3;Südost;;;;;;65189
1108;Scheffelstraße;;;;;;3;Südost;;;;;;65187
3710;Schellenbergweg;;;;;;12;Bierstadt;;;;;;65191
1110;Schellingstraße;;;;;;11;Sonnenberg;;;;;;65191
1111;Schenkendorfstraße;;;;;;3;Südost;;;;;;65187
1112;Schiefersteinstraße;;;;;;16;Dotzheim;;;;;;65199
1114;Schiersteiner Straße;ungerade;1;;5;;1;Mitte;;;;;;65187
1114;Schiersteiner Straße;gerade;2;;12;;1;Mitte;;;;;;65187
1114;Schiersteiner Straße;ungerade;7;;43;;6;Rheingauviertel, Hollerborn;;;;;;65187
1114;Schiersteiner Straße;gerade;18;;48;;3;Südost;;;;;;65187
1114;Schiersteiner Straße;gerade;54;;80;A;3;Südost;;;;;;65187
1114;Schiersteiner Straße;ungerade;69;;77;;14;Biebrich;;;;;;65187
1114;Schiersteiner Straße;gerade;82;;96;;14;Biebrich;;;;;;65187
5161;Schiersteiner Straße /Ko;;;;;;53;Mz-Kostheim;;;;;;55246
1116;Schiffergasse;;;;;;27;Schierstein;;;;;;65201
1118;Schillerplatz;;;;;;1;Mitte;;;;;;65185
3056;Schillerstraße;;;;;;31;Naurod;;;;;;65207
1120;Schillingstraße;;;;;;2;Nordost;;;;;;65195
1121;Schillstraße;;;;;;14;Biebrich;;;;;;65187
1123;Schinkelstraße;;;;;;3;Südost;;;;;;65189
3325;Schläferskopf WP;;;;;;16;Dotzheim;;;;;;65199
1125;Schlagstraße;;;;;;11;Sonnenberg;;;;;;65193
1126;Schlangenbader Straße;;;;;;6;Rheingauviertel, Hollerborn;;;;;;65197
2293;Schlehdornstraße;;;;;;16;Dotzheim;;;;;;65199
3057;Schlehenweg;;;;;;32;Auringen;;;;;;65207
5162;Schleiergewannweg;;;;;;53;Mz-Kostheim;;;;;;55246
1127;Schleiermacherstraße;;;;;;11;Sonnenberg;;;;;;65191
3058;Schlesierstraße;ungerade;1;;105;;25;Nordenstadt;;;;;;65205
3058;Schlesierstraße;gerade;2;;98;;25;Nordenstadt;;;;;;65205
3058;Schlesierstraße;gerade;100;;100;;25;Nordenstadt;;;;;;65205
1128;Schleswigstraße;;;;;;12;Bierstadt;;;;;;65191
1129;Schlettstadter Straße;;;;;;14;Biebrich;;;;;;65203
1130;Schleusenstraße;;;;;;23;Kloppenheim;;;;;;65207
1131;Schlichterstraße;;;;;;1;Mitte;;;;;;65185
3564;Schloss Freudenberg;;;;;;16;Dotzheim;;;;;;65201
3060;Schlossgasse;;;;;;32;Auringen;;;;;;65207
1135;Schlossplatz;;;;;;1;Mitte;;;;;;65183
5163;Schmalweg;;;;;;52;Mz-Kastel;;;;;;55252
1137;Schneebergstraße;;;;;;27;Schierstein;;;;;;65201
1138;Schneewittchenweg;;;;;;16;Dotzheim;;;;;;65199
1139;Schnitterweg;;;;;;23;Kloppenheim;;;;;;65207
1140;Schönaustraße;gerade;2;;26;;27;Schierstein;;;;;;65201
1140;Schönaustraße;ungerade;9;;17;;27;Schierstein;;;;;;65201
1140;Schönaustraße;ungerade;19;;21;;27;Schierstein;;;;;;65201
1140;Schönaustraße;ungerade;21;A;21;B;27;Schierstein;;;;;;65201
1140;Schönaustraße;ungerade;23;;33;;27;Schierstein;;;;;;65201
1140;Schönaustraße;gerade;30;;84;;27;Schierstein;;;;;;65201
1140;Schönaustraße;ungerade;33;A;33;A;27;Schierstein;;;;;;65201
1140;Schönaustraße;ungerade;35;;45;;27;Schierstein;;;;;;65201
1140;Schönaustraße;ungerade;45;A;73;;27;Schierstein;;;;;;65201
1141;Schönbergstraße;ungerade;1;;33;;16;Dotzheim;;;;;;65199
1141;Schönbergstraße;gerade;2;;10;;16;Dotzheim;;;;;;65199
1141;Schönbergstraße;gerade;18;;102;;16;Dotzheim;;;;;;65199
1141;Schönbergstraße;ungerade;35;;75;;16;Dotzheim;;;;;;65199
1142;Schöne Aussicht;;;;;;2;Nordost;;;;;;65193
1143;Scholzweg;;;;;;14;Biebrich;;;;;;65203
1144;Schongauerstraße;;;;;;2;Nordost;;;;;;65195
1145;Schopenhauerstraße;;;;;;11;Sonnenberg;;;;;;65191
1146;Schoßbergstraße;;;;;;27;Schierstein;;;;;;65201
1147;Schreberweg;;;;;;12;Bierstadt;;;;;;65191
1148;Schubertstraße;;;;;;3;Südost;;;;;;65189
1151;Schützenhofstraße;;;;;;1;Mitte;;;;;;65183
1152;Schützenstraße;;;;;;2;Nordost;;;;;;65195
1153;Schulberg;;;;;;1;Mitte;;;;;;65183
1154;Schulgasse;;;;;;1;Mitte;;;;;;65183
5165;Schulstraße;;;;;;53;Mz-Kostheim;;;;;;55246
1156;Schultheißstraße;;;;;;12;Bierstadt;;;;;;65191
5441;Schultheißweg;;;;;;52;Mz-Kastel;;;;;;55252
1157;Schumannstraße;;;;;;2;Nordost;;;;;;65193
1158;Schuppstraße;ungerade;1;;39;;11;Sonnenberg;;;;;;65191
1158;Schuppstraße;gerade;2;;8;;11;Sonnenberg;;;;;;65191
1158;Schuppstraße;gerade;30;;74;;11;Sonnenberg;;;;;;65191
1158;Schuppstraße;ungerade;41;;87;;11;Sonnenberg;;;;;;65191
1159;Schwalbacher Straße;ungerade;3;;31;;1;Mitte;;;;;;65185
1159;Schwalbacher Straße;gerade;6;;8;;1;Mitte;;;;;;65185
1159;Schwalbacher Straße;gerade;26;;28;;8;Westend, Bleichstraße;;;;;;65185
1159;Schwalbacher Straße;ungerade;33;;61;;1;Mitte;;;;;;65183
1159;Schwalbacher Straße;gerade;34;;52;;8;Westend, Bleichstraße;;;;;;65183
1159;Schwalbacher Straße;gerade;60;;78;;1;Mitte;;;;;;65183
1159;Schwalbacher Straße;ungerade;67;;99;;1;Mitte;;;;;;65183
3062;Schwalbenweg;;;;;;25;Nordenstadt;;;;;;65205
5166;Schwanengasse;;;;;;52;Mz-Kastel;;;;;;55252
3245;Schwarzburger Hof WP;;;;;;34;Breckenheim;;;;;;65207
1160;Schwarzenbergstraße;;;;;;3;Südost;;;;;;65189
5167;Schwarzenbergstraße /Ka;gerade;2;;14;;52;Mz-Kastel;;;;;;55252
5167;Schwarzenbergstraße /Ka;ungerade;21;;27;;52;Mz-Kastel;;;;;;55252
5167;Schwarzenbergstraße /Ka;gerade;24;;24;;52;Mz-Kastel;;;;;;55252
1161;Schwarzgasse;;;;;;12;Bierstadt;;;;;;65191
2312;Schwarzwaldstraße;;;;;;27;Schierstein;;;;;;65201
1162;Sedanplatz;ungerade;1;;7;;8;Westend, Bleichstraße;;;;;;65183
1162;Sedanplatz;gerade;2;;6;;8;Westend, Bleichstraße;;;;;;65195
1162;Sedanplatz;ungerade;9;;9;;8;Westend, Bleichstraße;;;;;;65183
1163;Sedanstraße;;;;;;8;Westend, Bleichstraße;;;;;;65183
1164;Seelgasse;;;;;;23;Kloppenheim;;;;;;65207
1165;Seerobenstraße;;;;;;8;Westend, Bleichstraße;;;;;;65195
3535;Seerosenweg;;;;;;16;Dotzheim;;;;;;65201
1166;Seilerpfad;;;;;;13;Erbenheim;;;;;;65205
3444;Seligmann-Baer-Platz;;;;;;14;Biebrich;;;;;;65203
1167;Semmelweisstraße;;;;;;14;Biebrich;;;;;;65203
3215;Senefelderstraße;;;;;;25;Nordenstadt;;;;;;65205
1169;Seybertstraße;;;;;;12;Bierstadt;;;;;;65191
1170;Sickingenstraße;;;;;;14;Biebrich;;;;;;65187
5168;Siebenmorgenweg;;;;;;53;Mz-Kostheim;;;;;;55246
1171;Siegfriedring;ungerade;1;;33;;3;Südost;;;;;;65189
1171;Siegfriedring;gerade;2;;2;;3;Südost;;;;;;65189
1171;Siegfriedring;gerade;4;;60;;3;Südost;;;;;;65189
1172;Sieglindeweg;;;;;;3;Südost;;;;;;65189
1173;Siegmundweg;;;;;;3;Südost;;;;;;65189
3063;Siemensstraße;;;;;;25;Nordenstadt;;;;;;65205
1174;Sigismundstraße;;;;;;13;Erbenheim;;;;;;65205
1175;Silcherstraße;;;;;;12;Bierstadt;;;;;;65191
3695;Simeonweg;;;;;;16;Dotzheim;;;;;;65199
3500;Simone-Veil-Straße;;;;;;6;Rheingauviertel, Hollerborn;;;;;;65197
1176;Simrockstraße;;;;;;14;Biebrich;;;;;;65187
1180;Söhnleinstraße;ungerade;1;;43;;27;Schierstein;;;;;;65201
1180;Söhnleinstraße;gerade;2;;14;;27;Schierstein;;;;;;65201
1180;Söhnleinstraße;gerade;42;;158;;27;Schierstein;;;;;;65201
1180;Söhnleinstraße;ungerade;91;;159;;27;Schierstein;;;;;;65201
1181;Solmsstraße;;;;;;3;Südost;;;;;;65189
1182;Sommerstraße;;;;;;16;Dotzheim;;;;;;65197
1183;Sonnenberger Straße;ungerade;1;;1;;2;Nordost;;;;;;65193
1183;Sonnenberger Straße;gerade;2;;100;;2;Nordost;;;;;;65193
1183;Sonnenberger Straße;ungerade;3;;39;;2;Nordost;;;;;;65193
1183;Sonnenberger Straße;ungerade;41;;83;;2;Nordost;;;;;;65191
3528;Sonnenblumenweg;;;;;;16;Dotzheim;;;;;;65201
3064;Sonnenhöhe;;;;;;31;Naurod;;;;;;65207
1185;Sonnenstraße;;;;;;12;Bierstadt;;;;;;65191
2527;Soodersteige;;;;;;11;Sonnenberg;;;;;;65193
1186;Sooderstraße;;;;;;11;Sonnenberg;;;;;;65193
3065;Soonwaldstraße;;;;;;26;Delkenheim;;;;;;65205
1187;Sophienstraße;;;;;;3;Südost;;;;;;65189
1188;Spandauer Straße;;;;;;13;Erbenheim;;;;;;65205
3676;Speierlingstraße;;;;;;12;Bierstadt;;;;;;65191
1190;Spelzmühlweg;;;;;;14;Biebrich;;;;;;65187
1191;Sperberweg;;;;;;16;Dotzheim;;;;;;65199
3068;Spessartstraße;;;;;;25;Nordenstadt;;;;;;65205
1192;Spiegelgasse;;;;;;1;Mitte;;;;;;65183
3442;Spiekerooger Straße;;;;;;16;Dotzheim;;;;;;65199
3681;Spitzrabauweg;;;;;;12;Bierstadt;;;;;;65191
1193;Spitzwegstraße;;;;;;2;Nordost;;;;;;65195
1194;Spohrstraße;;;;;;2;Nordost;;;;;;65193
2520;Sporkhorststraße;;;;;;16;Dotzheim;;;;;;65199
3434;Sportplatzweg;;;;;;27;Schierstein;;;;;;65201
5462;St.-Veiter-Platz;;;;;;53;Mz-Kostheim;;;;;;55246
2333;Stanleystraße;;;;;;3;Südost;;;;;;65189
1195;Starenweg;;;;;;11;Sonnenberg;;;;;;65191
1196;Steckelburgstraße;;;;;;14;Biebrich;;;;;;65199
1197;Steckengartenstraße;;;;;;11;Sonnenberg;;;;;;65193
2334;Steckersloch;;;;;;2;Nordost;;;;;;65195
1199;Stegerwaldstraße;ungerade;1;;37;;16;Dotzheim;;;;;;65199
1199;Stegerwaldstraße;gerade;2;;30;;16;Dotzheim;;;;;;65199
1199;Stegerwaldstraße;ungerade;45;;57;;16;Dotzheim;;;;;;65199
3071;Steigerwaldstraße;;;;;;26;Delkenheim;;;;;;65205
5169;Steigweg;;;;;;53;Mz-Kostheim;;;;;;55246
1200;Steilgasse;;;;;;21;Rambach;;;;;;65207
1202;Steinberger Straße;ungerade;1;;37;;14;Biebrich;;;;;;65187
1202;Steinberger Straße;gerade;10;;16;;14;Biebrich;;;;;;65187
5377;Steinern Straße;gerade;2;;2;;52;Mz-Kastel;;;;;;55252
5377;Steinern Straße;gerade;10;;54;A;53;Mz-Kostheim;;;;;;55246
5377;Steinern Straße;ungerade;19;;63;;52;Mz-Kastel;;;;;;55252
5377;Steinern Straße;ungerade;65;A;65;D;52;Mz-Kastel;;;;;;55252
5377;Steinern Straße;ungerade;99;;101;;53;Mz-Kostheim;;;;;;55246
5172;Steinern-Kreuz-Weg;;;;;;53;Mz-Kostheim;;;;;;55246
1203;Steingasse;;;;;;1;Mitte;;;;;;65183
1204;Steinkippel;;;;;;16;Dotzheim;;;;;;65199
1206;Steinkopfstraße;ungerade;1;;27;;22;Heßloch;;;;;;65207
1206;Steinkopfstraße;gerade;2;;26;;22;Heßloch;;;;;;65207
1206;Steinkopfstraße;ungerade;35;;35;;22;Heßloch;;;;;;65207
1206;Steinkopfstraße;gerade;36;;36;;22;Heßloch;;;;;;65207
1207;Steinmetzstraße;;;;;;6;Rheingauviertel, Hollerborn;;;;;;65197
1208;Steinritzstraße;;;;;;27;Schierstein;;;;;;65201
1209;Steinstraße;;;;;;14;Biebrich;;;;;;65197
2341;Stephan-Born-Straße;;;;;;16;Dotzheim;;;;;;65199
3077;Sternenhof WP;;;;;;26;Delkenheim;;;;;;65205
1210;Sterntalerweg;;;;;;16;Dotzheim;;;;;;65199
1211;Sternweg;;;;;;23;Kloppenheim;;;;;;65207
1212;Stettiner Straße;;;;;;14;Biebrich;;;;;;65203
3163;Steubenhof WP;;;;;;31;Naurod;;;;;;65207
1213;Steubenstraße;;;;;;2;Nordost;;;;;;65189
3078;Stiebniger Straße;;;;;;26;Delkenheim;;;;;;65205
1216;Stiegelstraße;;;;;;23;Kloppenheim;;;;;;65207
1217;Stielstraße;;;;;;27;Schierstein;;;;;;65201
1218;Stiftstraße;gerade;2;;18;;1;Mitte;;;;;;65183
1218;Stiftstraße;ungerade;3;;39;;1;Mitte;;;;;;65183
1218;Stiftstraße;gerade;22;;28;;2;Nordost;;;;;;65183
1219;Stockbornweg;;;;;;14;Biebrich;;;;;;65203
3082;Stolberger Straße;ungerade;1;;79;;25;Nordenstadt;;;;;;65205
3082;Stolberger Straße;gerade;2;;30;;25;Nordenstadt;;;;;;65205
3082;Stolberger Straße;gerade;32;;74;;25;Nordenstadt;;;;;;65205
3319;Stollenweg WP;;;;;;7;Klarenthal;;;;;;65195
1221;Stolze-Schrey-Straße;;;;;;2;Nordost;;;;;;65195
3604;Storchenallee;ungerade;1;;49;;27;Schierstein;;;;;;65201
3604;Storchenallee;gerade;2;;20;A;27;Schierstein;;;;;;65201
3084;Stormstraße;;;;;;31;Naurod;;;;;;65207
1222;Straße der Republik;;;;;;14;Biebrich;;;;;;65203
1224;Straßenmühlweg;ungerade;1;;15;;16;Dotzheim;;;;;;65199
1224;Straßenmühlweg;gerade;2;;30;;16;Dotzheim;;;;;;65199
1224;Straßenmühlweg;ungerade;15;A;25;;14;Biebrich;;;;;;65199
3234;Straubinger Straße;;;;;;26;Delkenheim;;;;;;65205
1225;Strohschnitterweg;;;;;;14;Biebrich;;;;;;65203
3091;Stuttgarter Straße;;;;;;26;Delkenheim;;;;;;65205
1227;Sudetenstraße;;;;;;24;Igstadt;;;;;;65207
1228;Sundgaustraße;;;;;;27;Schierstein;;;;;;65201
1229;Susannastraße;ungerade;1;;15;;24;Igstadt;;;;;;65207
1229;Susannastraße;gerade;2;;2;;24;Igstadt;;;;;;65207
1229;Susannastraße;gerade;2;A;2;B;24;Igstadt;;;;;;65207
1229;Susannastraße;gerade;4;;26;;24;Igstadt;;;;;;65207
1230;Talheim;;;;;;16;Dotzheim;;;;;;65199
1231;Talstraße;;;;;;11;Sonnenberg;;;;;;65191
3092;Talweg;;;;;;34;Breckenheim;;;;;;65207
3093;Tannenhof WP;;;;;;31;Naurod;;;;;;65207
3094;Tannenring;;;;;;32;Auringen;;;;;;65207
1232;Tannenstraße;;;;;;14;Biebrich;;;;;;65187
3095;Tannenweg;;;;;;25;Nordenstadt;;;;;;65205
1233;Tannhäuserstraße;;;;;;14;Biebrich;;;;;;65203
1234;Taubenstraße;;;;;;14;Biebrich;;;;;;65197
3096;Taubenweg;;;;;;31;Naurod;;;;;;65207
1235;Tauernstraße;;;;;;16;Dotzheim;;;;;;65199
3097;Taunushof WP;;;;;;34;Breckenheim;;;;;;65207
3098;Taunusring;;;;;;26;Delkenheim;;;;;;65205
1236;Taunusstraße;ungerade;1;;1;;2;Nordost;;;;;;65193
1236;Taunusstraße;ungerade;1;A;11;;2;Nordost;;;;;;65183
1236;Taunusstraße;gerade;2;;6;;1;Mitte;;;;;;65183
1236;Taunusstraße;ungerade;13;;87;;2;Nordost;;;;;;65183
1236;Taunusstraße;gerade;14;;78;;1;Mitte;;;;;;65183
5173;Taunusstraße /Ko;;;;;;53;Mz-Kostheim;;;;;;55246
1237;Tempelhofer Straße;;;;;;13;Erbenheim;;;;;;65205
1238;Tennelbachstraße;;;;;;11;Sonnenberg;;;;;;65193
1240;Teplitzstraße;;;;;;14;Biebrich;;;;;;65203
5206;Teufelssprung;;;;;;53;Mz-Kostheim;;;;;;55246
3102;Teutoburger-Wald-Straße;;;;;;26;Delkenheim;;;;;;65205
1241;Teutonenstraße;ungerade;1;;45;;3;Südost;;;;;;65187
1241;Teutonenstraße;gerade;2;;52;;14;Biebrich;;;;;;65187
1243;Texasstraße;;;;;;3;Südost;;;;;;65189
1244;Thaerstraße;;;;;;2;Nordost;;;;;;65193
1242;Theodor-Haubach-Straße;;;;;;7;Klarenthal;;;;;;65197
117;Theodor-Heuss-Ring;ungerade;1;;27;;14;Biebrich;;;;;;65187
117;Theodor-Heuss-Ring;gerade;6;;18;;3;Südost;;;;;;65187
117;Theodor-Heuss-Ring;gerade;50;;52;;3;Südost;;;;;;65189
117;Theodor-Heuss-Ring;ungerade;51;;55;;14;Biebrich;;;;;;65187
1246;Theodorenstraße;;;;;;3;Südost;;;;;;65189
5397;Theuerbornshohl;;;;;;51;Mz-Amöneburg;;;;;;55252
1247;Thieles-Privat-Straße;;;;;;27;Schierstein;;;;;;65201
1248;Thomaestraße;;;;;;2;Nordost;;;;;;65193
3289;Thomaeweg;;;;;;23;Kloppenheim;;;;;;65207
1250;Thorwaldsenanlage;;;;;;2;Nordost;;;;;;65195
1251;Thünenstraße;;;;;;2;Nordost;;;;;;65193
1252;Thürpfad;;;;;;16;Dotzheim;;;;;;65199
1253;Tiefenthaler Straße;;;;;;3;Südost;;;;;;65187
3298;Tillpetersrech;;;;;;13;Erbenheim;;;;;;65205
5176;Tilsiter Straße;;;;;;53;Mz-Kostheim;;;;;;55246
1254;Töpferstraße;;;;;;12;Bierstadt;;;;;;65191
1255;Tränkweg;ungerade;3;;7;;2;Nordost;;;;;;65193
1255;Tränkweg;gerade;4;;4;;2;Nordost;;;;;;65193
3105;Traubenstraße;;;;;;34;Breckenheim;;;;;;65207
3231;Traunsteiner Straße;;;;;;26;Delkenheim;;;;;;65205
1256;Treptower Straße;;;;;;13;Erbenheim;;;;;;65205
1257;Triftstraße;;;;;;16;Dotzheim;;;;;;65199
1258;Trommlerweg;;;;;;2;Nordost;;;;;;65195
1259;Trompeterstraße;;;;;;21;Rambach;;;;;;65207
3107;Tulpenstraße;;;;;;31;Naurod;;;;;;65207
1260;Tulpenweg;;;;;;16;Dotzheim;;;;;;65201
3108;Turmstraße;ungerade;1;;35;;25;Nordenstadt;;;;;;65205
3108;Turmstraße;gerade;2;;20;;25;Nordenstadt;;;;;;65205
3302;U. Matthias-Claudius-Str;;;;;;1;Mitte;;;;;;65185
3335;Über dem Eichenwäldchen;;;;;;31;Naurod;;;;;;65207
3110;Überm Wald;;;;;;32;Auringen;;;;;;65207
1262;Uferstraße;ungerade;1;;1;;14;Biebrich;;;;;;65203
1262;Uferstraße;gerade;2;;4;;14;Biebrich;;;;;;65203
1263;Uhlandstraße;;;;;;3;Südost;;;;;;65189
5177;Ulmenstraße;;;;;;53;Mz-Kostheim;;;;;;55246
1264;Unter den Eichen;;;;;;2;Nordost;;;;;;65195
5412;Unter den Gärten;;;;;;53;Mz-Kostheim;;;;;;55246
2379;Unterberg Distrikt;;;;;;28;Frauenstein;;;;;;65201
1267;Unterbornstraße;;;;;;24;Igstadt;;;;;;65207
3301;Untere Albrechtstraße;;;;;;1;Mitte;;;;;;65185
5357;Unterer Zwerchweg;gerade;70;;80;;51;Mz-Amöneburg;;;;;;55252
5357;Unterer Zwerchweg;gerade;108;;120;;51;Mz-Amöneburg;;;;;;65205
5357;Unterer Zwerchweg;ungerade;111;;111;;51;Mz-Amöneburg;;;;;;65205
1270;Untergasse;;;;;;28;Frauenstein;;;;;;65201
2406;Unterm Hafen;;;;;;27;Schierstein;;;;;;65201
1271;Untermühle WP;;;;;;24;Igstadt;;;;;;65207
1273;Unterriethstraße;;;;;;14;Biebrich;;;;;;65187
1274;Uranusweg;;;;;;12;Bierstadt;;;;;;65191
1275;Utestraße;;;;;;3;Südost;;;;;;65205
5183;Uthmannstraße;;;;;;53;Mz-Kostheim;;;;;;55246
1276;Van-Dyck-Straße;;;;;;2;Nordost;;;;;;65195
1277;Varusstraße;;;;;;14;Biebrich;;;;;;65187
1278;Veilchenweg;;;;;;16;Dotzheim;;;;;;65201
1279;Venatorstraße;;;;;;12;Bierstadt;;;;;;65191
1281;Verbindungsgässchen;;;;;;14;Biebrich;;;;;;65203
1282;Verbindungsstraße;;;;;;16;Dotzheim;;;;;;65199
1283;Verdistraße;;;;;;2;Nordost;;;;;;65193
1284;Vereinstraße;;;;;;14;Biebrich;;;;;;65187
3533;Vergißmeinnichtweg;;;;;;16;Dotzheim;;;;;;65201
1286;Viktoriastraße;;;;;;3;Südost;;;;;;65189
5184;Viktoriastraße /Ko;;;;;;53;Mz-Kostheim;;;;;;55246
1289;Villacher Straße;;;;;;14;Biebrich;;;;;;65187
1290;Virchowstraße;;;;;;3;Südost;;;;;;65191
1291;Virginiastraße;;;;;;3;Südost;;;;;;65189
1292;Vogelsangstraße;ungerade;1;;43;;22;Heßloch;;;;;;65207
1292;Vogelsangstraße;gerade;2;;34;;22;Heßloch;;;;;;65207
1292;Vogelsangstraße;gerade;36;;50;;22;Heßloch;;;;;;65207
3123;Vogelsbergstraße;;;;;;26;Delkenheim;;;;;;65205
1293;Vogesenstraße;;;;;;27;Schierstein;;;;;;65201
1294;Volkerstraße;;;;;;14;Biebrich;;;;;;65187
1295;Von-Bergmann-Straße;;;;;;12;Bierstadt;;;;;;65191
1296;Von-Frerichs-Straße;;;;;;12;Bierstadt;;;;;;65191
1297;Von-Krehl-Straße;;;;;;12;Bierstadt;;;;;;65191
1298;Von-Leyden-Straße;;;;;;12;Bierstadt;;;;;;65191
2417;Vor dem Sand;;;;;;16;Dotzheim;;;;;;65199
3227;Vor dem Wald;;;;;;21;Rambach;;;;;;65207
3328;Vor den Fichten;;;;;;11;Sonnenberg;;;;;;65193
5185;Vordere Kirschgartenstr;;;;;;53;Mz-Kostheim;;;;;;55246
5186;Vordere Steinchenstraße;;;;;;53;Mz-Kostheim;;;;;;55246
1302;Vorderstraße;;;;;;23;Kloppenheim;;;;;;65207
2441;Vorm Graben;;;;;;24;Igstadt;;;;;;65207
3128;Wacholderstraße;;;;;;25;Nordenstadt;;;;;;65205
1303;Wachsackerstraße;;;;;;16;Dotzheim;;;;;;65199
1304;Wachtelweg;;;;;;16;Dotzheim;;;;;;65199
1306;Wagemannstraße;;;;;;1;Mitte;;;;;;65183
3130;Waldblickstraße;;;;;;33;Medenbach;;;;;;65207
5187;Waldhofstraße;ungerade;1;;1;;52;Mz-Kastel;;;;;;55252
5187;Waldhofstraße;gerade;4;;172;;53;Mz-Kostheim;;;;;;55246
5187;Waldhofstraße;ungerade;5;;13;;53;Mz-Kostheim;;;;;;55246
1312;Waldstraße;gerade;2;;130;;14;Biebrich;;;;;;65187
1312;Waldstraße;ungerade;11;;115;;14;Biebrich;;;;;;65187
1312;Waldstraße;gerade;132;;188;;14;Biebrich;;;;;;65197
2453;Walkmühle;;;;;;2;Nordost;;;;;;65195
1314;Walkmühlstraße;;;;;;2;Nordost;;;;;;65195
1315;Walkmühltalanlagen;;;;;;2;Nordost;;;;;;65195
3693;Wallauer Hohl;ungerade;1;;1;;34;Breckenheim;;;;;;65207
3693;Wallauer Hohl;ungerade;3;;3;;34;Breckenheim;;;;;;65207
2454;Wallauer Straße;;;;;;12;Bierstadt;;;;;;65191
3133;Wallauer Weg;;;;;;25;Nordenstadt;;;;;;65205
3134;Wallgrabenstraße;;;;;;26;Delkenheim;;;;;;65205
3430;Wallufer Platz;;;;;;6;Rheingauviertel, Hollerborn;;;;;;65197
1317;Wallufer Straße;;;;;;6;Rheingauviertel, Hollerborn;;;;;;65197
5189;Wallufer Straße /Ko;;;;;;53;Mz-Kostheim;;;;;;55246
1318;Walramstraße;;;;;;8;Westend, Bleichstraße;;;;;;65183
2457;Walter-Gieseking-Straße;;;;;;2;Nordost;;;;;;65193
3498;Walter-Hallstein-Straße;;;;;;6;Rheingauviertel, Hollerborn;;;;;;65197
1319;Wandersmannstraße;ungerade;1;A;81;B;13;Erbenheim;;;;;;65205
1319;Wandersmannstraße;gerade;2;A;76;A;13;Erbenheim;;;;;;65205
1319;Wandersmannstraße;ungerade;83;;83;;13;Erbenheim;;;;;;65205
1320;Wartestraße;;;;;;12;Bierstadt;;;;;;65191
1322;Washingtonstraße;ungerade;1;;45;;3;Südost;;;;;;65189
1322;Washingtonstraße;gerade;14;;46;;3;Südost;;;;;;65189
1322;Washingtonstraße;ungerade;75;;75;;3;Südost;;;;;;65189
3135;Wasserburgstraße;;;;;;26;Delkenheim;;;;;;65205
1323;Wasserrolle;;;;;;27;Schierstein;;;;;;65201
1325;Waterloostraße;;;;;;8;Westend, Bleichstraße;;;;;;65195
1326;Watzmannstraße;;;;;;16;Dotzheim;;;;;;65199
1327;Webergasse;;;;;;1;Mitte;;;;;;65183
1328;Weglache;;;;;;13;Erbenheim;;;;;;65205
1329;Weher Köppel;;;;;;16;Dotzheim;;;;;;65199
2464;Weichselstraße;;;;;;11;Sonnenberg;;;;;;65191
1330;Weidenbornstraße;;;;;;3;Südost;;;;;;65189
3138;Weidenstraße;;;;;;34;Breckenheim;;;;;;65207
1331;Weihergartenstraße;;;;;;11;Sonnenberg;;;;;;65193
1332;Weihergasse;;;;;;14;Biebrich;;;;;;65203
1333;Weilburger Tal;ungerade;1;;13;;16;Dotzheim;;;;;;65199
1333;Weilburger Tal;gerade;2;;8;;16;Dotzheim;;;;;;65199
1333;Weilburger Tal;gerade;10;;14;;16;Dotzheim;;;;;;65199
3233;Weilheimer Straße;;;;;;26;Delkenheim;;;;;;65205
1334;Weilstraße;;;;;;1;Mitte;;;;;;65183
1335;Weimarer Straße;;;;;;12;Bierstadt;;;;;;65191
1337;Weinbergstraße;;;;;;2;Nordost;;;;;;65193
1339;Weinfeldstraße;;;;;;14;Biebrich;;;;;;65187
1340;Weingartenstraße;;;;;;24;Igstadt;;;;;;65207
3333;Weinreb WP;;;;;;12;Bierstadt;;;;;;65191
5400;Weismauerweg;;;;;;52;Mz-Kastel;;;;;;55252
1341;Weißenburgstraße;ungerade;1;;7;;8;Westend, Bleichstraße;;;;;;65183
1341;Weißenburgstraße;gerade;2;;12;A;8;Westend, Bleichstraße;;;;;;65183
3701;Weißenseestraße;;;;;;14;Biebrich;;;;;;65187
3484;Weißer Weg Distrikt;;;;;;16;Dotzheim;;;;;;65201
2798;Weitzbachstraße;;;;;;33;Medenbach;;;;;;65207
1342;Welfenstraße;;;;;;3;Südost;;;;;;65189
1343;Wellbornstraße;;;;;;21;Rambach;;;;;;65207
1344;Wellritzstraße;;;;;;8;Westend, Bleichstraße;;;;;;65183
1347;Welschstraße;;;;;;3;Südost;;;;;;65189
1349;Wendelsteinstraße;;;;;;16;Dotzheim;;;;;;65199
1350;Wendelstraße;;;;;;12;Bierstadt;;;;;;65191
1351;Wenzel-Jaksch-Straße;;;;;;16;Dotzheim;;;;;;65199
1352;Werderstraße;;;;;;8;Westend, Bleichstraße;;;;;;65195
1353;Werner-Hilpert-Straße;;;;;;7;Klarenthal;;;;;;65197
1354;Westendstraße;;;;;;8;Westend, Bleichstraße;;;;;;65195
1355;Westerwaldstraße;gerade;2;;20;;8;Westend, Bleichstraße;;;;;;65195
1355;Westerwaldstraße;ungerade;3;;7;;6;Rheingauviertel, Hollerborn;;;;;;65195
1356;Westfalenstraße;;;;;;12;Bierstadt;;;;;;65191
3143;Westring;;;;;;25;Nordenstadt;;;;;;65205
1357;Wettinerstraße;;;;;;3;Südost;;;;;;65189
1358;Wichernstraße;;;;;;12;Bierstadt;;;;;;65191
1359;Wielandstraße;;;;;;3;Südost;;;;;;65187
5192;Wiener Platz;;;;;;53;Mz-Kostheim;;;;;;55246
5193;Wiesbadener Landstraße;;;;;;51;Mz-Amöneburg;;;;;;65203
1361;Wiesbadener Straße;ungerade;1;;49;;16;Dotzheim;;;;;;65199
1361;Wiesbadener Straße;gerade;2;;56;;16;Dotzheim;;;;;;65199
1361;Wiesbadener Straße;ungerade;51;;51;A;16;Dotzheim;;;;;;65197
1361;Wiesbadener Straße;ungerade;55;;77;;16;Dotzheim;;;;;;65197
1361;Wiesbadener Straße;gerade;58;;80;;16;Dotzheim;;;;;;65197
5194;Wiesbadener Straße /Ka;;;;;;52;Mz-Kastel;;;;;;55252
3201;Wiesenhain;;;;;;34;Breckenheim;;;;;;65207
3145;Wiesenrainstraße;;;;;;33;Medenbach;;;;;;65207
1362;Wiesenstraße;gerade;2;;34;;14;Biebrich;;;;;;65187
1362;Wiesenstraße;ungerade;7;;25;;14;Biebrich;;;;;;65187
1362;Wiesenstraße;ungerade;27;;35;A;14;Biebrich;;;;;;65187
1362;Wiesenstraße;gerade;36;;44;;14;Biebrich;;;;;;65187
1362;Wiesenstraße;ungerade;37;;39;;14;Biebrich;;;;;;65187
1363;Wiesentalstraße;;;;;;22;Heßloch;;;;;;65207
3146;Wiesenweg;;;;;;26;Delkenheim;;;;;;65205
3147;Wildsachsener Straße;ungerade;1;;1;;33;Medenbach;;;;;;65207
3147;Wildsachsener Straße;ungerade;1;A;5;A;33;Medenbach;;;;;;65207
3147;Wildsachsener Straße;gerade;2;;12;;33;Medenbach;;;;;;65207
3627;Wilfried-Ries-Straße;;;;;;7;Klarenthal;;;;;;65195
1365;Wilhelm-Busch-Straße;;;;;;27;Schierstein;;;;;;65201
3148;Wilhelm-Dietz-Straße;;;;;;26;Delkenheim;;;;;;65205
1366;Wilhelm-Hauff-Straße;;;;;;3;Südost;;;;;;65187
1367;Wilhelm-Kalle-Straße;gerade;2;;36;A;14;Biebrich;;;;;;65203
1367;Wilhelm-Kalle-Straße;ungerade;3;;17;;14;Biebrich;;;;;;65203
1367;Wilhelm-Kalle-Straße;ungerade;19;;25;;14;Biebrich;;;;;;65203
3099;Wilhelm-Kempf-Haus WP;;;;;;31;Naurod;;;;;;65207
1368;Wilhelm-Kopp-Straße;;;;;;14;Biebrich;;;;;;65203
1369;Wilhelm-Leuschner-Straße;;;;;;16;Dotzheim;;;;;;65199
3149;Wilhelm-Schliffer-Straße;;;;;;31;Naurod;;;;;;65207
1371;Wilhelm-Tropp-Straße;;;;;;14;Biebrich;;;;;;65203
1364;Wilhelminenstraße;ungerade;1;;51;;2;Nordost;;;;;;65193
1364;Wilhelminenstraße;gerade;2;;16;;2;Nordost;;;;;;65193
1364;Wilhelminenstraße;gerade;16;A;58;;2;Nordost;;;;;;65193
1372;Wilhelmstraße;ungerade;1;;7;;3;Südost;;;;;;65185
1372;Wilhelmstraße;gerade;4;;22;;1;Mitte;;;;;;65185
1372;Wilhelmstraße;ungerade;9;;19;;2;Nordost;;;;;;65185
1372;Wilhelmstraße;gerade;24;;64;;1;Mitte;;;;;;65183
1372;Wilhelmstraße;ungerade;47;;49;;2;Nordost;;;;;;65183
5195;Wilhelmstraße /Ko;;;;;;53;Mz-Kostheim;;;;;;55246
2519;Willi-Juppe-Straße;;;;;;16;Dotzheim;;;;;;65199
2518;Willi-Werner-Straße;gerade;2;;6;;16;Dotzheim;;;;;;65199
2518;Willi-Werner-Straße;ungerade;3;;5;;16;Dotzheim;;;;;;65199
2518;Willi-Werner-Straße;ungerade;11;;11;;16;Dotzheim;;;;;;65199
1373;Willy-Borngässer-Straße;;;;;;7;Klarenthal;;;;;;65197
3493;Willy-Brandt-Allee;;;;;;6;Rheingauviertel, Hollerborn;;;;;;65197
1338;Wingertstraße;;;;;;14;Biebrich;;;;;;65203
1374;Winkeler Straße;;;;;;6;Rheingauviertel, Hollerborn;;;;;;65197
5196;Winterstraße;;;;;;53;Mz-Kostheim;;;;;;55246
3150;Winzerstraße;;;;;;34;Breckenheim;;;;;;65207
1377;Wittelsbacherstraße;;;;;;3;Südost;;;;;;65189
1378;Wittenberger Straße;;;;;;12;Bierstadt;;;;;;65191
1379;Wittgenweg;;;;;;11;Sonnenberg;;;;;;65193
1380;Wörther-See-Straße;ungerade;1;;25;;14;Biebrich;;;;;;65187
1380;Wörther-See-Straße;gerade;2;;18;;14;Biebrich;;;;;;65187
1380;Wörther-See-Straße;gerade;24;;26;;27;Schierstein;;;;;;65187
1380;Wörther-See-Straße;ungerade;29;;29;;27;Schierstein;;;;;;65187
1381;Wörthstraße;ungerade;1;;9;;1;Mitte;;;;;;65185
1381;Wörthstraße;gerade;4;;8;;1;Mitte;;;;;;65185
1381;Wörthstraße;gerade;12;;28;;1;Mitte;;;;;;65185
1381;Wörthstraße;ungerade;15;;25;;1;Mitte;;;;;;65185
1382;Wolfram-V-Eschenbach-Str;;;;;;3;Südost;;;;;;65187
1384;Württembergstraße;;;;;;12;Bierstadt;;;;;;65191
3151;Würzburger Straße;;;;;;26;Delkenheim;;;;;;65205
1385;Wupperstraße;;;;;;27;Schierstein;;;;;;65201
3584;Wuthsche Brauerei WP;;;;;;14;Biebrich;;;;;;65205
1386;Yorckstraße;;;;;;8;Westend, Bleichstraße;;;;;;65195
1387;Zaberner Straße;ungerade;1;;15;;14;Biebrich;;;;;;65203
1387;Zaberner Straße;gerade;2;;10;;14;Biebrich;;;;;;65203
1387;Zaberner Straße;gerade;12;;12;;14;Biebrich;;;;;;65203
1387;Zaberner Straße;ungerade;21;;25;;14;Biebrich;;;;;;65203
1388;Zähringerstraße;;;;;;3;Südost;;;;;;65189
3153;Zaunkönigweg;;;;;;25;Nordenstadt;;;;;;65205
1389;Zehntenhofstraße;;;;;;27;Schierstein;;;;;;65201
5198;Zehnthofstraße;;;;;;52;Mz-Kastel;;;;;;55252
1390;Zeilstraße;;;;;;27;Schierstein;;;;;;65201
3154;Zeisigweg;;;;;;25;Nordenstadt;;;;;;65205
5199;Zelterstraße;;;;;;53;Mz-Kostheim;;;;;;55246
1392;Ziegelhüttenstraße;;;;;;16;Dotzheim;;;;;;65199
1394;Zieglerstraße;ungerade;1;;43;;12;Bierstadt;;;;;;65191
1394;Zieglerstraße;gerade;2;;30;;12;Bierstadt;;;;;;65191
1395;Zietenring;;;;;;8;Westend, Bleichstraße;;;;;;65195
1396;Zimmermannstraße;;;;;;8;Westend, Bleichstraße;;;;;;65185
1397;Zugspitzstraße;;;;;;16;Dotzheim;;;;;;65199
1398;Zum Goethestein;;;;;;28;Frauenstein;;;;;;65201
1399;Zum Golzenberg;ungerade;1;;15;;24;Igstadt;;;;;;65207
1399;Zum Golzenberg;gerade;2;;34;;24;Igstadt;;;;;;65207
1399;Zum Golzenberg;ungerade;17;;17;B;24;Igstadt;;;;;;65207
1399;Zum Golzenberg;gerade;90;;90;;24;Igstadt;;;;;;65207
1400;Zum Grauen Stein;;;;;;28;Frauenstein;;;;;;65201
1401;Zum Nürnberger Hof;;;;;;28;Frauenstein;;;;;;65201
3696;Zur Schleifmühle;;;;;;13;Erbenheim;;;;;;65205
5418;Zur Weißerd;;;;;;53;Mz-Kostheim;;;;;;55246
1402;Zweibörnstraße;;;;;;3;Südost;;;;;;65189
1403;Zweigstraße;;;;;;11;Sonnenberg;;;;;;65191
1404;Zwergweg;;;;;;12;Bierstadt;;;;;;65191
3156;Zwickauer Straße;;;;;;25;Nordenstadt;;;;;;65205
1405;Zwinglistraße;;;;;;16;Dotzheim;;;;;;65199
