Straßennummer;Straßenname;Folge;Hausnr. (von);Zusatz zur Hausnr (von);Hausnr. (bis);Zusatz zur Hausnr (bis);Ortsbezirk;Stadtteil Name;Stadtbezirk;Stadtbezirksvorst;Schiedsleutebezirk;Sozialrathaus Name;Polizeirevier;Postleitzahl
;Akazienweg;;;;;;;Bad Zwesten;;;;;;34596
;Altenburgweg;;;;;;;Bad Zwesten;;;;;;34596
;Am Betzigeröder Weg;;;;;;;Bad Zwesten;;;;;;34596
;Am Büschelchen;;;;;;;Bad Zwesten;;;;;;34596
;Am Campingplatz;;;;;;;Bad Zwesten;;;;;;34596
;Am Graben;;;;;;;Bad Zwesten;;;;;;34596
;Am Gänseacker;;;;;;;Bad Zwesten;;;;;;34596
;Am Hammer;;;;;;;Bad Zwesten;;;;;;34596
;Am Koch;;;;;;;Bad Zwesten;;;;;;34596
;Am Rottacker;;;;;;;Bad Zwesten;;;;;;34596
;Am Sportfeld;;;;;;;Bad Zwesten;;;;;;34596
;Amselweg;;;;;;;Bad Zwesten;;;;;;34596
;An den Linngärten;;;;;;;Bad Zwesten;;;;;;34596
;An der Tromme;;;;;;;Bad Zwesten;;;;;;34596
;An der Urff;;;;;;;Bad Zwesten;;;;;;34596
;Auf der Freiheit;;;;;;;Bad Zwesten;;;;;;34596
;Bachstraße;;;;;;;Bad Zwesten;;;;;;34596
;Badeweg;;;;;;;Bad Zwesten;;;;;;34596
;Bergfreiheiter Str.;;;;;;;Bad Zwesten;;;;;;34596
;Bergstraße;;;;;;;Bad Zwesten;;;;;;34596
;Birkenweg;;;;;;;Bad Zwesten;;;;;;34596
;Blumenweg;;;;;;;Bad Zwesten;;;;;;34596
;Brunnenstraße;;;;;;;Bad Zwesten;;;;;;34596
;Brüder-Grimm-Straße;;;;;;;Bad Zwesten;;;;;;34596
;Bubenhäuser Straße;;;;;;;Bad Zwesten;;;;;;34596
;Burgweg;;;;;;;Bad Zwesten;;;;;;34596
;Chaumont-Allee;;;;;;;Bad Zwesten;;;;;;34596
;Ebersbergstraße;;;;;;;Bad Zwesten;;;;;;34596
;Eichendorffweg;;;;;;;Bad Zwesten;;;;;;34596
;Eichenweg;;;;;;;Bad Zwesten;;;;;;34596
;Eichwaldstraße;;;;;;;Bad Zwesten;;;;;;34596
;Fasanenweg;;;;;;;Bad Zwesten;;;;;;34596
;Finkengasse;;;;;;;Bad Zwesten;;;;;;34596
;Fliederweg;;;;;;;Bad Zwesten;;;;;;34596
;Fontanestraße;;;;;;;Bad Zwesten;;;;;;34596
;Frankfurter Straße;;;;;;;Bad Zwesten;;;;;;34596
;Fritzlarer Straße;;;;;;;Bad Zwesten;;;;;;34596
;Gartenstraße;;;;;;;Bad Zwesten;;;;;;34596
;Gartenweg;;;;;;;Bad Zwesten;;;;;;34596
;Goethestraße;;;;;;;Bad Zwesten;;;;;;34596
;Grüner Weg;;;;;;;Bad Zwesten;;;;;;34596
;Hainstraße;;;;;;;Bad Zwesten;;;;;;34596
;Hardtstraße;;;;;;;Bad Zwesten;;;;;;34596
;Haselhecke;;;;;;;Bad Zwesten;;;;;;34596
;Hauptstraße;;;;;;;Bad Zwesten;;;;;;34596
;Heideweg;;;;;;;Bad Zwesten;;;;;;34596
;Heinrich-Heine-Str.;;;;;;;Bad Zwesten;;;;;;34596
;Hessenweg;;;;;;;Bad Zwesten;;;;;;34596
;Hinterstraße;;;;;;;Bad Zwesten;;;;;;34596
;Höhlenweg;;;;;;;Bad Zwesten;;;;;;34596
;Im Birkengarten;;;;;;;Bad Zwesten;;;;;;34596
;Im Bodenfeld;;;;;;;Bad Zwesten;;;;;;34596
;Im Grund;;;;;;;Bad Zwesten;;;;;;34596
;Im Oberdorf;;;;;;;Bad Zwesten;;;;;;34596
;In der Ecke;;;;;;;Bad Zwesten;;;;;;34596
;Kasseler Straße;;;;;;;Bad Zwesten;;;;;;34596
;Keilmühle;;;;;;;Bad Zwesten;;;;;;34596
;Kirchfeld;;;;;;;Bad Zwesten;;;;;;34596
;Kirchweg;;;;;;;Bad Zwesten;;;;;;34596
;Kirschweg;;;;;;;Bad Zwesten;;;;;;34596
;Kleine Gasse;;;;;;;Bad Zwesten;;;;;;34596
;Leomühle;;;;;;;Bad Zwesten;;;;;;34596
;Lerchenweg;;;;;;;Bad Zwesten;;;;;;34596
;Lindenstraße;;;;;;;Bad Zwesten;;;;;;34596
;Lohweg;;;;;;;Bad Zwesten;;;;;;34596
;Mittelweg;;;;;;;Bad Zwesten;;;;;;34596
;Mühlenweg;;;;;;;Bad Zwesten;;;;;;34596
;Mühlstraße;;;;;;;Bad Zwesten;;;;;;34596
;Neue Fahrt;;;;;;;Bad Zwesten;;;;;;34596
;Neuer Weg;;;;;;;Bad Zwesten;;;;;;34596
;Nordstraße;;;;;;;Bad Zwesten;;;;;;34596
;Oberurffer Straße;;;;;;;Bad Zwesten;;;;;;34596
;Oststraße;;;;;;;Bad Zwesten;;;;;;34596
;Ottomühle;;;;;;;Bad Zwesten;;;;;;34596
;Parkstraße;;;;;;;Bad Zwesten;;;;;;34596
;Pflichthaus;;;;;;;Bad Zwesten;;;;;;34596
;Querstraße;;;;;;;Bad Zwesten;;;;;;34596
;Raiffeisenweg;;;;;;;Bad Zwesten;;;;;;34596
;Ringstraße;;;;;;;Bad Zwesten;;;;;;34596
;Rosenstraße;;;;;;;Bad Zwesten;;;;;;34596
;Sandkaute;;;;;;;Bad Zwesten;;;;;;34596
;Scheidtweg;;;;;;;Bad Zwesten;;;;;;34596
;Schiffelborner Str.;;;;;;;Bad Zwesten;;;;;;34596
;Schloßbergstraße;;;;;;;Bad Zwesten;;;;;;34596
;Schloßweg;;;;;;;Bad Zwesten;;;;;;34596
;Schulstraße;;;;;;;Bad Zwesten;;;;;;34596
;Schöne Aussicht;;;;;;;Bad Zwesten;;;;;;34596
;Südstraße;;;;;;;Bad Zwesten;;;;;;34596
;Talstraße;;;;;;;Bad Zwesten;;;;;;34596
;Tannenstraße;;;;;;;Bad Zwesten;;;;;;34596
;Tannenweg;;;;;;;Bad Zwesten;;;;;;34596
;Turmweg;;;;;;;Bad Zwesten;;;;;;34596
;Ulmenweg;;;;;;;Bad Zwesten;;;;;;34596
;Urffstraße;;;;;;;Bad Zwesten;;;;;;34596
;Vor dem Tore;;;;;;;Bad Zwesten;;;;;;34596
;Weststraße;;;;;;;Bad Zwesten;;;;;;34596
;Wiesengrund;;;;;;;Bad Zwesten;;;;;;34596
;Wiesenweg;;;;;;;Bad Zwesten;;;;;;34596
;Wildunger Straße;;;;;;;Bad Zwesten;;;;;;34596
;Willi-Koch-Straße;;;;;;;Bad Zwesten;;;;;;34596
;Wolfsgasse;;;;;;;Bad Zwesten;;;;;;34596
;Ziegenhainer Straße;;;;;;;Bad Zwesten;;;;;;34596
;Ziergartenstraße;;;;;;;Bad Zwesten;;;;;;34596
;Zum Hopfengarten;;;;;;;Bad Zwesten;;;;;;34596
;Zum Kurpark;;;;;;;Bad Zwesten;;;;;;34596
;Zum Köpfchen;;;;;;;Bad Zwesten;;;;;;34596
;Zum Treisberg;;;;;;;Bad Zwesten;;;;;;34596
;Zur Weidelache;;;;;;;Bad Zwesten;;;;;;34596
;Über d. Runden Hecke;;;;;;;Bad Zwesten;;;;;;34596
;Über der Siege;;;;;;;Bad Zwesten;;;;;;34596
;Aeschenweg;;;;;;;Borken (Hessen);;;;;;34582
;Ahornweg;;;;;;;Borken (Hessen);;;;;;34582
;Akazienweg;;;;;;;Borken (Hessen);;;;;;34582
;Albert-Einstein-Straße;;;;;;;Borken (Hessen);;;;;;34582
;Alfred-Nobel-Straße;;;;;;;Borken (Hessen);;;;;;34582
;Alte Lembacher Str.;;;;;;;Borken (Hessen);;;;;;34582
;Alte Pfarrstraße;;;;;;;Borken (Hessen);;;;;;34582
;Altenburgplatz;;;;;;;Borken (Hessen);;;;;;34582
;Altenburgstraße;;;;;;;Borken (Hessen);;;;;;34582
;Am Alten Hof;;;;;;;Borken (Hessen);;;;;;34582
;Am Amtsgericht;;;;;;;Borken (Hessen);;;;;;34582
;Am Bach;;;;;;;Borken (Hessen);;;;;;34582
;Am Bahndamm;;;;;;;Borken (Hessen);;;;;;34582
;Am Bahnhof;;;;;;;Borken (Hessen);;;;;;34582
;Am Baumsacker;;;;;;;Borken (Hessen);;;;;;34582
;Am Berg;;;;;;;Borken (Hessen);;;;;;34582
;Am Bickelacker;;;;;;;Borken (Hessen);;;;;;34582
;Am Bleichgarten;;;;;;;Borken (Hessen);;;;;;34582
;Am Bornpfad;;;;;;;Borken (Hessen);;;;;;34582
;Am Brachfeld;;;;;;;Borken (Hessen);;;;;;34582
;Am Brückchen;;;;;;;Borken (Hessen);;;;;;34582
;Am Diebesfeld;;;;;;;Borken (Hessen);;;;;;34582
;Am Eichgarten;;;;;;;Borken (Hessen);;;;;;34582
;Am Feld;;;;;;;Borken (Hessen);;;;;;34582
;Am Feldrain;;;;;;;Borken (Hessen);;;;;;34582
;Am Foßheller;;;;;;;Borken (Hessen);;;;;;34582
;Am Freilichtmuseum;;;;;;;Borken (Hessen);;;;;;34582
;Am Gemeinschaftshaus;;;;;;;Borken (Hessen);;;;;;34582
;Am Gerichtsgraben;;;;;;;Borken (Hessen);;;;;;34582
;Am Graben;;;;;;;Borken (Hessen);;;;;;34582
;Am Güterbahnhof;;;;;;;Borken (Hessen);;;;;;34582
;Am Hang;;;;;;;Borken (Hessen);;;;;;34582
;Am Hasenbrunnen;;;;;;;Borken (Hessen);;;;;;34582
;Am Heiligengarten;;;;;;;Borken (Hessen);;;;;;34582
;Am Hommerstück;;;;;;;Borken (Hessen);;;;;;34582
;Am Hopfengarten;;;;;;;Borken (Hessen);;;;;;34582
;Am Kaiserkreuz;;;;;;;Borken (Hessen);;;;;;34582
;Am Kerstenberg;;;;;;;Borken (Hessen);;;;;;34582
;Am Kindergarten;;;;;;;Borken (Hessen);;;;;;34582
;Am Kirchring;;;;;;;Borken (Hessen);;;;;;34582
;Am Kraftwerk;;;;;;;Borken (Hessen);;;;;;34582
;Am Lembach;;;;;;;Borken (Hessen);;;;;;34582
;Am Mühlengrund;;;;;;;Borken (Hessen);;;;;;34582
;Am Mühlteich;;;;;;;Borken (Hessen);;;;;;34582
;Am Naturschutzgebiet;;;;;;;Borken (Hessen);;;;;;34582
;Am Niederfeld;;;;;;;Borken (Hessen);;;;;;34582
;Am Pfarrgarten;;;;;;;Borken (Hessen);;;;;;34582
;Am Pflanzenort;;;;;;;Borken (Hessen);;;;;;34582
;Am Rain;;;;;;;Borken (Hessen);;;;;;34582
;Am Rathaus;;;;;;;Borken (Hessen);;;;;;34582
;Am Rosengarten;;;;;;;Borken (Hessen);;;;;;34582
;Am Rottland;;;;;;;Borken (Hessen);;;;;;34582
;Am Rübegarten;;;;;;;Borken (Hessen);;;;;;34582
;Am Schuffert;;;;;;;Borken (Hessen);;;;;;34582
;Am Schwimmbad;;;;;;;Borken (Hessen);;;;;;34582
;Am Spielplatz;;;;;;;Borken (Hessen);;;;;;34582
;Am Steffling;;;;;;;Borken (Hessen);;;;;;34582
;Am Steingarten;;;;;;;Borken (Hessen);;;;;;34582
;Am Steinhof;;;;;;;Borken (Hessen);;;;;;34582
;Am Struthteich;;;;;;;Borken (Hessen);;;;;;34582
;Am Tor;;;;;;;Borken (Hessen);;;;;;34582
;Am Turm;;;;;;;Borken (Hessen);;;;;;34582
;Am Vogelsang;;;;;;;Borken (Hessen);;;;;;34582
;Am Waldfeld;;;;;;;Borken (Hessen);;;;;;34582
;Am Wasserwerk;;;;;;;Borken (Hessen);;;;;;34582
;Am Westerfeld;;;;;;;Borken (Hessen);;;;;;34582
;Am Wiegebrunnen;;;;;;;Borken (Hessen);;;;;;34582
;Am Wolfshain;;;;;;;Borken (Hessen);;;;;;34582
;Am Zechenhof;;;;;;;Borken (Hessen);;;;;;34582
;Amselweg;;;;;;;Borken (Hessen);;;;;;34582
;An den Eichen;;;;;;;Borken (Hessen);;;;;;34582
;An der Hardt;;;;;;;Borken (Hessen);;;;;;34582
;An der Heger;;;;;;;Borken (Hessen);;;;;;34582
;An der Hermannstruth;;;;;;;Borken (Hessen);;;;;;34582
;An der Kippe;;;;;;;Borken (Hessen);;;;;;34582
;An der Kirche;;;;;;;Borken (Hessen);;;;;;34582
;An der Lichte;;;;;;;Borken (Hessen);;;;;;34582
;An der Lust;;;;;;;Borken (Hessen);;;;;;34582
;Arnsbacher Straße;;;;;;;Borken (Hessen);;;;;;34582
;Auf dem Littig;;;;;;;Borken (Hessen);;;;;;34582
;Auf den Brunken;;;;;;;Borken (Hessen);;;;;;34582
;Auf der Schuffel;;;;;;;Borken (Hessen);;;;;;34582
;Bachgarten;;;;;;;Borken (Hessen);;;;;;34582
;Bachweg;;;;;;;Borken (Hessen);;;;;;34582
;Bahnhofstraße;;;;;;;Borken (Hessen);;;;;;34582
;Banatweg;;;;;;;Borken (Hessen);;;;;;34582
;Behringweg;;;;;;;Borken (Hessen);;;;;;34582
;Bergheimer Straße;;;;;;;Borken (Hessen);;;;;;34582
;Bergmannstraße;;;;;;;Borken (Hessen);;;;;;34582
;Berliner Straße;;;;;;;Borken (Hessen);;;;;;34582
;Bindeweg;;;;;;;Borken (Hessen);;;;;;34582
;Birkenallee;;;;;;;Borken (Hessen);;;;;;34582
;Blumenweg;;;;;;;Borken (Hessen);;;;;;34582
;Blümlingsweg;;;;;;;Borken (Hessen);;;;;;34582
;Bobenhäuser Weg;;;;;;;Borken (Hessen);;;;;;34582
;Bodenbacher Straße;;;;;;;Borken (Hessen);;;;;;34582
;Bodenweg;;;;;;;Borken (Hessen);;;;;;34582
;Bommerweg;;;;;;;Borken (Hessen);;;;;;34582
;Borkener Straße;;;;;;;Borken (Hessen);;;;;;34582
;Borngasse;;;;;;;Borken (Hessen);;;;;;34582
;Bornheckenstraße;;;;;;;Borken (Hessen);;;;;;34582
;Bornrain;;;;;;;Borken (Hessen);;;;;;34582
;Braasstraße;;;;;;;Borken (Hessen);;;;;;34582
;Breiter Weg;;;;;;;Borken (Hessen);;;;;;34582
;Breslauer Straße;;;;;;;Borken (Hessen);;;;;;34582
;Bruchgasse;;;;;;;Borken (Hessen);;;;;;34582
;Brunnenweg;;;;;;;Borken (Hessen);;;;;;34582
;Buchenbergstraße;;;;;;;Borken (Hessen);;;;;;34582
;Buchholz;;;;;;;Borken (Hessen);;;;;;34582
;Burgstraße;;;;;;;Borken (Hessen);;;;;;34582
;Carl-Benz-Straße;;;;;;;Borken (Hessen);;;;;;34582
;Charlottengasse;;;;;;;Borken (Hessen);;;;;;34582
;Chattenweg;;;;;;;Borken (Hessen);;;;;;34582
;Deichgasse;;;;;;;Borken (Hessen);;;;;;34582
;Dillicher Straße;;;;;;;Borken (Hessen);;;;;;34582
;Domänenweg;;;;;;;Borken (Hessen);;;;;;34582
;Dorfbrunnenweg;;;;;;;Borken (Hessen);;;;;;34582
;Dorfstraße;;;;;;;Borken (Hessen);;;;;;34582
;Dr.-Eckener-Straße;;;;;;;Borken (Hessen);;;;;;34582
;Dresdener Straße;;;;;;;Borken (Hessen);;;;;;34582
;Dörnbergweg;;;;;;;Borken (Hessen);;;;;;34582
;Eckenstückerweg;;;;;;;Borken (Hessen);;;;;;34582
;Egerstraße;;;;;;;Borken (Hessen);;;;;;34582
;Ehrenmalstraße;;;;;;;Borken (Hessen);;;;;;34582
;Eichenrain;;;;;;;Borken (Hessen);;;;;;34582
;Eisenkaute;;;;;;;Borken (Hessen);;;;;;34582
;Elbeweg;;;;;;;Borken (Hessen);;;;;;34582
;Erfurter Straße;;;;;;;Borken (Hessen);;;;;;34582
;Erlenwiesenweg;;;;;;;Borken (Hessen);;;;;;34582
;Ernst-Reuter-Straße;;;;;;;Borken (Hessen);;;;;;34582
;Europaplatz;;;;;;;Borken (Hessen);;;;;;34582
;Fasanenweg;;;;;;;Borken (Hessen);;;;;;34582
;Fichtenstraße;;;;;;;Borken (Hessen);;;;;;34582
;Finkenweg;;;;;;;Borken (Hessen);;;;;;34582
;Fliederstraße;;;;;;;Borken (Hessen);;;;;;34582
;Flurweg;;;;;;;Borken (Hessen);;;;;;34582
;Flutstraße;;;;;;;Borken (Hessen);;;;;;34582
;Forsthausstraße;;;;;;;Borken (Hessen);;;;;;34582
;Forstweg;;;;;;;Borken (Hessen);;;;;;34582
;Frankfurter Straße;;;;;;;Borken (Hessen);;;;;;34582
;Freudenthaler Str.;;;;;;;Borken (Hessen);;;;;;34582
;Friedhofsweg;;;;;;;Borken (Hessen);;;;;;34582
;Friedlandstraße;;;;;;;Borken (Hessen);;;;;;34582
;Friedrich-Ebert-Str.;;;;;;;Borken (Hessen);;;;;;34582
;Frielendorfer Str.;;;;;;;Borken (Hessen);;;;;;34582
;Fritzlarer Straße;;;;;;;Borken (Hessen);;;;;;34582
;Gansacker;;;;;;;Borken (Hessen);;;;;;34582
;Gartenweg;;;;;;;Borken (Hessen);;;;;;34582
;Gellengäßchen;;;;;;;Borken (Hessen);;;;;;34582
;Gellenweg;;;;;;;Borken (Hessen);;;;;;34582
;Geysostraße;;;;;;;Borken (Hessen);;;;;;34582
;Gildeweg;;;;;;;Borken (Hessen);;;;;;34582
;Gilsbachweg;;;;;;;Borken (Hessen);;;;;;34582
;Gilserhof;;;;;;;Borken (Hessen);;;;;;34582
;Goethestraße;;;;;;;Borken (Hessen);;;;;;34582
;Gombether Straße;;;;;;;Borken (Hessen);;;;;;34582
;Grasweg;;;;;;;Borken (Hessen);;;;;;34582
;Grimmstraße;;;;;;;Borken (Hessen);;;;;;34582
;Großenengliser Str.;;;;;;;Borken (Hessen);;;;;;34582
;Großer Garten;;;;;;;Borken (Hessen);;;;;;34582
;Grubenweg;;;;;;;Borken (Hessen);;;;;;34582
;Grüner Weg;;;;;;;Borken (Hessen);;;;;;34582
;Gudensberger Str.;;;;;;;Borken (Hessen);;;;;;34582
;Gutsweg;;;;;;;Borken (Hessen);;;;;;34582
;Haarhäuser Straße;;;;;;;Borken (Hessen);;;;;;34582
;Haarschwärze;;;;;;;Borken (Hessen);;;;;;34582
;Habichtswaldstraße;;;;;;;Borken (Hessen);;;;;;34582
;Hainweg;;;;;;;Borken (Hessen);;;;;;34582
;Hardtstraße;;;;;;;Borken (Hessen);;;;;;34582
;Hauptstraße;;;;;;;Borken (Hessen);;;;;;34582
;Hebeler Straße;;;;;;;Borken (Hessen);;;;;;34582
;Heidestraße;;;;;;;Borken (Hessen);;;;;;34582
;Heidäcker;;;;;;;Borken (Hessen);;;;;;34582
;Heineckestraße;;;;;;;Borken (Hessen);;;;;;34582
;Heinrich-Kohl-Str.;;;;;;;Borken (Hessen);;;;;;34582
;Herboldshäuser Weg;;;;;;;Borken (Hessen);;;;;;34582
;Hermannsweg;;;;;;;Borken (Hessen);;;;;;34582
;Hersfelder Straße;;;;;;;Borken (Hessen);;;;;;34582
;Hesselweg;;;;;;;Borken (Hessen);;;;;;34582
;Hilgenäcker;;;;;;;Borken (Hessen);;;;;;34582
;Hinter den Gärten;;;;;;;Borken (Hessen);;;;;;34582
;Hinter der Bahn;;;;;;;Borken (Hessen);;;;;;34582
;Hinter der Hute;;;;;;;Borken (Hessen);;;;;;34582
;Hintergasse;;;;;;;Borken (Hessen);;;;;;34582
;Hinterwiesen;;;;;;;Borken (Hessen);;;;;;34582
;Hirtenplatz;;;;;;;Borken (Hessen);;;;;;34582
;Hohe Gelle;;;;;;;Borken (Hessen);;;;;;34582
;Hoheneicher Straße;;;;;;;Borken (Hessen);;;;;;34582
;Hohlweg;;;;;;;Borken (Hessen);;;;;;34582
;Holderbach;;;;;;;Borken (Hessen);;;;;;34582
;Holunderstraße;;;;;;;Borken (Hessen);;;;;;34582
;Holzapfelweg;;;;;;;Borken (Hessen);;;;;;34582
;Holzäckerweg;;;;;;;Borken (Hessen);;;;;;34582
;Homberger Straße;;;;;;;Borken (Hessen);;;;;;34582
;Hopfenstraße;;;;;;;Borken (Hessen);;;;;;34582
;Hubertusstraße;;;;;;;Borken (Hessen);;;;;;34582
;Hudeweg;;;;;;;Borken (Hessen);;;;;;34582
;Hundrück;;;;;;;Borken (Hessen);;;;;;34582
;Hundsbachweg;;;;;;;Borken (Hessen);;;;;;34582
;Hundsburgstraße;;;;;;;Borken (Hessen);;;;;;34582
;Höhenweg;;;;;;;Borken (Hessen);;;;;;34582
;Hüttschlager Weg;;;;;;;Borken (Hessen);;;;;;34582
;Im Brühl;;;;;;;Borken (Hessen);;;;;;34582
;Im Schlag;;;;;;;Borken (Hessen);;;;;;34582
;In den Breiten;;;;;;;Borken (Hessen);;;;;;34582
;In der Ecke;;;;;;;Borken (Hessen);;;;;;34582
;Inselstraße;;;;;;;Borken (Hessen);;;;;;34582
;Jahnstraße;;;;;;;Borken (Hessen);;;;;;34582
;Justus-Liebig-Straße;;;;;;;Borken (Hessen);;;;;;34582
;Jägerstraße;;;;;;;Borken (Hessen);;;;;;34582
;Kalbsburg;;;;;;;Borken (Hessen);;;;;;34582
;Kalbsburger Straße;;;;;;;Borken (Hessen);;;;;;34582
;Karlsbader Straße;;;;;;;Borken (Hessen);;;;;;34582
;Kasseler Straße;;;;;;;Borken (Hessen);;;;;;34582
;Kastanienstraße;;;;;;;Borken (Hessen);;;;;;34582
;Kellerwaldstraße;;;;;;;Borken (Hessen);;;;;;34582
;Kernstraße;;;;;;;Borken (Hessen);;;;;;34582
;Kerstenhausener Str.;;;;;;;Borken (Hessen);;;;;;34582
;Kiefernweg;;;;;;;Borken (Hessen);;;;;;34582
;Kirchstraße;;;;;;;Borken (Hessen);;;;;;34582
;Kirschrain;;;;;;;Borken (Hessen);;;;;;34582
;Klause;;;;;;;Borken (Hessen);;;;;;34582
;Knüllweg;;;;;;;Borken (Hessen);;;;;;34582
;Koppelweg;;;;;;;Borken (Hessen);;;;;;34582
;Krausgasse;;;;;;;Borken (Hessen);;;;;;34582
;Krontrieschstraße;;;;;;;Borken (Hessen);;;;;;34582
;Kurt-Schumacher-Anlage;;;;;;;Borken (Hessen);;;;;;34582
;Landweg;;;;;;;Borken (Hessen);;;;;;34582
;Laubenweg;;;;;;;Borken (Hessen);;;;;;34582
;Lembacher Weg;;;;;;;Borken (Hessen);;;;;;34582
;Lerchenrain;;;;;;;Borken (Hessen);;;;;;34582
;Leutebergstraße;;;;;;;Borken (Hessen);;;;;;34582
;Lindenstraße;;;;;;;Borken (Hessen);;;;;;34582
;Lochbornweg;;;;;;;Borken (Hessen);;;;;;34582
;Lohwiesenweg;;;;;;;Borken (Hessen);;;;;;34582
;Lohäcker;;;;;;;Borken (Hessen);;;;;;34582
;Main-Weser-Straße;;;;;;;Borken (Hessen);;;;;;34582
;Marburger Straße;;;;;;;Borken (Hessen);;;;;;34582
;Marienrode;;;;;;;Borken (Hessen);;;;;;34582
;Marktstraße;;;;;;;Borken (Hessen);;;;;;34582
;Meisenring;;;;;;;Borken (Hessen);;;;;;34582
;Meißnerweg;;;;;;;Borken (Hessen);;;;;;34582
;Meruer Straße;;;;;;;Borken (Hessen);;;;;;34582
;Metzen Tannen;;;;;;;Borken (Hessen);;;;;;34582
;Mittelweg;;;;;;;Borken (Hessen);;;;;;34582
;Molkenpfad;;;;;;;Borken (Hessen);;;;;;34582
;Morgengabe;;;;;;;Borken (Hessen);;;;;;34582
;Muschelweg;;;;;;;Borken (Hessen);;;;;;34582
;Mühlenweg;;;;;;;Borken (Hessen);;;;;;34582
;Mühlgasse;;;;;;;Borken (Hessen);;;;;;34582
;Mühlhäuser Str.;;;;;;;Borken (Hessen);;;;;;34582
;Nassenerfurther Str.;;;;;;;Borken (Hessen);;;;;;34582
;Nelkenstraße;;;;;;;Borken (Hessen);;;;;;34582
;Neue Straße;;;;;;;Borken (Hessen);;;;;;34582
;Neuenhainer Straße;;;;;;;Borken (Hessen);;;;;;34582
;Noailles-Straße;;;;;;;Borken (Hessen);;;;;;34582
;Nordstraße;;;;;;;Borken (Hessen);;;;;;34582
;Oberdorfring;;;;;;;Borken (Hessen);;;;;;34582
;Obere Bergstraße;;;;;;;Borken (Hessen);;;;;;34582
;Oberstraße;;;;;;;Borken (Hessen);;;;;;34582
;Odenwaldweg;;;;;;;Borken (Hessen);;;;;;34582
;Oderstraße;;;;;;;Borken (Hessen);;;;;;34582
;Olmsweg;;;;;;;Borken (Hessen);;;;;;34582
;Ostlandstraße;;;;;;;Borken (Hessen);;;;;;34582
;Ottostraße;;;;;;;Borken (Hessen);;;;;;34582
;Pappelweg;;;;;;;Borken (Hessen);;;;;;34582
;Paul-Lincke-Straße;;;;;;;Borken (Hessen);;;;;;34582
;Pestalozzistraße;;;;;;;Borken (Hessen);;;;;;34582
;Pfaffenhäuser Straße;;;;;;;Borken (Hessen);;;;;;34582
;Pferdetränke;;;;;;;Borken (Hessen);;;;;;34582
;Pfingstweide;;;;;;;Borken (Hessen);;;;;;34582
;Pflichthaus;;;;;;;Borken (Hessen);;;;;;34582
;Ph.-Scheidemann-Str.;;;;;;;Borken (Hessen);;;;;;34582
;Philipp-Reis-Straße;;;;;;;Borken (Hessen);;;;;;34582
;Poststraße;;;;;;;Borken (Hessen);;;;;;34582
;Privatweg;;;;;;;Borken (Hessen);;;;;;34582
;Quellenstraße;;;;;;;Borken (Hessen);;;;;;34582
;Querweg;;;;;;;Borken (Hessen);;;;;;34582
;Rechbergstraße;;;;;;;Borken (Hessen);;;;;;34582
;Reinhardswaldweg;;;;;;;Borken (Hessen);;;;;;34582
;Renthof;;;;;;;Borken (Hessen);;;;;;34582
;Rhönweg;;;;;;;Borken (Hessen);;;;;;34582
;Ringstraße;;;;;;;Borken (Hessen);;;;;;34582
;Robert-Koch-Weg;;;;;;;Borken (Hessen);;;;;;34582
;Rohrweg;;;;;;;Borken (Hessen);;;;;;34582
;Roppershainer Str.;;;;;;;Borken (Hessen);;;;;;34582
;Rosengartenweg;;;;;;;Borken (Hessen);;;;;;34582
;Rosenstraße;;;;;;;Borken (Hessen);;;;;;34582
;Roter Rain;;;;;;;Borken (Hessen);;;;;;34582
;Rothengasse;;;;;;;Borken (Hessen);;;;;;34582
;Rundstraße;;;;;;;Borken (Hessen);;;;;;34582
;Rundweg;;;;;;;Borken (Hessen);;;;;;34582
;Römersberger Straße;;;;;;;Borken (Hessen);;;;;;34582
;Röthenfeldstraße;;;;;;;Borken (Hessen);;;;;;34582
;Rübengasse;;;;;;;Borken (Hessen);;;;;;34582
;Sackgasse;;;;;;;Borken (Hessen);;;;;;34582
;Salzäckerweg;;;;;;;Borken (Hessen);;;;;;34582
;Sandgärten;;;;;;;Borken (Hessen);;;;;;34582
;Sauerbrunnen;;;;;;;Borken (Hessen);;;;;;34582
;Schaftrift;;;;;;;Borken (Hessen);;;;;;34582
;Scheibenweg;;;;;;;Borken (Hessen);;;;;;34582
;Schillerstraße;;;;;;;Borken (Hessen);;;;;;34582
;Schlehenstraße;;;;;;;Borken (Hessen);;;;;;34582
;Schlesierstraße;;;;;;;Borken (Hessen);;;;;;34582
;Schloßstraße;;;;;;;Borken (Hessen);;;;;;34582
;Schmaler Weg;;;;;;;Borken (Hessen);;;;;;34582
;Schulstraße;;;;;;;Borken (Hessen);;;;;;34582
;Schwalmweg;;;;;;;Borken (Hessen);;;;;;34582
;Schwarze Erde;;;;;;;Borken (Hessen);;;;;;34582
;Schöne Aussicht;;;;;;;Borken (Hessen);;;;;;34582
;Seestraße;;;;;;;Borken (Hessen);;;;;;34582
;Sellenweg;;;;;;;Borken (Hessen);;;;;;34582
;Sendbergstraße;;;;;;;Borken (Hessen);;;;;;34582
;Siechengasse;;;;;;;Borken (Hessen);;;;;;34582
;Siedlerweg;;;;;;;Borken (Hessen);;;;;;34582
;Singliser Straße;;;;;;;Borken (Hessen);;;;;;34582
;Sonnenhang;;;;;;;Borken (Hessen);;;;;;34582
;St.-Charles-Straße;;;;;;;Borken (Hessen);;;;;;34582
;Stadionstraße;;;;;;;Borken (Hessen);;;;;;34582
;Steingasse;;;;;;;Borken (Hessen);;;;;;34582
;Steinkreuzweg;;;;;;;Borken (Hessen);;;;;;34582
;Steinweg;;;;;;;Borken (Hessen);;;;;;34582
;Steinäckerweg;;;;;;;Borken (Hessen);;;;;;34582
;Sternstraße;;;;;;;Borken (Hessen);;;;;;34582
;Stiegelackerweg;;;;;;;Borken (Hessen);;;;;;34582
;Stiegelbachstraße;;;;;;;Borken (Hessen);;;;;;34582
;Stolzenbacher Str.;;;;;;;Borken (Hessen);;;;;;34582
;Stresemannstraße;;;;;;;Borken (Hessen);;;;;;34582
;Strichpfuhlweg;;;;;;;Borken (Hessen);;;;;;34582
;Struthweg;;;;;;;Borken (Hessen);;;;;;34582
;Stöckeweg;;;;;;;Borken (Hessen);;;;;;34582
;Söhreweg;;;;;;;Borken (Hessen);;;;;;34582
;Südrandstraße;;;;;;;Borken (Hessen);;;;;;34582
;Talstraße;;;;;;;Borken (Hessen);;;;;;34582
;Tannenweg;;;;;;;Borken (Hessen);;;;;;34582
;Taunusweg;;;;;;;Borken (Hessen);;;;;;34582
;Teichgartenweg;;;;;;;Borken (Hessen);;;;;;34582
;Teichstraße;;;;;;;Borken (Hessen);;;;;;34582
;Trauffenstraße;;;;;;;Borken (Hessen);;;;;;34582
;Trieschweg;;;;;;;Borken (Hessen);;;;;;34582
;Trockenerfurther Str;;;;;;;Borken (Hessen);;;;;;34582
;Tränkeweg;;;;;;;Borken (Hessen);;;;;;34582
;Tulpenweg;;;;;;;Borken (Hessen);;;;;;34582
;Turmgasse;;;;;;;Borken (Hessen);;;;;;34582
;Turmplatz;;;;;;;Borken (Hessen);;;;;;34582
;Udenbörner Straße;;;;;;;Borken (Hessen);;;;;;34582
;Uferweg;;;;;;;Borken (Hessen);;;;;;34582
;Ulmenweg;;;;;;;Borken (Hessen);;;;;;34582
;Untere Bergstraße;;;;;;;Borken (Hessen);;;;;;34582
;Unterer Traufenweg;;;;;;;Borken (Hessen);;;;;;34582
;Untergasse;;;;;;;Borken (Hessen);;;;;;34582
;Uttershäuser Str.;;;;;;;Borken (Hessen);;;;;;34582
;Virchowweg;;;;;;;Borken (Hessen);;;;;;34582
;Vogelsbergweg;;;;;;;Borken (Hessen);;;;;;34582
;Waberner Straße;;;;;;;Borken (Hessen);;;;;;34582
;Wacholderweg;;;;;;;Borken (Hessen);;;;;;34582
;Wachtelweg;;;;;;;Borken (Hessen);;;;;;34582
;Wagnerstraße;;;;;;;Borken (Hessen);;;;;;34582
;Waldblickstraße;;;;;;;Borken (Hessen);;;;;;34582
;Waldstraße;;;;;;;Borken (Hessen);;;;;;34582
;Wallgraben;;;;;;;Borken (Hessen);;;;;;34582
;Warmbrunnstraße;;;;;;;Borken (Hessen);;;;;;34582
;Weidenweg;;;;;;;Borken (Hessen);;;;;;34582
;Weingarten;;;;;;;Borken (Hessen);;;;;;34582
;Welengsweg;;;;;;;Borken (Hessen);;;;;;34582
;Werrastraße;;;;;;;Borken (Hessen);;;;;;34582
;Westrandstraße;;;;;;;Borken (Hessen);;;;;;34582
;Wiesenweg;;;;;;;Borken (Hessen);;;;;;34582
;Wildunger Straße;;;;;;;Borken (Hessen);;;;;;34582
;Wilhelmstraße;;;;;;;Borken (Hessen);;;;;;34582
;Windebornstraße;;;;;;;Borken (Hessen);;;;;;34582
;Wirtsgasse;;;;;;;Borken (Hessen);;;;;;34582
;Zeisigweg;;;;;;;Borken (Hessen);;;;;;34582
;Zeppelinstraße;;;;;;;Borken (Hessen);;;;;;34582
;Ziegenhainer Straße;;;;;;;Borken (Hessen);;;;;;34582
;Zimmersröder Straße;;;;;;;Borken (Hessen);;;;;;34582
;Zu den Stockäckern;;;;;;;Borken (Hessen);;;;;;34582
;Zum Alten Forst;;;;;;;Borken (Hessen);;;;;;34582
;Zum Alten Kraftwerk;;;;;;;Borken (Hessen);;;;;;34582
;Zum Roth;;;;;;;Borken (Hessen);;;;;;34582
;Zum Silberrain;;;;;;;Borken (Hessen);;;;;;34582
;Zum Stegweg;;;;;;;Borken (Hessen);;;;;;34582
;Zur Lindenallee;;;;;;;Borken (Hessen);;;;;;34582
;Am Berge;;;;;;;Besse;;;;;;34295
;An der Linde;;;;;;;Besse;;;;;;34295
;Auf dem Erdstück;;;;;;;Besse;;;;;;34295
;Auf dem Hundsrück;;;;;;;Besse;;;;;;34295
;Auf dem Wiesenböhl;;;;;;;Besse;;;;;;34295
;Auf der Heide;;;;;;;Besse;;;;;;34295
;Auf der Sandkaute;;;;;;;Besse;;;;;;34295
;Beethovenstraße;;;;;;;Besse;;;;;;34295
;Berliner Str.;;;;;;;Besse;;;;;;34295
;Bilsteinstraße;;;;;;;Besse;;;;;;34295
;Binger Weg;;;;;;;Besse;;;;;;34295
;Breslauer Str.;;;;;;;Besse;;;;;;34295
;Danziger Str.;;;;;;;Besse;;;;;;34295
;Dresdener Str.;;;;;;;Besse;;;;;;34295
;Egerstraße;;;;;;;Besse;;;;;;34295
;Eichweg;;;;;;;Besse;;;;;;34295
;Enger Weg;;;;;;;Besse;;;;;;34295
;Erfurter Str.;;;;;;;Besse;;;;;;34295
;Fr.-Ebert-Str.;;;;;;;Besse;;;;;;34295
;Franz-Liszt-Straße;;;;;;;Besse;;;;;;34295
;Friedhofstraße;;;;;;;Besse;;;;;;34295
;Fritzlarer Str.;;;;;;;Besse;;;;;;34295
;Gehrenhof;;;;;;;Besse;;;;;;34295
;Grimmstraße;;;;;;;Besse;;;;;;34295
;Großenritter Straße;;;;;;;Besse;;;;;;34295
;Grüner Weg;;;;;;;Besse;;;;;;34295
;Gudensberger Str.;;;;;;;Besse;;;;;;34295
;Gänseweide;;;;;;;Besse;;;;;;34295
;Hinter dem Graben;;;;;;;Besse;;;;;;34295
;Händelstraße;;;;;;;Besse;;;;;;34295
;Im Liedenbach;;;;;;;Besse;;;;;;34295
;In der Lache;;;;;;;Besse;;;;;;34295
;Jenaer Straße;;;;;;;Besse;;;;;;34295
;Klapperweg;;;;;;;Besse;;;;;;34295
;Klappgasse;;;;;;;Besse;;;;;;34295
;Langenbergstraße;;;;;;;Besse;;;;;;34295
;Leipziger Str.;;;;;;;Besse;;;;;;34295
;Lessingstraße;;;;;;;Besse;;;;;;34295
;Mittelgasse;;;;;;;Besse;;;;;;34295
;Mozartstraße;;;;;;;Besse;;;;;;34295
;Mühlenhecke;;;;;;;Besse;;;;;;34295
;Neue Fahrt;;;;;;;Besse;;;;;;34295
;Pflichthaus;;;;;;;Besse;;;;;;34295
;Querstraße;;;;;;;Besse;;;;;;34295
;Raiffeisenstraße;;;;;;;Besse;;;;;;34295
;Rainsborn;;;;;;;Besse;;;;;;34295
;Republikstraße;;;;;;;Besse;;;;;;34295
;Rundstraße;;;;;;;Besse;;;;;;34295
;Röderweg;;;;;;;Besse;;;;;;34295
;Scharfensteinstr.;;;;;;;Besse;;;;;;34295
;Sommerweg;;;;;;;Besse;;;;;;34295
;Spohrstraße;;;;;;;Besse;;;;;;34295
;Steinbelle;;;;;;;Besse;;;;;;34295
;Stettiner Str.;;;;;;;Besse;;;;;;34295
;Teichstraße;;;;;;;Besse;;;;;;34295
;Tiefenbachweg;;;;;;;Besse;;;;;;34295
;Weimarer Straße;;;;;;;Besse;;;;;;34295
;Ziegelplatz;;;;;;;Besse;;;;;;34295
;Zum Heidborn;;;;;;;Besse;;;;;;34295
;A.d.Ernst-Reuter-Schule;;;;;;;Grifte;;;;;;34295
;Ahornweg;;;;;;;Grifte;;;;;;34295
;Alter Weg;;;;;;;Grifte;;;;;;34295
;Am Fährhaus;;;;;;;Grifte;;;;;;34295
;Am Hang;;;;;;;Grifte;;;;;;34295
;Am Hohen Weg;;;;;;;Grifte;;;;;;34295
;Am Kahlen Berg;;;;;;;Grifte;;;;;;34295
;Am Knepperling;;;;;;;Grifte;;;;;;34295
;Am Pilgerbach;;;;;;;Grifte;;;;;;34295
;Am Turnerplatz;;;;;;;Grifte;;;;;;34295
;Amselweg;;;;;;;Grifte;;;;;;34295
;Aueweg;;;;;;;Grifte;;;;;;34295
;Auf dem Raine;;;;;;;Grifte;;;;;;34295
;Bachstraße;;;;;;;Grifte;;;;;;34295
;Bahnhofstraße;;;;;;;Grifte;;;;;;34295
;Baunatalweg;;;;;;;Grifte;;;;;;34295
;Bergstraße;;;;;;;Grifte;;;;;;34295
;Birkenweg;;;;;;;Grifte;;;;;;34295
;Buchenweg;;;;;;;Grifte;;;;;;34295
;Dr.-Riehm-Straße;;;;;;;Grifte;;;;;;34295
;Drosselweg;;;;;;;Grifte;;;;;;34295
;Ederweg;;;;;;;Grifte;;;;;;34295
;Eichenweg;;;;;;;Grifte;;;;;;34295
;Fehrenbergweg;;;;;;;Grifte;;;;;;34295
;Finkenweg;;;;;;;Grifte;;;;;;34295
;Gartenstraße;;;;;;;Grifte;;;;;;34295
;Goethestraße;;;;;;;Grifte;;;;;;34295
;Grabenweg;;;;;;;Grifte;;;;;;34295
;Guxhagener Straße;;;;;;;Grifte;;;;;;34295
;Haldorfer Straße;;;;;;;Grifte;;;;;;34295
;Heidholzweg;;;;;;;Grifte;;;;;;34295
;Hermannweg;;;;;;;Grifte;;;;;;34295
;Hertingshäuser Str.;;;;;;;Grifte;;;;;;34295
;Heydstädter Weg;;;;;;;Grifte;;;;;;34295
;Hinter der Heydstadt;;;;;;;Grifte;;;;;;34295
;Hof Heydstadt;;;;;;;Grifte;;;;;;34295
;Hühnefelder Straße;;;;;;;Grifte;;;;;;34295
;Kastanienweg;;;;;;;Grifte;;;;;;34295
;Kiefernweg;;;;;;;Grifte;;;;;;34295
;Kirchgasse;;;;;;;Grifte;;;;;;34295
;Kirchring;;;;;;;Grifte;;;;;;34295
;Lerchenweg;;;;;;;Grifte;;;;;;34295
;Meisenweg;;;;;;;Grifte;;;;;;34295
;P.-Heidelbach-Str.;;;;;;;Grifte;;;;;;34295
;Parkstraße;;;;;;;Grifte;;;;;;34295
;Rilkestraße;;;;;;;Grifte;;;;;;34295
;Schillerstraße;;;;;;;Grifte;;;;;;34295
;Schinkgasse;;;;;;;Grifte;;;;;;34295
;Schulstraße;;;;;;;Grifte;;;;;;34295
;Schöne Aussicht;;;;;;;Grifte;;;;;;34295
;Steinweg;;;;;;;Grifte;;;;;;34295
;Ulmenstraße;;;;;;;Grifte;;;;;;34295
;Westend;;;;;;;Grifte;;;;;;34295
;Zur Mühle;;;;;;;Grifte;;;;;;34295
;Am Haldorfer Weg;;;;;;;Haldorf;;;;;;34295
;Am Sportplatz;;;;;;;Haldorf;;;;;;34295
;Bahnhaus Bei Km 19;;;;;;;Haldorf;;;;;;34295
;Berliner Platz;;;;;;;Haldorf;;;;;;34295
;Besser Straße;;;;;;;Haldorf;;;;;;34295
;Chattenweg;;;;;;;Haldorf;;;;;;34295
;Dissener Straße;;;;;;;Haldorf;;;;;;34295
;Edertalstraße;;;;;;;Haldorf;;;;;;34295
;Frh.-v.-Stein-Str.;;;;;;;Haldorf;;;;;;34295
;Grifter Straße;;;;;;;Haldorf;;;;;;34295
;Heiligenbergweg;;;;;;;Haldorf;;;;;;34295
;Holzhäuser Str.;;;;;;;Haldorf;;;;;;34295
;Im Kleinen Feld;;;;;;;Haldorf;;;;;;34295
;Im Steckfeld;;;;;;;Haldorf;;;;;;34295
;In den Haldorfer Wiesen;;;;;;;Haldorf;;;;;;34295
;K.-Schumacher-Str.;;;;;;;Haldorf;;;;;;34295
;Kammerbergweg;;;;;;;Haldorf;;;;;;34295
;Lamsbergweg;;;;;;;Haldorf;;;;;;34295
;Lotterbergweg;;;;;;;Haldorf;;;;;;34295
;Ludwig-Jahn-Straße;;;;;;;Haldorf;;;;;;34295
;Odenbergstraße;;;;;;;Haldorf;;;;;;34295
;Rosenstraße;;;;;;;Haldorf;;;;;;34295
;Schenkenbergweg;;;;;;;Haldorf;;;;;;34295
;Schmiedeweg;;;;;;;Haldorf;;;;;;34295
;Simseweg;;;;;;;Haldorf;;;;;;34295
;Steinbuschweg;;;;;;;Haldorf;;;;;;34295
;Söhrestraße;;;;;;;Haldorf;;;;;;34295
;Tulpenstraße;;;;;;;Haldorf;;;;;;34295
;W.-Jaksch-Straße;;;;;;;Haldorf;;;;;;34295
;Wolfershäuser Str.;;;;;;;Haldorf;;;;;;34295
;Über dem Dorf;;;;;;;Haldorf;;;;;;34295
;Am Bornrain;;;;;;;Holzhausen;;;;;;34295
;Am Kriesrain;;;;;;;Holzhausen;;;;;;34295
;Am Sonnenhang;;;;;;;Holzhausen;;;;;;34295
;Bichenweg;;;;;;;Holzhausen;;;;;;34295
;Brückenhofstr.;;;;;;;Holzhausen;;;;;;34295
;Frankfurter Str.;;;;;;;Holzhausen;;;;;;34295
;Guntershäuser Str.;;;;;;;Holzhausen;;;;;;34295
;Hahnweg;;;;;;;Holzhausen;;;;;;34295
;Hauptstraße;;;;;;;Holzhausen;;;;;;34295
;Im Grund;;;;;;;Holzhausen;;;;;;34295
;Im Mühlengrund;;;;;;;Holzhausen;;;;;;34295
;Im Niederfeld;;;;;;;Holzhausen;;;;;;34295
;Im Triesch;;;;;;;Holzhausen;;;;;;34295
;Im Wiesengrund;;;;;;;Holzhausen;;;;;;34295
;Im Windenfeld;;;;;;;Holzhausen;;;;;;34295
;Im Ährenfeld;;;;;;;Holzhausen;;;;;;34295
;In der Trefft;;;;;;;Holzhausen;;;;;;34295
;Kirchweg;;;;;;;Holzhausen;;;;;;34295
;Lange Heideteile;;;;;;;Holzhausen;;;;;;34295
;Lindenstraße;;;;;;;Holzhausen;;;;;;34295
;Pfingstweide;;;;;;;Holzhausen;;;;;;34295
;Ringstraße;;;;;;;Holzhausen;;;;;;34295
;Tannenweg;;;;;;;Holzhausen;;;;;;34295
;Terrasse;;;;;;;Holzhausen;;;;;;34295
;Am Schenkacker;;;;;;;Altenbrunslar;;;;;;34587
;Brückenhofstraße;;;;;;;Altenbrunslar;;;;;;34587
;Ellenberger Straße;;;;;;;Altenbrunslar;;;;;;34587
;Gabrielsweg;;;;;;;Altenbrunslar;;;;;;34587
;Grüner Weg;;;;;;;Altenbrunslar;;;;;;34587
;Hängebergsweg;;;;;;;Altenbrunslar;;;;;;34587
;Kilianstriesch;;;;;;;Altenbrunslar;;;;;;34587
;Quillerweg;;;;;;;Altenbrunslar;;;;;;34587
;Roter Graben;;;;;;;Altenbrunslar;;;;;;34587
;Trieschweg;;;;;;;Altenbrunslar;;;;;;34587
;Zimmerplatz;;;;;;;Altenbrunslar;;;;;;34587
;Zum Forsthaus;;;;;;;Altenbrunslar;;;;;;34587
;Am Kies;;;;;;;Altenburg;;;;;;34587
;Am Schloßgarten;;;;;;;Altenburg;;;;;;34587
;Am Hühnerberg;;;;;;;Beuern;;;;;;34587
;An der Kirche;;;;;;;Beuern;;;;;;34587
;Gensunger Straße;;;;;;;Beuern;;;;;;34587
;Hilgershäuser Straße;;;;;;;Beuern;;;;;;34587
;Hofrain;;;;;;;Beuern;;;;;;34587
;Hofstatt;;;;;;;Beuern;;;;;;34587
;Höhle;;;;;;;Beuern;;;;;;34587
;Klippenweg;;;;;;;Beuern;;;;;;34587
;Rundweg;;;;;;;Beuern;;;;;;34587
;Steinbruchsweg;;;;;;;Beuern;;;;;;34587
;Am Hasengarten;;;;;;;Böddiger;;;;;;34587
;Am Hohlen Weg;;;;;;;Böddiger;;;;;;34587
;Am Mühlenberg;;;;;;;Böddiger;;;;;;34587
;Am Pfarrgarten;;;;;;;Böddiger;;;;;;34587
;Brunslarer Straße;;;;;;;Böddiger;;;;;;34587
;Emsgasse;;;;;;;Böddiger;;;;;;34587
;Emstalstraße;;;;;;;Böddiger;;;;;;34587
;Ginsterweg;;;;;;;Böddiger;;;;;;34587
;Heckenweg;;;;;;;Böddiger;;;;;;34587
;Holunderweg;;;;;;;Böddiger;;;;;;34587
;Kirchgraben;;;;;;;Böddiger;;;;;;34587
;Mühlenstraße;;;;;;;Böddiger;;;;;;34587
;Rotdornweg;;;;;;;Böddiger;;;;;;34587
;Schwalbengraben;;;;;;;Böddiger;;;;;;34587
;Sechsackerweg;;;;;;;Böddiger;;;;;;34587
;Streckerweg;;;;;;;Böddiger;;;;;;34587
;Uferweg;;;;;;;Böddiger;;;;;;34587
;Unterdorfstraße;;;;;;;Böddiger;;;;;;34587
;Unterm Mühlenberg;;;;;;;Böddiger;;;;;;34587
;Vorschützer Straße;;;;;;;Böddiger;;;;;;34587
;Weinberg;;;;;;;Böddiger;;;;;;34587
;Altenburger Straße;;;;;;;Felsberg;;;;;;34587
;Am Teichweg;;;;;;;Felsberg;;;;;;34587
;An der Baumschule;;;;;;;Felsberg;;;;;;34587
;An der Goldkaute;;;;;;;Felsberg;;;;;;34587
;An der Stadtmauer;;;;;;;Felsberg;;;;;;34587
;Annastraße;;;;;;;Felsberg;;;;;;34587
;Auf dem Triesch;;;;;;;Felsberg;;;;;;34587
;Berliner Platz;;;;;;;Felsberg;;;;;;34587
;Brüder-Grimm-Straße;;;;;;;Felsberg;;;;;;34587
;Burgstraße;;;;;;;Felsberg;;;;;;34587
;Böddigerstraße;;;;;;;Felsberg;;;;;;34587
;Chattenweg;;;;;;;Felsberg;;;;;;34587
;Danziger Straße;;;;;;;Felsberg;;;;;;34587
;Deutschordenstraße;;;;;;;Felsberg;;;;;;34587
;Dörnbergweg;;;;;;;Felsberg;;;;;;34587
;Ederweg;;;;;;;Felsberg;;;;;;34587
;Elisabeth-Selbert-Straße;;;;;;;Felsberg;;;;;;34587
;Friedrich-Ebert-Ring;;;;;;;Felsberg;;;;;;34587
;Färberweg;;;;;;;Felsberg;;;;;;34587
;Georg-August-Zinn-Straße;;;;;;;Felsberg;;;;;;34587
;Gustav-Heinemann-Ring;;;;;;;Felsberg;;;;;;34587
;Gustav-Stresemann-Straße;;;;;;;Felsberg;;;;;;34587
;Hasenschützenweg;;;;;;;Felsberg;;;;;;34587
;Hinter der Landwehr;;;;;;;Felsberg;;;;;;34587
;Hinterm Hospital;;;;;;;Felsberg;;;;;;34587
;Im Altenburger Feld;;;;;;;Felsberg;;;;;;34587
;Im Forste;;;;;;;Felsberg;;;;;;34587
;Im Kirchgarten;;;;;;;Felsberg;;;;;;34587
;Im Krautgarten;;;;;;;Felsberg;;;;;;34587
;In der Hagengasse;;;;;;;Felsberg;;;;;;34587
;Konrad-Adenauer-Straße;;;;;;;Felsberg;;;;;;34587
;Landgraf-Heinrich-Straße;;;;;;;Felsberg;;;;;;34587
;Lohrer Straße;;;;;;;Felsberg;;;;;;34587
;Marktplatz;;;;;;;Felsberg;;;;;;34587
;Niedervorschützer Straße;;;;;;;Felsberg;;;;;;34587
;Obere Birkenallee;;;;;;;Felsberg;;;;;;34587
;Obergasse;;;;;;;Felsberg;;;;;;34587
;Obertor;;;;;;;Felsberg;;;;;;34587
;Ostpreußenstraße;;;;;;;Felsberg;;;;;;34587
;Pankratiusstraße;;;;;;;Felsberg;;;;;;34587
;Pfarrer-von-Gehren-Straße;;;;;;;Felsberg;;;;;;34587
;Posener Straße;;;;;;;Felsberg;;;;;;34587
;Postgasse;;;;;;;Felsberg;;;;;;34587
;Quergasse;;;;;;;Felsberg;;;;;;34587
;Ritterstraße;;;;;;;Felsberg;;;;;;34587
;Saarlandstraße;;;;;;;Felsberg;;;;;;34587
;Sankt Marienweg;;;;;;;Felsberg;;;;;;34587
;Schindebusch;;;;;;;Felsberg;;;;;;34587
;Schlesier Weg;;;;;;;Felsberg;;;;;;34587
;Schloßbergweg;;;;;;;Felsberg;;;;;;34587
;Schulstraße;;;;;;;Felsberg;;;;;;34587
;Schöne Aussicht;;;;;;;Felsberg;;;;;;34587
;Sophie-Scholl-Ring;;;;;;;Felsberg;;;;;;34587
;Steinweg;;;;;;;Felsberg;;;;;;34587
;Stimmerswiesen;;;;;;;Felsberg;;;;;;34587
;Sudetenstraße;;;;;;;Felsberg;;;;;;34587
;Sälzerstraße;;;;;;;Felsberg;;;;;;34587
;Theodor-Heuss-Ring;;;;;;;Felsberg;;;;;;34587
;Thüringer Straße;;;;;;;Felsberg;;;;;;34587
;Untere Birkenallee;;;;;;;Felsberg;;;;;;34587
;Untergasse;;;;;;;Felsberg;;;;;;34587
;Untertor;;;;;;;Felsberg;;;;;;34587
;Walter-Rathenau-Straße;;;;;;;Felsberg;;;;;;34587
;Weinbergweg;;;;;;;Felsberg;;;;;;34587
;Westendstraße;;;;;;;Felsberg;;;;;;34587
;Zum Bessenhof;;;;;;;Felsberg;;;;;;34587
;Zum Haintor;;;;;;;Felsberg;;;;;;34587
;Zur Freiheit;;;;;;;Felsberg;;;;;;34587
;Zur Reithalle;;;;;;;Felsberg;;;;;;34587
;Am Behl;;;;;;;Gensungen;;;;;;34587
;Am Hockenbusch;;;;;;;Gensungen;;;;;;34587
;Am Loh;;;;;;;Gensungen;;;;;;34587
;Am Pfaffenberg;;;;;;;Gensungen;;;;;;34587
;Am Speckenbach;;;;;;;Gensungen;;;;;;34587
;Amselweg;;;;;;;Gensungen;;;;;;34587
;An der Sommerseite;;;;;;;Gensungen;;;;;;34587
;Auf dem Gries;;;;;;;Gensungen;;;;;;34587
;Auf der Haide;;;;;;;Gensungen;;;;;;34587
;Auf der Klinge;;;;;;;Gensungen;;;;;;34587
;Bahnhofstraße;;;;;;;Gensungen;;;;;;34587
;Bergstraße;;;;;;;Gensungen;;;;;;34587
;Berliner Straße;;;;;;;Gensungen;;;;;;34587
;Beuernsche Höhle;;;;;;;Gensungen;;;;;;34587
;Beuernsche Straße;;;;;;;Gensungen;;;;;;34587
;Breslauer Straße;;;;;;;Gensungen;;;;;;34587
;Cheddar-Platz;;;;;;;Gensungen;;;;;;34587
;Domäne Mittelhof;;;;;;;Gensungen;;;;;;34587
;Drosselweg;;;;;;;Gensungen;;;;;;34587
;Ehrenmalweg;;;;;;;Gensungen;;;;;;34587
;Elbinger Straße;;;;;;;Gensungen;;;;;;34587
;Eppenbergstraße;;;;;;;Gensungen;;;;;;34587
;Finkenweg;;;;;;;Gensungen;;;;;;34587
;Forsthaus am Heiligenberg;;;;;;;Gensungen;;;;;;34587
;Frankenstraße;;;;;;;Gensungen;;;;;;34587
;Franzensbader Straße;;;;;;;Gensungen;;;;;;34587
;Friedensstraße;;;;;;;Gensungen;;;;;;34587
;Friedrich-Ebert-Straße;;;;;;;Gensungen;;;;;;34587
;Galgenbergweg;;;;;;;Gensungen;;;;;;34587
;Giesentriesch;;;;;;;Gensungen;;;;;;34587
;Giesenweg;;;;;;;Gensungen;;;;;;34587
;Graben;;;;;;;Gensungen;;;;;;34587
;Grebengasse;;;;;;;Gensungen;;;;;;34587
;Grenzlandstraße;;;;;;;Gensungen;;;;;;34587
;Griesweg;;;;;;;Gensungen;;;;;;34587
;Heiligenberg;;;;;;;Gensungen;;;;;;34587
;Heiligenbergallee;;;;;;;Gensungen;;;;;;34587
;Heiligenbergstraße;;;;;;;Gensungen;;;;;;34587
;Heiligenstockstraße;;;;;;;Gensungen;;;;;;34587
;Helmshäuser Straße;;;;;;;Gensungen;;;;;;34587
;Hesslarer Straße;;;;;;;Gensungen;;;;;;34587
;Hinter den Höfen;;;;;;;Gensungen;;;;;;34587
;Hochackerstraße;;;;;;;Gensungen;;;;;;34587
;Holunderacker;;;;;;;Gensungen;;;;;;34587
;Homberger Straße;;;;;;;Gensungen;;;;;;34587
;Im Boden;;;;;;;Gensungen;;;;;;34587
;Im Buchenroth;;;;;;;Gensungen;;;;;;34587
;In den Steinen;;;;;;;Gensungen;;;;;;34587
;In den Tonwiesen;;;;;;;Gensungen;;;;;;34587
;Industriestraße;;;;;;;Gensungen;;;;;;34587
;Karlsbader Straße;;;;;;;Gensungen;;;;;;34587
;Karthäuser Straße;;;;;;;Gensungen;;;;;;34587
;Kirchstraße;;;;;;;Gensungen;;;;;;34587
;Königsberger Straße;;;;;;;Gensungen;;;;;;34587
;Langenwaldstraße;;;;;;;Gensungen;;;;;;34587
;Ledigenweg;;;;;;;Gensungen;;;;;;34587
;Liegnitzer Straße;;;;;;;Gensungen;;;;;;34587
;Marienbader Straße;;;;;;;Gensungen;;;;;;34587
;Marienburger Straße;;;;;;;Gensungen;;;;;;34587
;Memeler Straße;;;;;;;Gensungen;;;;;;34587
;Mittelhöfer Straße;;;;;;;Gensungen;;;;;;34587
;Müllergasse;;;;;;;Gensungen;;;;;;34587
;Neue Straße;;;;;;;Gensungen;;;;;;34587
;Parkplatz;;;;;;;Gensungen;;;;;;34587
;Parkstraße;;;;;;;Gensungen;;;;;;34587
;Poststraße;;;;;;;Gensungen;;;;;;34587
;Querallee;;;;;;;Gensungen;;;;;;34587
;Sankt Albans Weg;;;;;;;Gensungen;;;;;;34587
;Schlehenweg;;;;;;;Gensungen;;;;;;34587
;Schönbergstraße;;;;;;;Gensungen;;;;;;34587
;Sonnenhang;;;;;;;Gensungen;;;;;;34587
;Spandauer Straße;;;;;;;Gensungen;;;;;;34587
;Sportplatzstraße;;;;;;;Gensungen;;;;;;34587
;Stahlstraße;;;;;;;Gensungen;;;;;;34587
;Stettiner Straße;;;;;;;Gensungen;;;;;;34587
;Sunderbachschänke;;;;;;;Gensungen;;;;;;34587
;Sunderbachstraße;;;;;;;Gensungen;;;;;;34587
;Südweg;;;;;;;Gensungen;;;;;;34587
;Tiefen Graben;;;;;;;Gensungen;;;;;;34587
;Tilsiter Straße;;;;;;;Gensungen;;;;;;34587
;Treppenstraße;;;;;;;Gensungen;;;;;;34587
;Vernouillet-Allee;;;;;;;Gensungen;;;;;;34587
;Vor dem Heiligenberg;;;;;;;Gensungen;;;;;;34587
;Wegelandstraße;;;;;;;Gensungen;;;;;;34587
;Zum Linngarten;;;;;;;Gensungen;;;;;;34587
;Zum Steinbruch;;;;;;;Gensungen;;;;;;34587
;Zur Bachschänke;;;;;;;Gensungen;;;;;;34587
;Zur Ederau;;;;;;;Gensungen;;;;;;34587
;Zur Turnhalle;;;;;;;Gensungen;;;;;;34587
;Grundmühle;;;;;;;Helmshausen;;;;;;34587
;Hesseröder Straße;;;;;;;Helmshausen;;;;;;34587
;Mosheimer Straße;;;;;;;Helmshausen;;;;;;34587
;Zum Schimberg;;;;;;;Helmshausen;;;;;;34587
;Zur Kapelle;;;;;;;Helmshausen;;;;;;34587
;Dr.-Georg-Koch-Straße;;;;;;;Hesserode;;;;;;34587
;Frasenbachweg;;;;;;;Hesserode;;;;;;34587
;Rockshäuser Straße;;;;;;;Hesserode;;;;;;34587
;Solleweg;;;;;;;Hesserode;;;;;;34587
;Zur Wasserburg;;;;;;;Hesserode;;;;;;34587
;Alter Weg;;;;;;;Heßlar;;;;;;34587
;Am Stein;;;;;;;Heßlar;;;;;;34587
;Beuerngrund;;;;;;;Heßlar;;;;;;34587
;Espenweg;;;;;;;Heßlar;;;;;;34587
;Gänsemarkt;;;;;;;Heßlar;;;;;;34587
;Lehmkaute;;;;;;;Heßlar;;;;;;34587
;Lindenstraße;;;;;;;Heßlar;;;;;;34587
;Melgershäuser Straße;;;;;;;Heßlar;;;;;;34587
;Ringstraße;;;;;;;Heßlar;;;;;;34587
;Rückweg;;;;;;;Heßlar;;;;;;34587
;Wiesengrund;;;;;;;Heßlar;;;;;;34587
;Zum Steinfeld;;;;;;;Heßlar;;;;;;34587
;Zur Gelben Struth;;;;;;;Heßlar;;;;;;34587
;Zur Kuhmannsheide;;;;;;;Heßlar;;;;;;34587
;Am Rain;;;;;;;Hilgershausen;;;;;;34587
;An der Linde;;;;;;;Hilgershausen;;;;;;34587
;Auf der Hefe;;;;;;;Hilgershausen;;;;;;34587
;Im Iller;;;;;;;Hilgershausen;;;;;;34587
;In der Ecke;;;;;;;Hilgershausen;;;;;;34587
;Raiffeisenstraße;;;;;;;Hilgershausen;;;;;;34587
;Schulberg;;;;;;;Hilgershausen;;;;;;34587
;Stegweg;;;;;;;Hilgershausen;;;;;;34587
;Tränkegasse;;;;;;;Hilgershausen;;;;;;34587
;Zum Birkenhof;;;;;;;Hilgershausen;;;;;;34587
;Zum Sengel;;;;;;;Hilgershausen;;;;;;34587
;An den Eichen;;;;;;;Lohre;;;;;;34587
;Ederblick;;;;;;;Lohre;;;;;;34587
;Forstweg;;;;;;;Lohre;;;;;;34587
;Gudensberger Straße;;;;;;;Lohre;;;;;;34587
;Hartgraben;;;;;;;Lohre;;;;;;34587
;Im Kirschgraben;;;;;;;Lohre;;;;;;34587
;Karlstraße;;;;;;;Lohre;;;;;;34587
;Möllricher Straße;;;;;;;Lohre;;;;;;34587
;Oberdorf;;;;;;;Lohre;;;;;;34587
;Teichweg;;;;;;;Lohre;;;;;;34587
;Unterdorf;;;;;;;Lohre;;;;;;34587
;Waldstraße;;;;;;;Lohre;;;;;;34587
;Ziergarten;;;;;;;Lohre;;;;;;34587
;Zum Ederfeld;;;;;;;Lohre;;;;;;34587
;Zur Heide;;;;;;;Lohre;;;;;;34587
;Zur Krone;;;;;;;Lohre;;;;;;34587
;Alte Schmiede;;;;;;;Melgershausen;;;;;;34587
;Am Alten Forsthaus;;;;;;;Melgershausen;;;;;;34587
;Am Brunnen;;;;;;;Melgershausen;;;;;;34587
;Am Grünen Baum;;;;;;;Melgershausen;;;;;;34587
;An den Brunnenkammern;;;;;;;Melgershausen;;;;;;34587
;Aussiedlerhof;;;;;;;Melgershausen;;;;;;34587
;Brückenbachweg;;;;;;;Melgershausen;;;;;;34587
;Helderbachstraße;;;;;;;Melgershausen;;;;;;34587
;Lobenhäuser Straße;;;;;;;Melgershausen;;;;;;34587
;Melsunger Straße;;;;;;;Melgershausen;;;;;;34587
;Unterer Steinacker;;;;;;;Melgershausen;;;;;;34587
;Zum Hohen Berg;;;;;;;Melgershausen;;;;;;34587
;Zum Lochfeld;;;;;;;Melgershausen;;;;;;34587
;Zur Lindenwiese;;;;;;;Melgershausen;;;;;;34587
;Alter Neutzscher Hof;;;;;;;Neuenbrunslar;;;;;;34587
;Am Berge;;;;;;;Neuenbrunslar;;;;;;34587
;Am Ronsberg;;;;;;;Neuenbrunslar;;;;;;34587
;Deuter Straße;;;;;;;Neuenbrunslar;;;;;;34587
;Die Weiberäcker;;;;;;;Neuenbrunslar;;;;;;34587
;Dorfstraße;;;;;;;Neuenbrunslar;;;;;;34587
;Fritzlarer Straße;;;;;;;Neuenbrunslar;;;;;;34587
;In den Fronwiesen;;;;;;;Neuenbrunslar;;;;;;34587
;In den Hopfengärten;;;;;;;Neuenbrunslar;;;;;;34587
;In den Worrgärten;;;;;;;Neuenbrunslar;;;;;;34587
;Lange Straße;;;;;;;Neuenbrunslar;;;;;;34587
;Lehmgrube;;;;;;;Neuenbrunslar;;;;;;34587
;Lindenberg;;;;;;;Neuenbrunslar;;;;;;34587
;Lohrain;;;;;;;Neuenbrunslar;;;;;;34587
;Seltenstraße;;;;;;;Neuenbrunslar;;;;;;34587
;Stadtacker;;;;;;;Neuenbrunslar;;;;;;34587
;Steinäckerweg;;;;;;;Neuenbrunslar;;;;;;34587
;Tannenweg;;;;;;;Neuenbrunslar;;;;;;34587
;Vorderbinge;;;;;;;Neuenbrunslar;;;;;;34587
;Weinbergstraße;;;;;;;Neuenbrunslar;;;;;;34587
;Wolfershäuser Straße;;;;;;;Neuenbrunslar;;;;;;34587
;Zum Bauernberg;;;;;;;Neuenbrunslar;;;;;;34587
;Zum Kreuzstein;;;;;;;Neuenbrunslar;;;;;;34587
;Zum Pfeifferberg;;;;;;;Neuenbrunslar;;;;;;34587
;Zur Heiligen Eiche;;;;;;;Neuenbrunslar;;;;;;34587
;Über der Heiligen Eiche;;;;;;;Neuenbrunslar;;;;;;34587
;Brandenburger Straße;;;;;;;Niedervorschütz;;;;;;34587
;Brunnenweg;;;;;;;Niedervorschütz;;;;;;34587
;Burgwiese;;;;;;;Niedervorschütz;;;;;;34587
;Erfurter Straße;;;;;;;Niedervorschütz;;;;;;34587
;Felsberger Straße;;;;;;;Niedervorschütz;;;;;;34587
;Friedhofstraße;;;;;;;Niedervorschütz;;;;;;34587
;Görlitzer Straße;;;;;;;Niedervorschütz;;;;;;34587
;Hauptstraße;;;;;;;Niedervorschütz;;;;;;34587
;Hersfelder Straße;;;;;;;Niedervorschütz;;;;;;34587
;Hilgengarten;;;;;;;Niedervorschütz;;;;;;34587
;Holzbach;;;;;;;Niedervorschütz;;;;;;34587
;Holzweg;;;;;;;Niedervorschütz;;;;;;34587
;Kasseler Straße;;;;;;;Niedervorschütz;;;;;;34587
;Leipziger Straße;;;;;;;Niedervorschütz;;;;;;34587
;Obervorschützer Straße;;;;;;;Niedervorschütz;;;;;;34587
;Oderstraße;;;;;;;Niedervorschütz;;;;;;34587
;Rosenstraße;;;;;;;Niedervorschütz;;;;;;34587
;Tulpenstraße;;;;;;;Niedervorschütz;;;;;;34587
;Zur Forstmühle;;;;;;;Niedervorschütz;;;;;;34587
;Zur Schneid;;;;;;;Niedervorschütz;;;;;;34587
;Am Hundsberg;;;;;;;Rhünda;;;;;;34587
;An der Bahn;;;;;;;Rhünda;;;;;;34587
;An der Rhünda;;;;;;;Rhünda;;;;;;34587
;Auf der Binge;;;;;;;Rhünda;;;;;;34587
;Auf der Insel;;;;;;;Rhünda;;;;;;34587
;Auf der Teichwiese;;;;;;;Rhünda;;;;;;34587
;Bachgasse;;;;;;;Rhünda;;;;;;34587
;Basaltstraße;;;;;;;Rhünda;;;;;;34587
;Bornstraße;;;;;;;Rhünda;;;;;;34587
;Burgenblick;;;;;;;Rhünda;;;;;;34587
;Eisfeld;;;;;;;Rhünda;;;;;;34587
;Gartenweg;;;;;;;Rhünda;;;;;;34587
;Hopfenbergstraße;;;;;;;Rhünda;;;;;;34587
;Küchenacker;;;;;;;Rhünda;;;;;;34587
;Küchenweg;;;;;;;Rhünda;;;;;;34587
;Mittelweg;;;;;;;Rhünda;;;;;;34587
;Schwalmweg;;;;;;;Rhünda;;;;;;34587
;Amselhof;;;;;;;Wolfershausen;;;;;;34587
;Auefeld;;;;;;;Wolfershausen;;;;;;34587
;Auf der Bauna;;;;;;;Wolfershausen;;;;;;34587
;Binneweg;;;;;;;Wolfershausen;;;;;;34587
;Birkenstraße;;;;;;;Wolfershausen;;;;;;34587
;Buchenstraße;;;;;;;Wolfershausen;;;;;;34587
;Böhmerwaldstraße;;;;;;;Wolfershausen;;;;;;34587
;Egerlandstraße;;;;;;;Wolfershausen;;;;;;34587
;Geschiebeweg;;;;;;;Wolfershausen;;;;;;34587
;Guxhagener Straße;;;;;;;Wolfershausen;;;;;;34587
;Haldorfer Straße;;;;;;;Wolfershausen;;;;;;34587
;Heiligenwiesenstraße;;;;;;;Wolfershausen;;;;;;34587
;Hinter den Gärten;;;;;;;Wolfershausen;;;;;;34587
;Hinter der Post;;;;;;;Wolfershausen;;;;;;34587
;In der Burg;;;;;;;Wolfershausen;;;;;;34587
;Kastanienstraße;;;;;;;Wolfershausen;;;;;;34587
;Kellerwaldstraße;;;;;;;Wolfershausen;;;;;;34587
;Kiesweg;;;;;;;Wolfershausen;;;;;;34587
;Krohwinkelstraße;;;;;;;Wolfershausen;;;;;;34587
;Lotterbergstraße;;;;;;;Wolfershausen;;;;;;34587
;Neuenbrunslarer Straße;;;;;;;Wolfershausen;;;;;;34587
;Reinhardswaldstraße;;;;;;;Wolfershausen;;;;;;34587
;Spreewaldstraße;;;;;;;Wolfershausen;;;;;;34587
;Unter der Linde;;;;;;;Wolfershausen;;;;;;34587
;Weidenstraße;;;;;;;Wolfershausen;;;;;;34587
;Wäschepfad;;;;;;;Wolfershausen;;;;;;34587
;Zum Grund;;;;;;;Wolfershausen;;;;;;34587
;Ahlenweg;;;;;;;Frielendorf;;;;;;34621
;Ahornweg;;;;;;;Frielendorf;;;;;;34621
;Akazienring;;;;;;;Frielendorf;;;;;;34621
;Alte Bahnhofstr.;;;;;;;Frielendorf;;;;;;34621
;Alte Poststr.;;;;;;;Frielendorf;;;;;;34621
;Am Bahndamm;;;;;;;Frielendorf;;;;;;34621
;Am Berg;;;;;;;Frielendorf;;;;;;34621
;Am Bergacker;;;;;;;Frielendorf;;;;;;34621
;Am Bornacker;;;;;;;Frielendorf;;;;;;34621
;Am Bornberg;;;;;;;Frielendorf;;;;;;34621
;Am Braugarten;;;;;;;Frielendorf;;;;;;34621
;Am Bruchstamm;;;;;;;Frielendorf;;;;;;34621
;Am Brunnen;;;;;;;Frielendorf;;;;;;34621
;Am Centhof;;;;;;;Frielendorf;;;;;;34621
;Am Festplatz  ;;;;;;;Frielendorf;;;;;;34621
;Am Ganzacker;;;;;;;Frielendorf;;;;;;34621
;Am Gemeindehaus;;;;;;;Frielendorf;;;;;;34621
;Am Glockenturm;;;;;;;Frielendorf;;;;;;34621
;Am Haselstrauch;;;;;;;Frielendorf;;;;;;34621
;Am Hehlberg;;;;;;;Frielendorf;;;;;;34621
;Am Hirschling;;;;;;;Frielendorf;;;;;;34621
;Am Holmbach;;;;;;;Frielendorf;;;;;;34621
;Am Klapperfeld;;;;;;;Frielendorf;;;;;;34621
;Am Klippenacker;;;;;;;Frielendorf;;;;;;34621
;Am Klosterrain;;;;;;;Frielendorf;;;;;;34621
;Am Leimenstück;;;;;;;Frielendorf;;;;;;34621
;Am Lerchenberg;;;;;;;Frielendorf;;;;;;34621
;Am Leydesberg;;;;;;;Frielendorf;;;;;;34621
;Am Mahlstein;;;;;;;Frielendorf;;;;;;34621
;Am Markweg;;;;;;;Frielendorf;;;;;;34621
;Am Niederbach;;;;;;;Frielendorf;;;;;;34621
;Am Park;;;;;;;Frielendorf;;;;;;34621
;Am Platz;;;;;;;Frielendorf;;;;;;34621
;Am Radeberg;;;;;;;Frielendorf;;;;;;34621
;Am Rodenacker;;;;;;;Frielendorf;;;;;;34621
;Am Rübengarten;;;;;;;Frielendorf;;;;;;34621
;Am Schwimmbad;;;;;;;Frielendorf;;;;;;34621
;Am Sportplatz;;;;;;;Frielendorf;;;;;;34621
;Am Sterkelsberg;;;;;;;Frielendorf;;;;;;34621
;Am Teich;;;;;;;Frielendorf;;;;;;34621
;Am Toracker;;;;;;;Frielendorf;;;;;;34621
;Am Triesch;;;;;;;Frielendorf;;;;;;34621
;Am Wasser;;;;;;;Frielendorf;;;;;;34621
;Am Weinberg;;;;;;;Frielendorf;;;;;;34621
;Am Wiegestein;;;;;;;Frielendorf;;;;;;34621
;Amselweg;;;;;;;Frielendorf;;;;;;34621
;An den Linden;;;;;;;Frielendorf;;;;;;34621
;An der Flachsröste;;;;;;;Frielendorf;;;;;;34621
;An der Kirche;;;;;;;Frielendorf;;;;;;34621
;An der Lehmkaute;;;;;;;Frielendorf;;;;;;34621
;An der Ohe;;;;;;;Frielendorf;;;;;;34621
;An der Schule;;;;;;;Frielendorf;;;;;;34621
;Aspenweg;;;;;;;Frielendorf;;;;;;34621
;Auf der Klaus;;;;;;;Frielendorf;;;;;;34621
;Backgasse;;;;;;;Frielendorf;;;;;;34621
;Baumschule;;;;;;;Frielendorf;;;;;;34621
;Belzweg;;;;;;;Frielendorf;;;;;;34621
;Berggarten;;;;;;;Frielendorf;;;;;;34621
;Bilderfeld;;;;;;;Frielendorf;;;;;;34621
;Birkenweg;;;;;;;Frielendorf;;;;;;34621
;Blumenweg;;;;;;;Frielendorf;;;;;;34621
;Bodenfeld;;;;;;;Frielendorf;;;;;;34621
;Borkener Str.;;;;;;;Frielendorf;;;;;;34621
;Bornbergsfeld;;;;;;;Frielendorf;;;;;;34621
;Borngasse;;;;;;;Frielendorf;;;;;;34621
;Bornstr.;;;;;;;Frielendorf;;;;;;34621
;Breite Wiesen;;;;;;;Frielendorf;;;;;;34621
;Breslauer Str.;;;;;;;Frielendorf;;;;;;34621
;Bruchäckerweg;;;;;;;Frielendorf;;;;;;34621
;Brunnenstr.;;;;;;;Frielendorf;;;;;;34621
;Brückenweg;;;;;;;Frielendorf;;;;;;34621
;Brüningsweg;;;;;;;Frielendorf;;;;;;34621
;Buchenweg;;;;;;;Frielendorf;;;;;;34621
;Buchholzstr.;;;;;;;Frielendorf;;;;;;34621
;Burgstr.;;;;;;;Frielendorf;;;;;;34621
;Bücklingsmühle;;;;;;;Frielendorf;;;;;;34621
;Danziger Str.;;;;;;;Frielendorf;;;;;;34621
;Daubenmühle;;;;;;;Frielendorf;;;;;;34621
;Die Gasse;;;;;;;Frielendorf;;;;;;34621
;Dillicher Str.;;;;;;;Frielendorf;;;;;;34621
;Dorfstr.;;;;;;;Frielendorf;;;;;;34621
;Dreckelsbergweg;;;;;;;Frielendorf;;;;;;34621
;Drosselweg;;;;;;;Frielendorf;;;;;;34621
;Ebersdorf;;;;;;;Frielendorf;;;;;;34621
;Ebersdorfer Str.;;;;;;;Frielendorf;;;;;;34621
;Eichenweg;;;;;;;Frielendorf;;;;;;34621
;Eichwiesenweg;;;;;;;Frielendorf;;;;;;34621
;Erlenweg;;;;;;;Frielendorf;;;;;;34621
;Feldbachgraben;;;;;;;Frielendorf;;;;;;34621
;Feldschier;;;;;;;Frielendorf;;;;;;34621
;Felsenpfad;;;;;;;Frielendorf;;;;;;34621
;Fleischgasse;;;;;;;Frielendorf;;;;;;34621
;Fliederstr.;;;;;;;Frielendorf;;;;;;34621
;Forsthaus Kornberg;;;;;;;Frielendorf;;;;;;34621
;Frankfurter Str.;;;;;;;Frielendorf;;;;;;34621
;Friedhofsweg;;;;;;;Frielendorf;;;;;;34621
;Frielendorfer Str.;;;;;;;Frielendorf;;;;;;34621
;Gartenstr.;;;;;;;Frielendorf;;;;;;34621
;Gassendriesch;;;;;;;Frielendorf;;;;;;34621
;Gassenäcker;;;;;;;Frielendorf;;;;;;34621
;Gebersdorfer Str.;;;;;;;Frielendorf;;;;;;34621
;Gemeinweg;;;;;;;Frielendorf;;;;;;34621
;Gerstenbergweg;;;;;;;Frielendorf;;;;;;34621
;Glockenrain;;;;;;;Frielendorf;;;;;;34621
;Gongacker;;;;;;;Frielendorf;;;;;;34621
;Gosseweg;;;;;;;Frielendorf;;;;;;34621
;Große Wiesen;;;;;;;Frielendorf;;;;;;34621
;Grüner Weg;;;;;;;Frielendorf;;;;;;34621
;Gute Aussicht;;;;;;;Frielendorf;;;;;;34621
;Gutshof;;;;;;;Frielendorf;;;;;;34621
;Gänseweg;;;;;;;Frielendorf;;;;;;34621
;Habichtsrain;;;;;;;Frielendorf;;;;;;34621
;Hainstr.;;;;;;;Frielendorf;;;;;;34621
;Hansenweg;;;;;;;Frielendorf;;;;;;34621
;Hauptstr.;;;;;;;Frielendorf;;;;;;34621
;Heinrich-Ruppel-Str.;;;;;;;Frielendorf;;;;;;34621
;Heinrichstr.;;;;;;;Frielendorf;;;;;;34621
;Hermesbachweg;;;;;;;Frielendorf;;;;;;34621
;Hessenstr.;;;;;;;Frielendorf;;;;;;34621
;Hinter den Gärten;;;;;;;Frielendorf;;;;;;34621
;Hinter den Höfen;;;;;;;Frielendorf;;;;;;34621
;Hintergasse;;;;;;;Frielendorf;;;;;;34621
;Hofgartenstr.;;;;;;;Frielendorf;;;;;;34621
;Hollenbach;;;;;;;Frielendorf;;;;;;34621
;Holzweg;;;;;;;Frielendorf;;;;;;34621
;Homberger Str.;;;;;;;Frielendorf;;;;;;34621
;Hundegasse;;;;;;;Frielendorf;;;;;;34621
;Huteweg;;;;;;;Frielendorf;;;;;;34621
;Hülsaer Str.;;;;;;;Frielendorf;;;;;;34621
;Im Arderode;;;;;;;Frielendorf;;;;;;34621
;Im Dorfe;;;;;;;Frielendorf;;;;;;34621
;Im Feld;;;;;;;Frielendorf;;;;;;34621
;Im Leinefelde;;;;;;;Frielendorf;;;;;;34621
;Im Pfaffenstrauch;;;;;;;Frielendorf;;;;;;34621
;Kaiserrain;;;;;;;Frielendorf;;;;;;34621
;Kappelfeld;;;;;;;Frielendorf;;;;;;34621
;Kasseler Str.;;;;;;;Frielendorf;;;;;;34621
;Kastanienweg;;;;;;;Frielendorf;;;;;;34621
;Kirchberg;;;;;;;Frielendorf;;;;;;34621
;Kirchfeldstr.;;;;;;;Frielendorf;;;;;;34621
;Kirchrain;;;;;;;Frielendorf;;;;;;34621
;Kirchweg;;;;;;;Frielendorf;;;;;;34621
;Kirchwiesenweg;;;;;;;Frielendorf;;;;;;34621
;Klaushof;;;;;;;Frielendorf;;;;;;34621
;Klinge;;;;;;;Frielendorf;;;;;;34621
;Klosterstr.;;;;;;;Frielendorf;;;;;;34621
;Knüllstr.;;;;;;;Frielendorf;;;;;;34621
;Kohlenstr.;;;;;;;Frielendorf;;;;;;34621
;Krautgärten;;;;;;;Frielendorf;;;;;;34621
;Kurzer Weg;;;;;;;Frielendorf;;;;;;34621
;Königsberger Str.;;;;;;;Frielendorf;;;;;;34621
;Lanertshäuser Str.;;;;;;;Frielendorf;;;;;;34621
;Lenderscheider Str.;;;;;;;Frielendorf;;;;;;34621
;Leuderöder Str.;;;;;;;Frielendorf;;;;;;34621
;Liederäcker;;;;;;;Frielendorf;;;;;;34621
;Liergasse;;;;;;;Frielendorf;;;;;;34621
;Lilienstr.;;;;;;;Frielendorf;;;;;;34621
;Lindenstr.;;;;;;;Frielendorf;;;;;;34621
;Linsinger Str.;;;;;;;Frielendorf;;;;;;34621
;Ludwigsecke;;;;;;;Frielendorf;;;;;;34621
;Michelsberger Str.;;;;;;;Frielendorf;;;;;;34621
;Mittelstr.;;;;;;;Frielendorf;;;;;;34621
;Mittelweg;;;;;;;Frielendorf;;;;;;34621
;Mühlengrund;;;;;;;Frielendorf;;;;;;34621
;Mühlenstr.;;;;;;;Frielendorf;;;;;;34621
;Nelkenstr.;;;;;;;Frielendorf;;;;;;34621
;Neue Bahnhofstr.;;;;;;;Frielendorf;;;;;;34621
;Neue Siedlung;;;;;;;Frielendorf;;;;;;34621
;Neue Str.;;;;;;;Frielendorf;;;;;;34621
;Neuentaler Str.;;;;;;;Frielendorf;;;;;;34621
;Nordweg;;;;;;;Frielendorf;;;;;;34621
;Oberdorf;;;;;;;Frielendorf;;;;;;34621
;Obergasse;;;;;;;Frielendorf;;;;;;34621
;Oheweg;;;;;;;Frielendorf;;;;;;34621
;Ostring;;;;;;;Frielendorf;;;;;;34621
;Pappelweg;;;;;;;Frielendorf;;;;;;34621
;Parkstr.;;;;;;;Frielendorf;;;;;;34621
;Parkweg;;;;;;;Frielendorf;;;;;;34621
;Pfarrstr.;;;;;;;Frielendorf;;;;;;34621
;Pflichthaus;;;;;;;Frielendorf;;;;;;34621
;Pommernweg;;;;;;;Frielendorf;;;;;;34621
;Quellenweg;;;;;;;Frielendorf;;;;;;34621
;Querstr.;;;;;;;Frielendorf;;;;;;34621
;Raiffeisenweg;;;;;;;Frielendorf;;;;;;34621
;Rettigacker;;;;;;;Frielendorf;;;;;;34621
;Ringstr.;;;;;;;Frielendorf;;;;;;34621
;Ropperhäuser Str.;;;;;;;Frielendorf;;;;;;34621
;Rosenstr.;;;;;;;Frielendorf;;;;;;34621
;Rothweg;;;;;;;Frielendorf;;;;;;34621
;Ruchmühle;;;;;;;Frielendorf;;;;;;34621
;Ruhlbach;;;;;;;Frielendorf;;;;;;34621
;Röderweg;;;;;;;Frielendorf;;;;;;34621
;Sachsenhäuser Weg;;;;;;;Frielendorf;;;;;;34621
;Salzmarkt;;;;;;;Frielendorf;;;;;;34621
;Sammetwiesen;;;;;;;Frielendorf;;;;;;34621
;Samtholz;;;;;;;Frielendorf;;;;;;34621
;Sandgarten;;;;;;;Frielendorf;;;;;;34621
;Sandweg;;;;;;;Frielendorf;;;;;;34621
;Schachtebach;;;;;;;Frielendorf;;;;;;34621
;Schlesierweg;;;;;;;Frielendorf;;;;;;34621
;Schulstr.;;;;;;;Frielendorf;;;;;;34621
;Schusterrain;;;;;;;Frielendorf;;;;;;34621
;Schwarzenbörner Str.;;;;;;;Frielendorf;;;;;;34621
;Schwimmbadstr.;;;;;;;Frielendorf;;;;;;34621
;Schönborner Str.;;;;;;;Frielendorf;;;;;;34621
;Sendbergsfeld;;;;;;;Frielendorf;;;;;;34621
;Sendbergstr.;;;;;;;Frielendorf;;;;;;34621
;Siebertshäuser Str.;;;;;;;Frielendorf;;;;;;34621
;Siedlung;;;;;;;Frielendorf;;;;;;34621
;Silbersee;;;;;;;Frielendorf;;;;;;34621
;Sonnenhang;;;;;;;Frielendorf;;;;;;34621
;Spieskappeler Str.;;;;;;;Frielendorf;;;;;;34621
;Spitzhecke;;;;;;;Frielendorf;;;;;;34621
;Steingasse;;;;;;;Frielendorf;;;;;;34621
;Steinmühlenweg;;;;;;;Frielendorf;;;;;;34621
;Stettiner Str.;;;;;;;Frielendorf;;;;;;34621
;Stiefelsfeld;;;;;;;Frielendorf;;;;;;34621
;Stormarnstr.;;;;;;;Frielendorf;;;;;;34621
;Struth;;;;;;;Frielendorf;;;;;;34621
;Südstr.;;;;;;;Frielendorf;;;;;;34621
;Südweg;;;;;;;Frielendorf;;;;;;34621
;Tannenweg;;;;;;;Frielendorf;;;;;;34621
;Teichwiesenweg;;;;;;;Frielendorf;;;;;;34621
;Tobegarten;;;;;;;Frielendorf;;;;;;34621
;Todenhäuser Str.;;;;;;;Frielendorf;;;;;;34621
;Torackerstr.;;;;;;;Frielendorf;;;;;;34621
;Trutzhainer Weg;;;;;;;Frielendorf;;;;;;34621
;Tulpenstr.;;;;;;;Frielendorf;;;;;;34621
;Töpferweg;;;;;;;Frielendorf;;;;;;34621
;Ulmenweg;;;;;;;Frielendorf;;;;;;34621
;Unterdorf;;;;;;;Frielendorf;;;;;;34621
;Unterm Garten;;;;;;;Frielendorf;;;;;;34621
;Unterm Palmberg;;;;;;;Frielendorf;;;;;;34621
;Vernaer Str.;;;;;;;Frielendorf;;;;;;34621
;Waldstr.;;;;;;;Frielendorf;;;;;;34621
;Walperweg;;;;;;;Frielendorf;;;;;;34621
;Weidenacker;;;;;;;Frielendorf;;;;;;34621
;Welcheroder Str.;;;;;;;Frielendorf;;;;;;34621
;Witze;;;;;;;Frielendorf;;;;;;34621
;Wolfskaute;;;;;;;Frielendorf;;;;;;34621
;Wüsterotstr.;;;;;;;Frielendorf;;;;;;34621
;Ziegenhainer Str.;;;;;;;Frielendorf;;;;;;34621
;Ziegenrück;;;;;;;Frielendorf;;;;;;34621
;Zum Bahnhof;;;;;;;Frielendorf;;;;;;34621
;Zum Bruch;;;;;;;Frielendorf;;;;;;34621
;Zum Kornberg;;;;;;;Frielendorf;;;;;;34621
;Zum Leimenhorten;;;;;;;Frielendorf;;;;;;34621
;Zum Silbersee;;;;;;;Frielendorf;;;;;;34621
;Zum Spies;;;;;;;Frielendorf;;;;;;34621
;Zum Tor;;;;;;;Frielendorf;;;;;;34621
;Zum Waldhof;;;;;;;Frielendorf;;;;;;34621
;Zum Weinacker;;;;;;;Frielendorf;;;;;;34621
;Zum Weisen Stein;;;;;;;Frielendorf;;;;;;34621
;Zum Wiesengrund;;;;;;;Frielendorf;;;;;;34621
;Zur Gers;;;;;;;Frielendorf;;;;;;34621
;Zur Kirche;;;;;;;Frielendorf;;;;;;34621
;Zur Knüllhöhe;;;;;;;Frielendorf;;;;;;34621
;Zur Wacht;;;;;;;Frielendorf;;;;;;34621
;Birkenstr.;;;;;;;Cappel;;;;;;34560
;Ederstr.;;;;;;;Cappel;;;;;;34560
;Forsthausstr.;;;;;;;Cappel;;;;;;34560
;Hofacker;;;;;;;Cappel;;;;;;34560
;Im Bodenfeld;;;;;;;Cappel;;;;;;34560
;Im Hengelingen;;;;;;;Cappel;;;;;;34560
;In der Ecke;;;;;;;Cappel;;;;;;34560
;Möhrenweg;;;;;;;Cappel;;;;;;34560
;Nd.-Möllricher Str.;;;;;;;Cappel;;;;;;34560
;Rosenstr.;;;;;;;Cappel;;;;;;34560
;Tannenweg;;;;;;;Cappel;;;;;;34560
;Vordergasse;;;;;;;Cappel;;;;;;34560
;A. d. Jugendherberge;;;;;;;Fritzlar;;;;;;34560
;Ahornweg;;;;;;;Fritzlar;;;;;;34560
;Akazienweg;;;;;;;Fritzlar;;;;;;34560
;Albertstr.;;;;;;;Fritzlar;;;;;;34560
;Allee;;;;;;;Fritzlar;;;;;;34560
;Alte Kasseler Str.;;;;;;;Fritzlar;;;;;;34560
;Alte Wildunger Str.;;;;;;;Fritzlar;;;;;;34560
;Am Bleichenturm;;;;;;;Fritzlar;;;;;;34560
;Am Grauen Turm;;;;;;;Fritzlar;;;;;;34560
;Am Güterbahnhof;;;;;;;Fritzlar;;;;;;34560
;Am Hochzeitshaus;;;;;;;Fritzlar;;;;;;34560
;Am Hohlen Graben;;;;;;;Fritzlar;;;;;;34560
;Am Hospital;;;;;;;Fritzlar;;;;;;34560
;Am Kniebrecher;;;;;;;Fritzlar;;;;;;34560
;Am Langen Berg;;;;;;;Fritzlar;;;;;;34560
;Am Mühlengraben;;;;;;;Fritzlar;;;;;;34560
;Am Proviantamt;;;;;;;Fritzlar;;;;;;34560
;Am Rebstock;;;;;;;Fritzlar;;;;;;34560
;Am Siechenrasen;;;;;;;Fritzlar;;;;;;34560
;Am Spieß;;;;;;;Fritzlar;;;;;;34560
;Am Stiegel;;;;;;;Fritzlar;;;;;;34560
;Am Wehr;;;;;;;Fritzlar;;;;;;34560
;Am Weinberg;;;;;;;Fritzlar;;;;;;34560
;Amselweg;;;;;;;Fritzlar;;;;;;34560
;An der Heerstraße;;;;;;;Fritzlar;;;;;;34560
;An der Stadtmauer;;;;;;;Fritzlar;;;;;;34560
;Artilleriestr.;;;;;;;Fritzlar;;;;;;34560
;Auf der Lache;;;;;;;Fritzlar;;;;;;34560
;Auf der Schanze;;;;;;;Fritzlar;;;;;;34560
;Behnebach;;;;;;;Fritzlar;;;;;;34560
;Berliner Str.;;;;;;;Fritzlar;;;;;;34560
;Blaumühlengäßchen;;;;;;;Fritzlar;;;;;;34560
;Bleichenweg;;;;;;;Fritzlar;;;;;;34560
;Blumenweg;;;;;;;Fritzlar;;;;;;34560
;Bonatistr.;;;;;;;Fritzlar;;;;;;34560
;Brandenburger Str.;;;;;;;Fritzlar;;;;;;34560
;Breslauer Str.;;;;;;;Fritzlar;;;;;;34560
;Brüdergasse;;;;;;;Fritzlar;;;;;;34560
;Buchenweg;;;;;;;Fritzlar;;;;;;34560
;Burggraben;;;;;;;Fritzlar;;;;;;34560
;Carlstr.;;;;;;;Fritzlar;;;;;;34560
;Chattenweg;;;;;;;Fritzlar;;;;;;34560
;Danziger Str.;;;;;;;Fritzlar;;;;;;34560
;Domplatz;;;;;;;Fritzlar;;;;;;34560
;Dr.-Jestädt-Platz;;;;;;;Fritzlar;;;;;;34560
;Eckerichsweg;;;;;;;Fritzlar;;;;;;34560
;Eichenweg;;;;;;;Fritzlar;;;;;;34560
;Erlenweg;;;;;;;Fritzlar;;;;;;34560
;Fasanenweg;;;;;;;Fritzlar;;;;;;34560
;Flehmengasse;;;;;;;Fritzlar;;;;;;34560
;Franzstr.;;;;;;;Fritzlar;;;;;;34560
;Fraumünsterstr.;;;;;;;Fritzlar;;;;;;34560
;Fronhofweg;;;;;;;Fritzlar;;;;;;34560
;Galbächer Warte;;;;;;;Fritzlar;;;;;;34560
;Gangolfstr.;;;;;;;Fritzlar;;;;;;34560
;Gartengäßchen;;;;;;;Fritzlar;;;;;;34560
;Gartenstr.;;;;;;;Fritzlar;;;;;;34560
;Gebrüder-Seibel-Ring;;;;;;;Fritzlar;;;;;;34560
;Geismarrain;;;;;;;Fritzlar;;;;;;34560
;Geismarstr.;;;;;;;Fritzlar;;;;;;34560
;Georgengasse;;;;;;;Fritzlar;;;;;;34560
;Gewerbering;;;;;;;Fritzlar;;;;;;34560
;Gießener Str.;;;;;;;Fritzlar;;;;;;34560
;Goetheweg;;;;;;;Fritzlar;;;;;;34560
;Goldenes Loch;;;;;;;Fritzlar;;;;;;34560
;Grabengäßchen;;;;;;;Fritzlar;;;;;;34560
;Graf-Zeppelin-Str.;;;;;;;Fritzlar;;;;;;34560
;Grebengasse;;;;;;;Fritzlar;;;;;;34560
;Gregorstr.;;;;;;;Fritzlar;;;;;;34560
;Grüner Weg;;;;;;;Fritzlar;;;;;;34560
;Gudensberger Pfad;;;;;;;Fritzlar;;;;;;34560
;H.-v.-Fritzlar-Str.;;;;;;;Fritzlar;;;;;;34560
;Haddamarweg;;;;;;;Fritzlar;;;;;;34560
;Hch.-v.-Meißen-Weg;;;;;;;Fritzlar;;;;;;34560
;Hellenweg;;;;;;;Fritzlar;;;;;;34560
;Hintergasse;;;;;;;Fritzlar;;;;;;34560
;Holzheimer Weg;;;;;;;Fritzlar;;;;;;34560
;Hubertushöhe;;;;;;;Fritzlar;;;;;;34560
;Höhenweg;;;;;;;Fritzlar;;;;;;34560
;Joh.-Seb.-Bach-Str.;;;;;;;Fritzlar;;;;;;34560
;Johannesweg;;;;;;;Fritzlar;;;;;;34560
;Jordan;;;;;;;Fritzlar;;;;;;34560
;Judengasse;;;;;;;Fritzlar;;;;;;34560
;Kaiser-Heinrich-Str.;;;;;;;Fritzlar;;;;;;34560
;Kaisergasse;;;;;;;Fritzlar;;;;;;34560
;Kasseler Str.;;;;;;;Fritzlar;;;;;;34560
;Kastanienweg;;;;;;;Fritzlar;;;;;;34560
;Kelterweg;;;;;;;Fritzlar;;;;;;34560
;Konradsweg;;;;;;;Fritzlar;;;;;;34560
;Königsberger Str.;;;;;;;Fritzlar;;;;;;34560
;Küferweg;;;;;;;Fritzlar;;;;;;34560
;Lachenweg;;;;;;;Fritzlar;;;;;;34560
;Lierloch;;;;;;;Fritzlar;;;;;;34560
;Lindenweg;;;;;;;Fritzlar;;;;;;34560
;Ludwigsweg;;;;;;;Fritzlar;;;;;;34560
;Lycker Weg;;;;;;;Fritzlar;;;;;;34560
;Mainzer Ring;;;;;;;Fritzlar;;;;;;34560
;Mariannenstr.;;;;;;;Fritzlar;;;;;;34560
;Marktplatz;;;;;;;Fritzlar;;;;;;34560
;Martinsgasse;;;;;;;Fritzlar;;;;;;34560
;Meydeweg;;;;;;;Fritzlar;;;;;;34560
;Mittelrain;;;;;;;Fritzlar;;;;;;34560
;Möllricher Warte;;;;;;;Fritzlar;;;;;;34560
;Nachtigallenweg;;;;;;;Fritzlar;;;;;;34560
;Neuer Weg;;;;;;;Fritzlar;;;;;;34560
;Neustädterstr.;;;;;;;Fritzlar;;;;;;34560
;Nikolausstr.;;;;;;;Fritzlar;;;;;;34560
;Nordfeld;;;;;;;Fritzlar;;;;;;34560
;O.-v.-Lilienth.-Str.;;;;;;;Fritzlar;;;;;;34560
;Oberer Schulweg;;;;;;;Fritzlar;;;;;;34560
;Ostlandstr.;;;;;;;Fritzlar;;;;;;34560
;Pappelallee;;;;;;;Fritzlar;;;;;;34560
;Paulstr.;;;;;;;Fritzlar;;;;;;34560
;Philippsweg;;;;;;;Fritzlar;;;;;;34560
;Pipprichsweg;;;;;;;Fritzlar;;;;;;34560
;Regiltor;;;;;;;Fritzlar;;;;;;34560
;Rittergasse;;;;;;;Fritzlar;;;;;;34560
;Rosengasse;;;;;;;Fritzlar;;;;;;34560
;Roter Rain;;;;;;;Fritzlar;;;;;;34560
;Roßmarkt;;;;;;;Fritzlar;;;;;;34560
;Scharnhorststr.;;;;;;;Fritzlar;;;;;;34560
;Schießstand;;;;;;;Fritzlar;;;;;;34560
;Schildererstr.;;;;;;;Fritzlar;;;;;;34560
;Schladenweg;;;;;;;Fritzlar;;;;;;34560
;Schlichgasse;;;;;;;Fritzlar;;;;;;34560
;Schützenweg;;;;;;;Fritzlar;;;;;;34560
;Sehrgärten;;;;;;;Fritzlar;;;;;;34560
;Seidener Beutel;;;;;;;Fritzlar;;;;;;34560
;Siedlerweg;;;;;;;Fritzlar;;;;;;34560
;Spielgasse;;;;;;;Fritzlar;;;;;;34560
;Spitalsgasse;;;;;;;Fritzlar;;;;;;34560
;Spitzengasse;;;;;;;Fritzlar;;;;;;34560
;St.-Wigbert-Str.;;;;;;;Fritzlar;;;;;;34560
;Steinmühle;;;;;;;Fritzlar;;;;;;34560
;Steinweg;;;;;;;Fritzlar;;;;;;34560
;Stettiner Str.;;;;;;;Fritzlar;;;;;;34560
;Talblick;;;;;;;Fritzlar;;;;;;34560
;Traubenweg;;;;;;;Fritzlar;;;;;;34560
;Ulmenweg;;;;;;;Fritzlar;;;;;;34560
;Unterer Schulweg;;;;;;;Fritzlar;;;;;;34560
;Unterröder Weg;;;;;;;Fritzlar;;;;;;34560
;Vitsgasse;;;;;;;Fritzlar;;;;;;34560
;Von-Hund-Gasse;;;;;;;Fritzlar;;;;;;34560
;Waberner Str.;;;;;;;Fritzlar;;;;;;34560
;Wehrenpfad;;;;;;;Fritzlar;;;;;;34560
;Weinhüterweg;;;;;;;Fritzlar;;;;;;34560
;Wekalstr.;;;;;;;Fritzlar;;;;;;34560
;Wiesenweg;;;;;;;Fritzlar;;;;;;34560
;Wolfhager Str.;;;;;;;Fritzlar;;;;;;34560
;Zennernweg;;;;;;;Fritzlar;;;;;;34560
;Ziegenberg;;;;;;;Fritzlar;;;;;;34560
;Zum Galberg;;;;;;;Fritzlar;;;;;;34560
;Zwischen den Krämen;;;;;;;Fritzlar;;;;;;34560
;Über den Bergen;;;;;;;Fritzlar;;;;;;34560
;Am Berge;;;;;;;Geismar;;;;;;34560
;Am Friedhof;;;;;;;Geismar;;;;;;34560
;Am Hang;;;;;;;Geismar;;;;;;34560
;Am Mirzenberg;;;;;;;Geismar;;;;;;34560
;Am Spateneisen;;;;;;;Geismar;;;;;;34560
;Am Sportplatz;;;;;;;Geismar;;;;;;34560
;Am Steinbruch;;;;;;;Geismar;;;;;;34560
;An der Elbe;;;;;;;Geismar;;;;;;34560
;Auf der Leimenkaute;;;;;;;Geismar;;;;;;34560
;Bad Wildunger Str.;;;;;;;Geismar;;;;;;34560
;Beethovenweg;;;;;;;Geismar;;;;;;34560
;Bonifatiusstr.;;;;;;;Geismar;;;;;;34560
;Brunnenweg;;;;;;;Geismar;;;;;;34560
;Brückenweg;;;;;;;Geismar;;;;;;34560
;Ederweg;;;;;;;Geismar;;;;;;34560
;Eichgarten;;;;;;;Geismar;;;;;;34560
;Kirchweg;;;;;;;Geismar;;;;;;34560
;Kirschbusch;;;;;;;Geismar;;;;;;34560
;Kirschgrund;;;;;;;Geismar;;;;;;34560
;Mittelweg;;;;;;;Geismar;;;;;;34560
;Mozartweg;;;;;;;Geismar;;;;;;34560
;Mühlenweg;;;;;;;Geismar;;;;;;34560
;Papiermühle;;;;;;;Geismar;;;;;;34560
;Riedwiesen;;;;;;;Geismar;;;;;;34560
;Sauerbrunnen;;;;;;;Geismar;;;;;;34560
;Schillerstr.;;;;;;;Geismar;;;;;;34560
;Schulweg;;;;;;;Geismar;;;;;;34560
;Verdiweg;;;;;;;Geismar;;;;;;34560
;Wagnerweg;;;;;;;Geismar;;;;;;34560
;Weberweg;;;;;;;Geismar;;;;;;34560
;Zur Donarquelle;;;;;;;Geismar;;;;;;34560
;Am Falter;;;;;;;Haddamar;;;;;;34560
;Am Hopfenberg;;;;;;;Haddamar;;;;;;34560
;Am Steinweg;;;;;;;Haddamar;;;;;;34560
;Bickelweg;;;;;;;Haddamar;;;;;;34560
;Blauer Weg;;;;;;;Haddamar;;;;;;34560
;Eichstr.;;;;;;;Haddamar;;;;;;34560
;Entengasse;;;;;;;Haddamar;;;;;;34560
;Friedhofstr.;;;;;;;Haddamar;;;;;;34560
;Kurtstr.;;;;;;;Haddamar;;;;;;34560
;Rosenwiese;;;;;;;Haddamar;;;;;;34560
;Wernergasse;;;;;;;Haddamar;;;;;;34560
;Zierweg;;;;;;;Haddamar;;;;;;34560
;Züschener Str.;;;;;;;Haddamar;;;;;;34560
;Am Brauplatz;;;;;;;Lohne;;;;;;34560
;Am Dachsberg;;;;;;;Lohne;;;;;;34560
;Am Hasenberg;;;;;;;Lohne;;;;;;34560
;Am Zollstock;;;;;;;Lohne;;;;;;34560
;Chattenblick;;;;;;;Lohne;;;;;;34560
;Damenallee;;;;;;;Lohne;;;;;;34560
;Diewesgasse;;;;;;;Lohne;;;;;;34560
;Emstaler Str.;;;;;;;Lohne;;;;;;34560
;Fohlenweide;;;;;;;Lohne;;;;;;34560
;Georg-Itter-Str.;;;;;;;Lohne;;;;;;34560
;Gudensberger Str.;;;;;;;Lohne;;;;;;34560
;Hewe;;;;;;;Lohne;;;;;;34560
;Hinter den Gärten;;;;;;;Lohne;;;;;;34560
;Hofstatt;;;;;;;Lohne;;;;;;34560
;Jerrengasse;;;;;;;Lohne;;;;;;34560
;Klause;;;;;;;Lohne;;;;;;34560
;Pfarrweg;;;;;;;Lohne;;;;;;34560
;Samtwiesen;;;;;;;Lohne;;;;;;34560
;Schmiedeweg;;;;;;;Lohne;;;;;;34560
;Waldecker Str.;;;;;;;Lohne;;;;;;34560
;Wirtsgasse;;;;;;;Lohne;;;;;;34560
;Ziegelhütte;;;;;;;Lohne;;;;;;34560
;Zum Hirtenhof;;;;;;;Lohne;;;;;;34560
;Am Nußbaum;;;;;;;Obermöllrich;;;;;;34560
;Am Stein;;;;;;;Obermöllrich;;;;;;34560
;An der Hand;;;;;;;Obermöllrich;;;;;;34560
;Birkenhof;;;;;;;Obermöllrich;;;;;;34560
;Cappeler Str.;;;;;;;Obermöllrich;;;;;;34560
;Hochrain;;;;;;;Obermöllrich;;;;;;34560
;Hochwiese;;;;;;;Obermöllrich;;;;;;34560
;Im Boden;;;;;;;Obermöllrich;;;;;;34560
;Jahnstr.;;;;;;;Obermöllrich;;;;;;34560
;Lautenbachstr.;;;;;;;Obermöllrich;;;;;;34560
;Lindensteinstr.;;;;;;;Obermöllrich;;;;;;34560
;Mühlenpfad;;;;;;;Obermöllrich;;;;;;34560
;Palmenweg;;;;;;;Obermöllrich;;;;;;34560
;Spiegelstr.;;;;;;;Obermöllrich;;;;;;34560
;Werkeler Str.;;;;;;;Obermöllrich;;;;;;34560
;Weststr.;;;;;;;Obermöllrich;;;;;;34560
;Zum Stein;;;;;;;Obermöllrich;;;;;;34560
;Bergstr.;;;;;;;Rothhelmshausen;;;;;;34560
;Birkenweg;;;;;;;Rothhelmshausen;;;;;;34560
;Braunauer Str.;;;;;;;Rothhelmshausen;;;;;;34560
;Rothhelmshof;;;;;;;Rothhelmshausen;;;;;;34560
;V. d. Schneidelwald;;;;;;;Rothhelmshausen;;;;;;34560
;Wiesenstr.;;;;;;;Rothhelmshausen;;;;;;34560
;Zum Birnbaum;;;;;;;Rothhelmshausen;;;;;;34560
;Bahnhofstr.;;;;;;;Ungedanken;;;;;;34560
;Bergweg;;;;;;;Ungedanken;;;;;;34560
;Bürabergstr.;;;;;;;Ungedanken;;;;;;34560
;Deichäcker;;;;;;;Ungedanken;;;;;;34560
;Ederblick;;;;;;;Ungedanken;;;;;;34560
;Feldstr.;;;;;;;Ungedanken;;;;;;34560
;Hardtblick;;;;;;;Ungedanken;;;;;;34560
;Hauptstr.;;;;;;;Ungedanken;;;;;;34560
;Im Unterfeld;;;;;;;Ungedanken;;;;;;34560
;Nordstr.;;;;;;;Ungedanken;;;;;;34560
;Obere Ostenbachstr.;;;;;;;Ungedanken;;;;;;34560
;Ostenbachstr.;;;;;;;Ungedanken;;;;;;34560
;Oststr.;;;;;;;Ungedanken;;;;;;34560
;Pfarrstr.;;;;;;;Ungedanken;;;;;;34560
;Postweg;;;;;;;Ungedanken;;;;;;34560
;Schönsteinstr.;;;;;;;Ungedanken;;;;;;34560
;Steinäcker;;;;;;;Ungedanken;;;;;;34560
;Südstr.;;;;;;;Ungedanken;;;;;;34560
;Waldstr.;;;;;;;Ungedanken;;;;;;34560
;Am Mühlenberg;;;;;;;Wehren;;;;;;34560
;Bachstr.;;;;;;;Wehren;;;;;;34560
;Bei den Grünen Platten;;;;;;;Wehren;;;;;;34560
;Dorlaer Str.;;;;;;;Wehren;;;;;;34560
;Eulenäcker;;;;;;;Wehren;;;;;;34560
;Himmelweg;;;;;;;Wehren;;;;;;34560
;Hinter der Kirche;;;;;;;Wehren;;;;;;34560
;In den Wiesen;;;;;;;Wehren;;;;;;34560
;In der Höhle;;;;;;;Wehren;;;;;;34560
;In der Lücke;;;;;;;Wehren;;;;;;34560
;Kirchberger Str.;;;;;;;Wehren;;;;;;34560
;Lindenstr.;;;;;;;Wehren;;;;;;34560
;Querstr.;;;;;;;Wehren;;;;;;34560
;Am Ellergarten;;;;;;;Werkel;;;;;;34560
;Am Freien Hof;;;;;;;Werkel;;;;;;34560
;Am Hilgenstein;;;;;;;Werkel;;;;;;34560
;An der Kirche;;;;;;;Werkel;;;;;;34560
;Auf der Binge;;;;;;;Werkel;;;;;;34560
;Bleichengasse;;;;;;;Werkel;;;;;;34560
;Festwiese;;;;;;;Werkel;;;;;;34560
;Frankfurter Str.;;;;;;;Werkel;;;;;;34560
;Goldbach;;;;;;;Werkel;;;;;;34560
;Haddamarstr.;;;;;;;Werkel;;;;;;34560
;Neue Str.;;;;;;;Werkel;;;;;;34560
;Obermöllricher Str.;;;;;;;Werkel;;;;;;34560
;Raiffeisenstr.;;;;;;;Werkel;;;;;;34560
;Steinbinge;;;;;;;Werkel;;;;;;34560
;Wehrener Str.;;;;;;;Werkel;;;;;;34560
;Zum Jakobsbörnchen;;;;;;;Werkel;;;;;;34560
;Altendorfer Str.;;;;;;;Züschen;;;;;;34560
;Alter Weg;;;;;;;Züschen;;;;;;34560
;Am Grachenturm;;;;;;;Züschen;;;;;;34560
;Am Hengsberg;;;;;;;Züschen;;;;;;34560
;Am Kreuzborn;;;;;;;Züschen;;;;;;34560
;An der Stadtkirche;;;;;;;Züschen;;;;;;34560
;Auf dem Platz;;;;;;;Züschen;;;;;;34560
;Auf der Bösen Hecke;;;;;;;Züschen;;;;;;34560
;Auf der Lehmkaute;;;;;;;Züschen;;;;;;34560
;Brückengarten;;;;;;;Züschen;;;;;;34560
;Heimarshäuser Str.;;;;;;;Züschen;;;;;;34560
;Hinter der Mauer;;;;;;;Züschen;;;;;;34560
;Kalkröse;;;;;;;Züschen;;;;;;34560
;Meysenbugring;;;;;;;Züschen;;;;;;34560
;Mittelstr.;;;;;;;Züschen;;;;;;34560
;Mühlenallee;;;;;;;Züschen;;;;;;34560
;Obertor;;;;;;;Züschen;;;;;;34560
;Pflichthaus;;;;;;;Züschen;;;;;;34560
;Schloßblick;;;;;;;Züschen;;;;;;34560
;Stadtblick;;;;;;;Züschen;;;;;;34560
;Untertor;;;;;;;Züschen;;;;;;34560
;Wellener Str.;;;;;;;Züschen;;;;;;34560
;Zimmerplatz;;;;;;;Züschen;;;;;;34560
;Zum Graben;;;;;;;Züschen;;;;;;34560
;Zum Mühlengrund;;;;;;;Züschen;;;;;;34560
;Zum Riesenstein;;;;;;;Züschen;;;;;;34560
;Zur Hessel;;;;;;;Züschen;;;;;;34560
;Zur Lauge;;;;;;;Züschen;;;;;;34560
;Zäuneweg;;;;;;;Züschen;;;;;;34560
;Dorfstr.;;;;;;;Appenhain;;;;;;34630
;Haubengarten   ;;;;;;;Appenhain;;;;;;34630
;Zum Mühlengrund     ;;;;;;;Appenhain;;;;;;34630
;Am Holzbach                ;;;;;;;Gilserberg;;;;;;34630
;Am Weidehof    ;;;;;;;Gilserberg;;;;;;34630
;Bahnhofstr.         ;;;;;;;Gilserberg;;;;;;34630
;Berggartenstr.          ;;;;;;;Gilserberg;;;;;;34630
;Berliner Str.        ;;;;;;;Gilserberg;;;;;;34630
;Bornfeldring;;;;;;;Gilserberg;;;;;;34630
;Bornfeldstr.;;;;;;;Gilserberg;;;;;;34630
;Breite Rod;;;;;;;Gilserberg;;;;;;34630
;Buchwaldstr.;;;;;;;Gilserberg;;;;;;34630
;Egelsbachweg;;;;;;;Gilserberg;;;;;;34630
;Gilsaweg  ;;;;;;;Gilserberg;;;;;;34630
;Grohbergstr.  ;;;;;;;Gilserberg;;;;;;34630
;Grüne Höfe   ;;;;;;;Gilserberg;;;;;;34630
;Hoherodstr. ;;;;;;;Gilserberg;;;;;;34630
;Im Entenpfuhl    ;;;;;;;Gilserberg;;;;;;34630
;In der Hohle              ;;;;;;;Gilserberg;;;;;;34630
;Kasseler Str.            ;;;;;;;Gilserberg;;;;;;34630
;Kirchweg                  ;;;;;;;Gilserberg;;;;;;34630
;Langer Grundweg    ;;;;;;;Gilserberg;;;;;;34630
;Marburger Str.           ;;;;;;;Gilserberg;;;;;;34630
;Nordstr.         ;;;;;;;Gilserberg;;;;;;34630
;Schäfersgarten   ;;;;;;;Gilserberg;;;;;;34630
;Scheidfeldstr.   ;;;;;;;Gilserberg;;;;;;34630
;Speckertsweg  ;;;;;;;Gilserberg;;;;;;34630
;Thorenäckerweg ;;;;;;;Gilserberg;;;;;;34630
;Thorenwiesenweg ;;;;;;;Gilserberg;;;;;;34630
;Treysaer Weg ;;;;;;;Gilserberg;;;;;;34630
;Ziegelei ;;;;;;;Gilserberg;;;;;;34630
;Auf der Male         ;;;;;;;Heimbach;;;;;;34630
;Burgweg;;;;;;;Heimbach;;;;;;34630
;Heides Hof  ;;;;;;;Heimbach;;;;;;34630
;Hopfenbergweg;;;;;;;Heimbach;;;;;;34630
;Schiffelbacher Str. ;;;;;;;Heimbach;;;;;;34630
;Wohrataler Str. ;;;;;;;Heimbach;;;;;;34630
;Zur Bückling      ;;;;;;;Heimbach;;;;;;34630
;Appenhainer Str.           ;;;;;;;Itzenhain;;;;;;34630
;Bellnhäuser Str.       ;;;;;;;Itzenhain;;;;;;34630
;Breitacker         ;;;;;;;Itzenhain;;;;;;34630
;Hainbuchenstr. ;;;;;;;Itzenhain;;;;;;34630
;Herzwiesenhof              ;;;;;;;Itzenhain;;;;;;34630
;Im Grund          ;;;;;;;Itzenhain;;;;;;34630
;Lindenweg        ;;;;;;;Itzenhain;;;;;;34630
;Teichstr. ;;;;;;;Itzenhain;;;;;;34630
;Winterscheider Str.   ;;;;;;;Itzenhain;;;;;;34630
;Znaimer Str.   ;;;;;;;Itzenhain;;;;;;34630
;Am Teich      ;;;;;;;Lischeid;;;;;;34630
;Am Zimmerplatz     ;;;;;;;Lischeid;;;;;;34630
;Aumühle                     ;;;;;;;Lischeid;;;;;;34630
;Bergstr.;;;;;;;Lischeid;;;;;;34630
;Die Straßengärten        ;;;;;;;Lischeid;;;;;;34630
;Erlengrundweg     ;;;;;;;Lischeid;;;;;;34630
;Haingrundsmühle   ;;;;;;;Lischeid;;;;;;34630
;Heideweg ;;;;;;;Lischeid;;;;;;34630
;Lindenring          ;;;;;;;Lischeid;;;;;;34630
;Lischeider Str.  ;;;;;;;Lischeid;;;;;;34630
;Lommäcker             ;;;;;;;Lischeid;;;;;;34630
;Mengsberger Str.       ;;;;;;;Lischeid;;;;;;34630
;Mühlenweg   ;;;;;;;Lischeid;;;;;;34630
;Rosenstr.               ;;;;;;;Lischeid;;;;;;34630
;Sandweg    ;;;;;;;Lischeid;;;;;;34630
;Schmidtborn       ;;;;;;;Lischeid;;;;;;34630
;Spich  ;;;;;;;Lischeid;;;;;;34630
;Weidenstr. ;;;;;;;Lischeid;;;;;;34630
;Wiesenweg ;;;;;;;Lischeid;;;;;;34630
;Am Berg                      ;;;;;;;Moischeid;;;;;;34630
;Am Damm      ;;;;;;;Moischeid;;;;;;34630
;Am Park;;;;;;;Moischeid;;;;;;34630
;Am Spielplatz      ;;;;;;;Moischeid;;;;;;34630
;Berghecke         ;;;;;;;Moischeid;;;;;;34630
;Bleichweg;;;;;;;Moischeid;;;;;;34630
;Gemündener Str.   ;;;;;;;Moischeid;;;;;;34630
;Hinterm Schloß         ;;;;;;;Moischeid;;;;;;34630
;Querstr.     ;;;;;;;Moischeid;;;;;;34630
;Schloßstr.  ;;;;;;;Moischeid;;;;;;34630
;Schönsteiner Str. ;;;;;;;Moischeid;;;;;;34630
;Wegbornstr.    ;;;;;;;Moischeid;;;;;;34630
;An der Kirche         ;;;;;;;Sachsenhausen;;;;;;34630
;Hirschwinkel            ;;;;;;;Sachsenhausen;;;;;;34630
;Hofackerstr. ;;;;;;;Sachsenhausen;;;;;;34630
;Im Baumgarten  ;;;;;;;Sachsenhausen;;;;;;34630
;Im Bruch                   ;;;;;;;Sachsenhausen;;;;;;34630
;Im Wiesengrund          ;;;;;;;Sachsenhausen;;;;;;34630
;Kartoffelgasse         ;;;;;;;Sachsenhausen;;;;;;34630
;Neue Str.          ;;;;;;;Sachsenhausen;;;;;;34630
;Treysaer Str.;;;;;;;Sachsenhausen;;;;;;34630
;Waldackerstr. ;;;;;;;Sachsenhausen;;;;;;34630
;Zum Berg ;;;;;;;Sachsenhausen;;;;;;34630
;Zum Kuckuckswald;;;;;;;Sachsenhausen;;;;;;34630
;Borngarten;;;;;;;Schönau;;;;;;34630
;Brunnenweg         ;;;;;;;Schönau;;;;;;34630
;Forstweg   ;;;;;;;Schönau;;;;;;34630
;Haingasse         ;;;;;;;Schönau;;;;;;34630
;Hüchelmühle;;;;;;;Schönau;;;;;;34630
;Im Hoffeld    ;;;;;;;Schönau;;;;;;34630
;Kirschbrunnen              ;;;;;;;Schönau;;;;;;34630
;Königsbergstr.            ;;;;;;;Schönau;;;;;;34630
;Pfingstweg      ;;;;;;;Schönau;;;;;;34630
;Schloßbergstr.     ;;;;;;;Schönau;;;;;;34630
;Vorm Wald  ;;;;;;;Schönau;;;;;;34630
;Zum Gilsatal      ;;;;;;;Schönau;;;;;;34630
;Am Hüttenplatz;;;;;;;Schönstein;;;;;;34630
;An der Kirchwiese         ;;;;;;;Schönstein;;;;;;34630
;Eichenweg           ;;;;;;;Schönstein;;;;;;34630
;Eisenhammerweg   ;;;;;;;Schönstein;;;;;;34630
;Hammerweg        ;;;;;;;Schönstein;;;;;;34630
;Jeustweg;;;;;;;Schönstein;;;;;;34630
;Kellerwaldstr.             ;;;;;;;Schönstein;;;;;;34630
;Quellenweg            ;;;;;;;Schönstein;;;;;;34630
;Zum Eggefeld  ;;;;;;;Schönstein;;;;;;34630
;Am Spichen  ;;;;;;;Sebbeterode;;;;;;34630
;Bachstr.                        ;;;;;;;Sebbeterode;;;;;;34630
;Buchenmühle;;;;;;;Sebbeterode;;;;;;34630
;Friedhofsweg   ;;;;;;;Sebbeterode;;;;;;34630
;Hinter der Höh              ;;;;;;;Sebbeterode;;;;;;34630
;Höllbachstr.             ;;;;;;;Sebbeterode;;;;;;34630
;Hohlstr.     ;;;;;;;Sebbeterode;;;;;;34630
;Im Graben           ;;;;;;;Sebbeterode;;;;;;34630
;Lange Str.  ;;;;;;;Sebbeterode;;;;;;34630
;Lindenstr.              ;;;;;;;Sebbeterode;;;;;;34630
;Lohbergstr.  ;;;;;;;Sebbeterode;;;;;;34630
;Sachsenhäuser Str.;;;;;;;Sebbeterode;;;;;;34630
;Treisbach   ;;;;;;;Sebbeterode;;;;;;34630
;Zum Gründchen     ;;;;;;;Sebbeterode;;;;;;34630
;An der Hirtenwiese    ;;;;;;;Winterscheid;;;;;;34630
;Blumenweg;;;;;;;Winterscheid;;;;;;34630
;Bornackerstr.;;;;;;;Winterscheid;;;;;;34630
;Denkmalstr.;;;;;;;Winterscheid;;;;;;34630
;Gartenstr.        ;;;;;;;Winterscheid;;;;;;34630
;Heinrich-Weber-Str.     ;;;;;;;Winterscheid;;;;;;34630
;Hohe Warte;;;;;;;Winterscheid;;;;;;34630
;Itzenhainer Str.      ;;;;;;;Winterscheid;;;;;;34630
;Reitstr.                   ;;;;;;;Winterscheid;;;;;;34630
;Wohnheim Kellerwald  ;;;;;;;Winterscheid;;;;;;34630
;Zum Stiffel          ;;;;;;;Winterscheid;;;;;;34630
;Am Sonnenhang;;;;;;;Deute;;;;;;34281
;An der Kirche;;;;;;;Deute;;;;;;34281
;Auf dem Stück;;;;;;;Deute;;;;;;34281
;Brunslarer Straße;;;;;;;Deute;;;;;;34281
;Böddigerstraße;;;;;;;Deute;;;;;;34281
;Bürgerm.-Horstmann-Str.;;;;;;;Deute;;;;;;34281
;Grüner Weg;;;;;;;Deute;;;;;;34281
;Homberger Straße;;;;;;;Deute;;;;;;34281
;Im Gesänge;;;;;;;Deute;;;;;;34281
;Lerchenweg;;;;;;;Deute;;;;;;34281
;Richardsberg;;;;;;;Deute;;;;;;34281
;Rosengarten;;;;;;;Deute;;;;;;34281
;Schattenbergstraße;;;;;;;Deute;;;;;;34281
;Schulstraße;;;;;;;Deute;;;;;;34281
;Wiesenweg;;;;;;;Deute;;;;;;34281
;Wolfershäuser Weg;;;;;;;Deute;;;;;;34281
;Zum Lotterberg;;;;;;;Deute;;;;;;34281
;Zum Sommerbach;;;;;;;Deute;;;;;;34281
;Zum Sommerfeld;;;;;;;Deute;;;;;;34281
;Zum Zimmerplatz;;;;;;;Deute;;;;;;34281
;Albert-Höhle-Straße;;;;;;;Dissen;;;;;;34281
;Am Gudensberger Feld;;;;;;;Dissen;;;;;;34281
;Am Posthof;;;;;;;Dissen;;;;;;34281
;Amselweg;;;;;;;Dissen;;;;;;34281
;Auf dem Wichtel;;;;;;;Dissen;;;;;;34281
;Blumenstraße;;;;;;;Dissen;;;;;;34281
;Chattenstraße;;;;;;;Dissen;;;;;;34281
;Deuter Straße;;;;;;;Dissen;;;;;;34281
;Dorfstraße;;;;;;;Dissen;;;;;;34281
;Haldorfer Straße;;;;;;;Dissen;;;;;;34281
;Hohler Weg;;;;;;;Dissen;;;;;;34281
;Langenbergstraße;;;;;;;Dissen;;;;;;34281
;Lattingsgarten;;;;;;;Dissen;;;;;;34281
;Odenbergstraße;;;;;;;Dissen;;;;;;34281
;Querallee;;;;;;;Dissen;;;;;;34281
;Roßgasse;;;;;;;Dissen;;;;;;34281
;Stückweg;;;;;;;Dissen;;;;;;34281
;Zum Neuselsberg;;;;;;;Dissen;;;;;;34281
;Zum Scharfenstein;;;;;;;Dissen;;;;;;34281
;Zum Sonneborn;;;;;;;Dissen;;;;;;34281
;Alte Frankfurter Str;;;;;;;Dorla;;;;;;34281
;Alter Hof;;;;;;;Dorla;;;;;;34281
;An der Bickmühle;;;;;;;Dorla;;;;;;34281
;Auf dem Tonacker;;;;;;;Dorla;;;;;;34281
;Brunnenstraße;;;;;;;Dorla;;;;;;34281
;Eichenweg;;;;;;;Dorla;;;;;;34281
;Emsaue;;;;;;;Dorla;;;;;;34281
;Forstweg;;;;;;;Dorla;;;;;;34281
;Kirchgasse;;;;;;;Dorla;;;;;;34281
;Kleiweg;;;;;;;Dorla;;;;;;34281
;Mühlenfeld;;;;;;;Dorla;;;;;;34281
;Ringstraße;;;;;;;Dorla;;;;;;34281
;Sandfeld;;;;;;;Dorla;;;;;;34281
;Wehrener Straße;;;;;;;Dorla;;;;;;34281
;Wiesengrund;;;;;;;Dorla;;;;;;34281
;Zum Weißenborn;;;;;;;Dorla;;;;;;34281
;Am Burgfeld;;;;;;;Gleichen;;;;;;34281
;Bruchwiesenweg;;;;;;;Gleichen;;;;;;34281
;Dorlaer Weg;;;;;;;Gleichen;;;;;;34281
;Gleichener Mühle;;;;;;;Gleichen;;;;;;34281
;Hinter den Gärten;;;;;;;Gleichen;;;;;;34281
;Im Wiesental;;;;;;;Gleichen;;;;;;34281
;Kirchberger Straße;;;;;;;Gleichen;;;;;;34281
;Lohner Straße;;;;;;;Gleichen;;;;;;34281
;Mittelring;;;;;;;Gleichen;;;;;;34281
;Mühlbach;;;;;;;Gleichen;;;;;;34281
;Niedensteiner Str.;;;;;;;Gleichen;;;;;;34281
;Raiffeisenstraße;;;;;;;Gleichen;;;;;;34281
;Seilerweg;;;;;;;Gleichen;;;;;;34281
;Wartbergblick;;;;;;;Gleichen;;;;;;34281
;Weberspfad;;;;;;;Gleichen;;;;;;34281
;Ahornstraße;;;;;;;Gudensberg;;;;;;34281
;Akazienweg;;;;;;;Gudensberg;;;;;;34281
;Alter Markt;;;;;;;Gudensberg;;;;;;34281
;Am Emmerfeld;;;;;;;Gudensberg;;;;;;34281
;Am Güntersberg;;;;;;;Gudensberg;;;;;;34281
;Am Rebstock;;;;;;;Gudensberg;;;;;;34281
;Am Ringwall;;;;;;;Gudensberg;;;;;;34281
;Am Schloßberg;;;;;;;Gudensberg;;;;;;34281
;An der Dechsel;;;;;;;Gudensberg;;;;;;34281
;Anne-Frank-Straße;;;;;;;Gudensberg;;;;;;34281
;Astrid-Lindgren-Straße;;;;;;;Gudensberg;;;;;;34281
;Auf dem Bürgel;;;;;;;Gudensberg;;;;;;34281
;Auf dem Faß;;;;;;;Gudensberg;;;;;;34281
;Auf der Fernegerste;;;;;;;Gudensberg;;;;;;34281
;Bahnhofstraße;;;;;;;Gudensberg;;;;;;34281
;Bahnwiesenweg;;;;;;;Gudensberg;;;;;;34281
;Berliner Straße;;;;;;;Gudensberg;;;;;;34281
;Besser Straße;;;;;;;Gudensberg;;;;;;34281
;Birkenweg;;;;;;;Gudensberg;;;;;;34281
;Birnenallee;;;;;;;Gudensberg;;;;;;34281
;Braugasse;;;;;;;Gudensberg;;;;;;34281
;Breslauer Straße;;;;;;;Gudensberg;;;;;;34281
;Buchenborn;;;;;;;Gudensberg;;;;;;34281
;Buchenweg;;;;;;;Gudensberg;;;;;;34281
;Burgunderweg;;;;;;;Gudensberg;;;;;;34281
;Böhmer Weg;;;;;;;Gudensberg;;;;;;34281
;Chattenweg;;;;;;;Gudensberg;;;;;;34281
;Danziger Weg;;;;;;;Gudensberg;;;;;;34281
;Dornfelderweg;;;;;;;Gudensberg;;;;;;34281
;Egerländer Weg;;;;;;;Gudensberg;;;;;;34281
;Erlenweg;;;;;;;Gudensberg;;;;;;34281
;Eschenweg;;;;;;;Gudensberg;;;;;;34281
;Eulauer Weg;;;;;;;Gudensberg;;;;;;34281
;Feuersteinweg;;;;;;;Gudensberg;;;;;;34281
;Fontanestraße;;;;;;;Gudensberg;;;;;;34281
;Freiheit;;;;;;;Gudensberg;;;;;;34281
;Friedrich-Ebert-Str.;;;;;;;Gudensberg;;;;;;34281
;Fritzlarer Straße;;;;;;;Gudensberg;;;;;;34281
;Gerh.-Hauptmann-Str.;;;;;;;Gudensberg;;;;;;34281
;Gestecke;;;;;;;Gudensberg;;;;;;34281
;Goethestraße;;;;;;;Gudensberg;;;;;;34281
;Grabenweg;;;;;;;Gudensberg;;;;;;34281
;Große Binde;;;;;;;Gudensberg;;;;;;34281
;Große Rosenstraße;;;;;;;Gudensberg;;;;;;34281
;Heinrich-Heine-Str.;;;;;;;Gudensberg;;;;;;34281
;Hella-Heynmöller-Straße;;;;;;;Gudensberg;;;;;;34281
;Herderstraße;;;;;;;Gudensberg;;;;;;34281
;Hinter D Amtsgericht;;;;;;;Gudensberg;;;;;;34281
;Hinter dem Hagen;;;;;;;Gudensberg;;;;;;34281
;Hinter der Mauer;;;;;;;Gudensberg;;;;;;34281
;Hintergasse;;;;;;;Gudensberg;;;;;;34281
;Holzweg;;;;;;;Gudensberg;;;;;;34281
;Hornungsgasse;;;;;;;Gudensberg;;;;;;34281
;Hugo-Brunner-Straße;;;;;;;Gudensberg;;;;;;34281
;Hundgasse;;;;;;;Gudensberg;;;;;;34281
;Hölderlinstraße;;;;;;;Gudensberg;;;;;;34281
;Kasseler Straße;;;;;;;Gudensberg;;;;;;34281
;Kastanienweg;;;;;;;Gudensberg;;;;;;34281
;Klapphahn;;;;;;;Gudensberg;;;;;;34281
;Kleine Binde;;;;;;;Gudensberg;;;;;;34281
;Kleine Rosenstraße;;;;;;;Gudensberg;;;;;;34281
;Kleine Trift;;;;;;;Gudensberg;;;;;;34281
;Konr.-Steinbr.-Str.;;;;;;;Gudensberg;;;;;;34281
;Königsberger Weg;;;;;;;Gudensberg;;;;;;34281
;Lamsberger Weg;;;;;;;Gudensberg;;;;;;34281
;Langhausring;;;;;;;Gudensberg;;;;;;34281
;Lessingstraße;;;;;;;Gudensberg;;;;;;34281
;Lucia-Frey-Straße;;;;;;;Gudensberg;;;;;;34281
;Löhner Weg;;;;;;;Gudensberg;;;;;;34281
;Marie-Curie-Straße;;;;;;;Gudensberg;;;;;;34281
;Marktplatz;;;;;;;Gudensberg;;;;;;34281
;Marktstraße;;;;;;;Gudensberg;;;;;;34281
;Metzer Straße;;;;;;;Gudensberg;;;;;;34281
;Metzer Weg;;;;;;;Gudensberg;;;;;;34281
;Nacker Weg;;;;;;;Gudensberg;;;;;;34281
;Obergasse;;;;;;;Gudensberg;;;;;;34281
;Obertor;;;;;;;Gudensberg;;;;;;34281
;Pfarrgasse;;;;;;;Gudensberg;;;;;;34281
;Platanenallee;;;;;;;Gudensberg;;;;;;34281
;Rathausgasse;;;;;;;Gudensberg;;;;;;34281
;Renthof;;;;;;;Gudensberg;;;;;;34281
;Riedwiesen;;;;;;;Gudensberg;;;;;;34281
;Rieslingring;;;;;;;Gudensberg;;;;;;34281
;Rudolphstraße;;;;;;;Gudensberg;;;;;;34281
;Schillerstraße;;;;;;;Gudensberg;;;;;;34281
;Schlesier Weg;;;;;;;Gudensberg;;;;;;34281
;Schloßstraße;;;;;;;Gudensberg;;;;;;34281
;Schweriner Weg;;;;;;;Gudensberg;;;;;;34281
;Schwimmbadweg;;;;;;;Gudensberg;;;;;;34281
;Schwänheit;;;;;;;Gudensberg;;;;;;34281
;Schöne Aussicht;;;;;;;Gudensberg;;;;;;34281
;Silvanerweg;;;;;;;Gudensberg;;;;;;34281
;Sophie-Scholl-Straße;;;;;;;Gudensberg;;;;;;34281
;Sophie-von-Brabant-Straße;;;;;;;Gudensberg;;;;;;34281
;Theodor-Heuss-Straße;;;;;;;Gudensberg;;;;;;34281
;Tiergartenstraße;;;;;;;Gudensberg;;;;;;34281
;Trift;;;;;;;Gudensberg;;;;;;34281
;Töpfenmarkt;;;;;;;Gudensberg;;;;;;34281
;Uhlandstraße;;;;;;;Gudensberg;;;;;;34281
;Ulmenstraße;;;;;;;Gudensberg;;;;;;34281
;Untergasse;;;;;;;Gudensberg;;;;;;34281
;Villaweg;;;;;;;Gudensberg;;;;;;34281
;Weinbergstraße;;;;;;;Gudensberg;;;;;;34281
;Wenigenburg;;;;;;;Gudensberg;;;;;;34281
;Ziegerich;;;;;;;Gudensberg;;;;;;34281
;Zur Mader Heide;;;;;;;Gudensberg;;;;;;34281
;Zur Sternwarte;;;;;;;Gudensberg;;;;;;34281
;Am Hängerborn;;;;;;;Maden;;;;;;34281
;Am Maderstein;;;;;;;Maden;;;;;;34281
;Bergstraße;;;;;;;Maden;;;;;;34281
;Bleichwiesen;;;;;;;Maden;;;;;;34281
;Dammweg;;;;;;;Maden;;;;;;34281
;Fasanenweg;;;;;;;Maden;;;;;;34281
;Hans-Geißer-Straße;;;;;;;Maden;;;;;;34281
;Hängerweg;;;;;;;Maden;;;;;;34281
;Junkersgarten;;;;;;;Maden;;;;;;34281
;Küppelweg;;;;;;;Maden;;;;;;34281
;Lerchsfeld;;;;;;;Maden;;;;;;34281
;Lindenstraße;;;;;;;Maden;;;;;;34281
;Mittelgasse;;;;;;;Maden;;;;;;34281
;Mühlenweg;;;;;;;Maden;;;;;;34281
;Neue Straße;;;;;;;Maden;;;;;;34281
;Obervorschützer Str.;;;;;;;Maden;;;;;;34281
;Schlesienstraße;;;;;;;Maden;;;;;;34281
;Stadtweg;;;;;;;Maden;;;;;;34281
;Steinweg;;;;;;;Maden;;;;;;34281
;Teichstraße;;;;;;;Maden;;;;;;34281
;Thüringer Straße;;;;;;;Maden;;;;;;34281
;Waldweg;;;;;;;Maden;;;;;;34281
;Wohlgasse;;;;;;;Maden;;;;;;34281
;Wotanstraße;;;;;;;Maden;;;;;;34281
;Zellgraben;;;;;;;Maden;;;;;;34281
;Zum Goldbach;;;;;;;Maden;;;;;;34281
;Am Rain;;;;;;;Obervorschütz;;;;;;34281
;Am Rosenhain;;;;;;;Obervorschütz;;;;;;34281
;Auf dem Ochsenmaul;;;;;;;Obervorschütz;;;;;;34281
;Burggraben;;;;;;;Obervorschütz;;;;;;34281
;Buschstraße;;;;;;;Obervorschütz;;;;;;34281
;Cappeler Straße;;;;;;;Obervorschütz;;;;;;34281
;Emsstraße;;;;;;;Obervorschütz;;;;;;34281
;Friedensstraße;;;;;;;Obervorschütz;;;;;;34281
;Gartenstraße;;;;;;;Obervorschütz;;;;;;34281
;Georg-Haake-Straße;;;;;;;Obervorschütz;;;;;;34281
;Gudensberger Straße;;;;;;;Obervorschütz;;;;;;34281
;Hauptstraße;;;;;;;Obervorschütz;;;;;;34281
;Heinrich-Schöne-Straße;;;;;;;Obervorschütz;;;;;;34281
;Hillemühle;;;;;;;Obervorschütz;;;;;;34281
;Himmelreich;;;;;;;Obervorschütz;;;;;;34281
;Hohe Litt;;;;;;;Obervorschütz;;;;;;34281
;Im Weinberg;;;;;;;Obervorschütz;;;;;;34281
;Kirchgang;;;;;;;Obervorschütz;;;;;;34281
;Konr.-Freudenst.-Str.;;;;;;;Obervorschütz;;;;;;34281
;Kurzer Weg;;;;;;;Obervorschütz;;;;;;34281
;Madener Straße;;;;;;;Obervorschütz;;;;;;34281
;Martinsgasse;;;;;;;Obervorschütz;;;;;;34281
;Meisenweg;;;;;;;Obervorschütz;;;;;;34281
;Mühlengasse;;;;;;;Obervorschütz;;;;;;34281
;Neue Mühle;;;;;;;Obervorschütz;;;;;;34281
;Niederfeldstraße;;;;;;;Obervorschütz;;;;;;34281
;Niedervorschützer Str.;;;;;;;Obervorschütz;;;;;;34281
;Oberster Riedsweg;;;;;;;Obervorschütz;;;;;;34281
;Oderweg;;;;;;;Obervorschütz;;;;;;34281
;Pflichthaus;;;;;;;Obervorschütz;;;;;;34281
;Poststraße;;;;;;;Obervorschütz;;;;;;34281
;Sauerstraße;;;;;;;Obervorschütz;;;;;;34281
;Schmiedeweg;;;;;;;Obervorschütz;;;;;;34281
;Stieglitzhof;;;;;;;Obervorschütz;;;;;;34281
;Werkeler Straße;;;;;;;Obervorschütz;;;;;;34281
;Wilhelmstraße;;;;;;;Obervorschütz;;;;;;34281
;Ziegelei;;;;;;;Obervorschütz;;;;;;34281
;Zum Griechel;;;;;;;Obervorschütz;;;;;;34281
;Zur Mühle;;;;;;;Obervorschütz;;;;;;34281
;Akazienweg;;;;;;;Guxhagen;;;;;;34302
;Albert-Schweitzer-Allee;;;;;;;Guxhagen;;;;;;34302
;Albert-Schweitzer-Platz;;;;;;;Guxhagen;;;;;;34302
;Albshäuser Straße;;;;;;;Guxhagen;;;;;;34302
;Am Belz;;;;;;;Guxhagen;;;;;;34302
;Am Blumenhang;;;;;;;Guxhagen;;;;;;34302
;Am Brechelsdorf;;;;;;;Guxhagen;;;;;;34302
;Am Brunkelsberg;;;;;;;Guxhagen;;;;;;34302
;Am Buschgraben;;;;;;;Guxhagen;;;;;;34302
;Am Frauenholz;;;;;;;Guxhagen;;;;;;34302
;Am Fuldaberg;;;;;;;Guxhagen;;;;;;34302
;Am Glücksberg;;;;;;;Guxhagen;;;;;;34302
;Am Kasseler Busch;;;;;;;Guxhagen;;;;;;34302
;Am Kehrenberg;;;;;;;Guxhagen;;;;;;34302
;Am Kuckuckshain;;;;;;;Guxhagen;;;;;;34302
;Am Mühlenwald;;;;;;;Guxhagen;;;;;;34302
;Am Rohleiber;;;;;;;Guxhagen;;;;;;34302
;Am Wasserberg;;;;;;;Guxhagen;;;;;;34302
;Amselweg;;;;;;;Guxhagen;;;;;;34302
;An der Kirche;;;;;;;Guxhagen;;;;;;34302
;Aueweg;;;;;;;Guxhagen;;;;;;34302
;Auf dem Loh;;;;;;;Guxhagen;;;;;;34302
;Auf den Steinäckern;;;;;;;Guxhagen;;;;;;34302
;Auf der Lehmkaute;;;;;;;Guxhagen;;;;;;34302
;Bachstraße;;;;;;;Guxhagen;;;;;;34302
;Bahnhofstraße;;;;;;;Guxhagen;;;;;;34302
;Bahnhofsweg;;;;;;;Guxhagen;;;;;;34302
;Baunsbergring;;;;;;;Guxhagen;;;;;;34302
;Bergstraße;;;;;;;Guxhagen;;;;;;34302
;Berliner Straße;;;;;;;Guxhagen;;;;;;34302
;Birkenweg;;;;;;;Guxhagen;;;;;;34302
;Brunslarer Straße;;;;;;;Guxhagen;;;;;;34302
;Brückenstraße;;;;;;;Guxhagen;;;;;;34302
;Buchenblick;;;;;;;Guxhagen;;;;;;34302
;Buchenweg;;;;;;;Guxhagen;;;;;;34302
;Bussardweg;;;;;;;Guxhagen;;;;;;34302
;Büchenwerraer Straße;;;;;;;Guxhagen;;;;;;34302
;Campingplatz;;;;;;;Guxhagen;;;;;;34302
;Chattenblick;;;;;;;Guxhagen;;;;;;34302
;Dörnbergstraße;;;;;;;Guxhagen;;;;;;34302
;Dörnhagener Straße;;;;;;;Guxhagen;;;;;;34302
;Ederblick;;;;;;;Guxhagen;;;;;;34302
;Ehrhardtstraße;;;;;;;Guxhagen;;;;;;34302
;Eichenbergstraße;;;;;;;Guxhagen;;;;;;34302
;Ellenberger Fußweg;;;;;;;Guxhagen;;;;;;34302
;Ellenberger Straße;;;;;;;Guxhagen;;;;;;34302
;Eulenweg;;;;;;;Guxhagen;;;;;;34302
;Falkenweg;;;;;;;Guxhagen;;;;;;34302
;Fasanenweg;;;;;;;Guxhagen;;;;;;34302
;Finkenweg;;;;;;;Guxhagen;;;;;;34302
;Fischerweg;;;;;;;Guxhagen;;;;;;34302
;Freih.-v.-Stein-Str.;;;;;;;Guxhagen;;;;;;34302
;Friedhofstraße;;;;;;;Guxhagen;;;;;;34302
;Fuldablick;;;;;;;Guxhagen;;;;;;34302
;Fuldatalstraße;;;;;;;Guxhagen;;;;;;34302
;Gartenstraße;;;;;;;Guxhagen;;;;;;34302
;Goethestraße;;;;;;;Guxhagen;;;;;;34302
;Grebenauer Weg;;;;;;;Guxhagen;;;;;;34302
;Grifter Straße;;;;;;;Guxhagen;;;;;;34302
;Grimmstraße;;;;;;;Guxhagen;;;;;;34302
;Grüner Weg;;;;;;;Guxhagen;;;;;;34302
;Habichtswaldstraße;;;;;;;Guxhagen;;;;;;34302
;Hauptstraße;;;;;;;Guxhagen;;;;;;34302
;Hegeweg;;;;;;;Guxhagen;;;;;;34302
;Heideweg;;;;;;;Guxhagen;;;;;;34302
;Heiligenbergstraße;;;;;;;Guxhagen;;;;;;34302
;Heinrich-Berge-Str.;;;;;;;Guxhagen;;;;;;34302
;Herkulesstraße;;;;;;;Guxhagen;;;;;;34302
;Hof Schwarzenbach;;;;;;;Guxhagen;;;;;;34302
;Hufgarten;;;;;;;Guxhagen;;;;;;34302
;Im Bachfeld;;;;;;;Guxhagen;;;;;;34302
;Im Busch;;;;;;;Guxhagen;;;;;;34302
;Im Eichholz;;;;;;;Guxhagen;;;;;;34302
;Im Gelinge;;;;;;;Guxhagen;;;;;;34302
;Im Steinbruch;;;;;;;Guxhagen;;;;;;34302
;Im Triescher;;;;;;;Guxhagen;;;;;;34302
;Joh.-Gutenberg-Str.;;;;;;;Guxhagen;;;;;;34302
;Jägerstraße;;;;;;;Guxhagen;;;;;;34302
;Kantstraße;;;;;;;Guxhagen;;;;;;34302
;Kirchgasse;;;;;;;Guxhagen;;;;;;34302
;Kirchweg;;;;;;;Guxhagen;;;;;;34302
;Kleine Brückenstraße;;;;;;;Guxhagen;;;;;;34302
;Kleine Gasse;;;;;;;Guxhagen;;;;;;34302
;Klosterblick;;;;;;;Guxhagen;;;;;;34302
;Knüllstraße;;;;;;;Guxhagen;;;;;;34302
;Kohlenstraße;;;;;;;Guxhagen;;;;;;34302
;Kurze Straße;;;;;;;Guxhagen;;;;;;34302
;Langenbergstraße;;;;;;;Guxhagen;;;;;;34302
;Lessingstraße;;;;;;;Guxhagen;;;;;;34302
;Lohstraße;;;;;;;Guxhagen;;;;;;34302
;Meißnerstraße;;;;;;;Guxhagen;;;;;;34302
;Milanweg;;;;;;;Guxhagen;;;;;;34302
;Mittelgasse;;;;;;;Guxhagen;;;;;;34302
;Mittelweg;;;;;;;Guxhagen;;;;;;34302
;Moselweg;;;;;;;Guxhagen;;;;;;34302
;Mozartstraße;;;;;;;Guxhagen;;;;;;34302
;Nordstraße;;;;;;;Guxhagen;;;;;;34302
;Nürnberger Straße;;;;;;;Guxhagen;;;;;;34302
;Obergasse;;;;;;;Guxhagen;;;;;;34302
;Oberhof;;;;;;;Guxhagen;;;;;;34302
;Panoramaweg;;;;;;;Guxhagen;;;;;;34302
;Paul-Gerhardt-Straße;;;;;;;Guxhagen;;;;;;34302
;Pestalozzistraße;;;;;;;Guxhagen;;;;;;34302
;Pfeiffergasse;;;;;;;Guxhagen;;;;;;34302
;Pflichthaus;;;;;;;Guxhagen;;;;;;34302
;Poststraße;;;;;;;Guxhagen;;;;;;34302
;Quillerblick;;;;;;;Guxhagen;;;;;;34302
;Raiffeisenstraße;;;;;;;Guxhagen;;;;;;34302
;Rhönstraße;;;;;;;Guxhagen;;;;;;34302
;Ritterpfad;;;;;;;Guxhagen;;;;;;34302
;Robert-Bosch-Straße;;;;;;;Guxhagen;;;;;;34302
;Sandweg;;;;;;;Guxhagen;;;;;;34302
;Schiffstatt;;;;;;;Guxhagen;;;;;;34302
;Schillerstraße;;;;;;;Guxhagen;;;;;;34302
;Schlagweg;;;;;;;Guxhagen;;;;;;34302
;Schlesierstraße;;;;;;;Guxhagen;;;;;;34302
;Schulstraße;;;;;;;Guxhagen;;;;;;34302
;Schwalbenweg;;;;;;;Guxhagen;;;;;;34302
;Schwarzbachweg;;;;;;;Guxhagen;;;;;;34302
;Schöne Aussicht;;;;;;;Guxhagen;;;;;;34302
;Sellestraße;;;;;;;Guxhagen;;;;;;34302
;Sonnenhang;;;;;;;Guxhagen;;;;;;34302
;Spandauer Straße;;;;;;;Guxhagen;;;;;;34302
;Sperberweg;;;;;;;Guxhagen;;;;;;34302
;Stadweg;;;;;;;Guxhagen;;;;;;34302
;Steinfeld;;;;;;;Guxhagen;;;;;;34302
;Steinweg;;;;;;;Guxhagen;;;;;;34302
;Stellbergstraße;;;;;;;Guxhagen;;;;;;34302
;Sudetenstraße;;;;;;;Guxhagen;;;;;;34302
;Söhrestraße;;;;;;;Guxhagen;;;;;;34302
;Südring;;;;;;;Guxhagen;;;;;;34302
;Taunusstraße;;;;;;;Guxhagen;;;;;;34302
;Tunnelstraße;;;;;;;Guxhagen;;;;;;34302
;Uferstraße;;;;;;;Guxhagen;;;;;;34302
;Unter dem Eichholz;;;;;;;Guxhagen;;;;;;34302
;Untergasse;;;;;;;Guxhagen;;;;;;34302
;Waldweg;;;;;;;Guxhagen;;;;;;34302
;Weidenweg;;;;;;;Guxhagen;;;;;;34302
;Wendelgasse;;;;;;;Guxhagen;;;;;;34302
;Werraweg;;;;;;;Guxhagen;;;;;;34302
;Weserring;;;;;;;Guxhagen;;;;;;34302
;Wiesenweg;;;;;;;Guxhagen;;;;;;34302
;Wochenendg. Büchenw.;;;;;;;Guxhagen;;;;;;34302
;Wochenendg. Ellenberg;;;;;;;Guxhagen;;;;;;34302
;Wochenendg. Grebenau;;;;;;;Guxhagen;;;;;;34302
;Wolfershäuser Straße;;;;;;;Guxhagen;;;;;;34302
;Wollröder Weg;;;;;;;Guxhagen;;;;;;34302
;Zum Bruch;;;;;;;Guxhagen;;;;;;34302
;Zum Ehrenhain;;;;;;;Guxhagen;;;;;;34302
;Zum Forst;;;;;;;Guxhagen;;;;;;34302
;Zum Mühlenfeld;;;;;;;Guxhagen;;;;;;34302
;Zum Roten Rain;;;;;;;Guxhagen;;;;;;34302
;Zum Sportplatz;;;;;;;Guxhagen;;;;;;34302
;Zum Vockenberg;;;;;;;Guxhagen;;;;;;34302
;Zur Trift;;;;;;;Guxhagen;;;;;;34302
;Abel-Becker-Weg;;;;;;;Homberg (Efze);;;;;;34576
;Adam-Krafft-Weg;;;;;;;Homberg (Efze);;;;;;34576
;Adam-Möller-Weg;;;;;;;Homberg (Efze);;;;;;34576
;Adolf-Kolping-Weg;;;;;;;Homberg (Efze);;;;;;34576
;Ahornweg;;;;;;;Homberg (Efze);;;;;;34576
;Akazienweg;;;;;;;Homberg (Efze);;;;;;34576
;Alexand.-Fleming-Str;;;;;;;Homberg (Efze);;;;;;34576
;Alfred-Nobel-Str;;;;;;;Homberg (Efze);;;;;;34576
;Alte Aue;;;;;;;Homberg (Efze);;;;;;34576
;Alte Gasse;;;;;;;Homberg (Efze);;;;;;34576
;Alte Grube;;;;;;;Homberg (Efze);;;;;;34576
;Alte Siedlung;;;;;;;Homberg (Efze);;;;;;34576
;Alte Str;;;;;;;Homberg (Efze);;;;;;34576
;Alter Mühlenweg;;;;;;;Homberg (Efze);;;;;;34576
;Am Anger;;;;;;;Homberg (Efze);;;;;;34576
;Am Bach;;;;;;;Homberg (Efze);;;;;;34576
;Am Backhaus;;;;;;;Homberg (Efze);;;;;;34576
;Am Bahnhof;;;;;;;Homberg (Efze);;;;;;34576
;Am Berg;;;;;;;Homberg (Efze);;;;;;34576
;Am Birkenhof;;;;;;;Homberg (Efze);;;;;;34576
;Am Bornacker;;;;;;;Homberg (Efze);;;;;;34576
;Am David;;;;;;;Homberg (Efze);;;;;;34576
;Am Eisenwerk;;;;;;;Homberg (Efze);;;;;;34576
;Am Felsenpfad;;;;;;;Homberg (Efze);;;;;;34576
;Am Fiedeler;;;;;;;Homberg (Efze);;;;;;34576
;Am Gersthof;;;;;;;Homberg (Efze);;;;;;34576
;Am Graben;;;;;;;Homberg (Efze);;;;;;34576
;Am Grüning;;;;;;;Homberg (Efze);;;;;;34576
;Am Gänseteich;;;;;;;Homberg (Efze);;;;;;34576
;Am Hammer;;;;;;;Homberg (Efze);;;;;;34576
;Am Hang;;;;;;;Homberg (Efze);;;;;;34576
;Am Haspel;;;;;;;Homberg (Efze);;;;;;34576
;Am Hebel;;;;;;;Homberg (Efze);;;;;;34576
;Am Herrenberg;;;;;;;Homberg (Efze);;;;;;34576
;Am Herrengraben;;;;;;;Homberg (Efze);;;;;;34576
;Am Herzberg;;;;;;;Homberg (Efze);;;;;;34576
;Am Holzhäuser Tor;;;;;;;Homberg (Efze);;;;;;34576
;Am Hopfengarten;;;;;;;Homberg (Efze);;;;;;34576
;Am Katterbach;;;;;;;Homberg (Efze);;;;;;34576
;Am Keller;;;;;;;Homberg (Efze);;;;;;34576
;Am Kirchberg;;;;;;;Homberg (Efze);;;;;;34576
;Am Kirchrain;;;;;;;Homberg (Efze);;;;;;34576
;Am Klingelbach;;;;;;;Homberg (Efze);;;;;;34576
;Am Knipp;;;;;;;Homberg (Efze);;;;;;34576
;Am Krachenberg;;;;;;;Homberg (Efze);;;;;;34576
;Am Krautgarten;;;;;;;Homberg (Efze);;;;;;34576
;Am Langen Rain;;;;;;;Homberg (Efze);;;;;;34576
;Am Lingenacker;;;;;;;Homberg (Efze);;;;;;34576
;Am Mühlenberg;;;;;;;Homberg (Efze);;;;;;34576
;Am Neuen Tor;;;;;;;Homberg (Efze);;;;;;34576
;Am Niederbach;;;;;;;Homberg (Efze);;;;;;34576
;Am Park;;;;;;;Homberg (Efze);;;;;;34576
;Am Pulverturm;;;;;;;Homberg (Efze);;;;;;34576
;Am Rain;;;;;;;Homberg (Efze);;;;;;34576
;Am Rasen;;;;;;;Homberg (Efze);;;;;;34576
;Am Ringgarten;;;;;;;Homberg (Efze);;;;;;34576
;Am Ronneberg;;;;;;;Homberg (Efze);;;;;;34576
;Am Roten Rain;;;;;;;Homberg (Efze);;;;;;34576
;Am Sandberg;;;;;;;Homberg (Efze);;;;;;34576
;Am Scherchen;;;;;;;Homberg (Efze);;;;;;34576
;Am Schieferstein;;;;;;;Homberg (Efze);;;;;;34576
;Am Schloßberg;;;;;;;Homberg (Efze);;;;;;34576
;Am Sonnenhang;;;;;;;Homberg (Efze);;;;;;34576
;Am Spielplatz;;;;;;;Homberg (Efze);;;;;;34576
;Am Stadion;;;;;;;Homberg (Efze);;;;;;34576
;Am Steinacker;;;;;;;Homberg (Efze);;;;;;34576
;Am Steinbruch;;;;;;;Homberg (Efze);;;;;;34576
;Am Stockgarten;;;;;;;Homberg (Efze);;;;;;34576
;Am Stoß;;;;;;;Homberg (Efze);;;;;;34576
;Am Teich;;;;;;;Homberg (Efze);;;;;;34576
;Am Teichfeld;;;;;;;Homberg (Efze);;;;;;34576
;Am Trinkrasen;;;;;;;Homberg (Efze);;;;;;34576
;Am Turnplatz;;;;;;;Homberg (Efze);;;;;;34576
;Am Wasser;;;;;;;Homberg (Efze);;;;;;34576
;Am Wiesenrain;;;;;;;Homberg (Efze);;;;;;34576
;Am Wolfsgarten;;;;;;;Homberg (Efze);;;;;;34576
;Amselweg;;;;;;;Homberg (Efze);;;;;;34576
;An der Bleiche;;;;;;;Homberg (Efze);;;;;;34576
;An der Brennerei;;;;;;;Homberg (Efze);;;;;;34576
;An der Kirche;;;;;;;Homberg (Efze);;;;;;34576
;An der Mauer;;;;;;;Homberg (Efze);;;;;;34576
;An der Raiffeisenk.;;;;;;;Homberg (Efze);;;;;;34576
;Aspenweg;;;;;;;Homberg (Efze);;;;;;34576
;Aueweg;;;;;;;Homberg (Efze);;;;;;34576
;Auf dem Bingel;;;;;;;Homberg (Efze);;;;;;34576
;Auf dem Buschberg;;;;;;;Homberg (Efze);;;;;;34576
;Auf der Sandkaute;;;;;;;Homberg (Efze);;;;;;34576
;Auf der Scheibe;;;;;;;Homberg (Efze);;;;;;34576
;August-Vilmar-Str;;;;;;;Homberg (Efze);;;;;;34576
;Bahnhofsallee;;;;;;;Homberg (Efze);;;;;;34576
;Bahnhofstr;;;;;;;Homberg (Efze);;;;;;34576
;Basthauptweg;;;;;;;Homberg (Efze);;;;;;34576
;Batzenmühle;;;;;;;Homberg (Efze);;;;;;34576
;Bauernstr;;;;;;;Homberg (Efze);;;;;;34576
;Berger Str;;;;;;;Homberg (Efze);;;;;;34576
;Bergstr;;;;;;;Homberg (Efze);;;;;;34576
;Berliner Str;;;;;;;Homberg (Efze);;;;;;34576
;Bindeweg;;;;;;;Homberg (Efze);;;;;;34576
;Bingeweg;;;;;;;Homberg (Efze);;;;;;34576
;Birkenweg;;;;;;;Homberg (Efze);;;;;;34576
;Bischofstr;;;;;;;Homberg (Efze);;;;;;34576
;Blumenweg;;;;;;;Homberg (Efze);;;;;;34576
;Borkener Str;;;;;;;Homberg (Efze);;;;;;34576
;Borngartenweg;;;;;;;Homberg (Efze);;;;;;34576
;Bornweg;;;;;;;Homberg (Efze);;;;;;34576
;Brandenburger Str;;;;;;;Homberg (Efze);;;;;;34576
;Breslauer Str;;;;;;;Homberg (Efze);;;;;;34576
;Bridgwater Allee;;;;;;;Homberg (Efze);;;;;;34576
;Brunnenweg;;;;;;;Homberg (Efze);;;;;;34576
;Brückenweg;;;;;;;Homberg (Efze);;;;;;34576
;Buchenweg;;;;;;;Homberg (Efze);;;;;;34576
;Burgblick;;;;;;;Homberg (Efze);;;;;;34576
;Burkhardweg;;;;;;;Homberg (Efze);;;;;;34576
;Carl-Benz-Str.;;;;;;;Homberg (Efze);;;;;;34576
;Caßdorfer Weg;;;;;;;Homberg (Efze);;;;;;34576
;Christertweg;;;;;;;Homberg (Efze);;;;;;34576
;Cramersweg;;;;;;;Homberg (Efze);;;;;;34576
;Danziger Str;;;;;;;Homberg (Efze);;;;;;34576
;Davidsweg;;;;;;;Homberg (Efze);;;;;;34576
;Dickershäuser Str;;;;;;;Homberg (Efze);;;;;;34576
;Die Rodenäcker;;;;;;;Homberg (Efze);;;;;;34576
;Die Voßäcker;;;;;;;Homberg (Efze);;;;;;34576
;Dorfbrunnen;;;;;;;Homberg (Efze);;;;;;34576
;Dorfkrug;;;;;;;Homberg (Efze);;;;;;34576
;Dorfstr;;;;;;;Homberg (Efze);;;;;;34576
;Drehweg;;;;;;;Homberg (Efze);;;;;;34576
;Dresdener Allee;;;;;;;Homberg (Efze);;;;;;34576
;Dörnbergweg;;;;;;;Homberg (Efze);;;;;;34576
;Dörnisweg;;;;;;;Homberg (Efze);;;;;;34576
;Düsseldorfer Str;;;;;;;Homberg (Efze);;;;;;34576
;Efzeweg;;;;;;;Homberg (Efze);;;;;;34576
;Eichenweg;;;;;;;Homberg (Efze);;;;;;34576
;Eilerthof;;;;;;;Homberg (Efze);;;;;;34576
;Eisenacher Str;;;;;;;Homberg (Efze);;;;;;34576
;Eisenberg;;;;;;;Homberg (Efze);;;;;;34576
;Eiserweg;;;;;;;Homberg (Efze);;;;;;34576
;Eisfeldweg;;;;;;;Homberg (Efze);;;;;;34576
;Elisabethweg;;;;;;;Homberg (Efze);;;;;;34576
;Emil-v-Behring-Str;;;;;;;Homberg (Efze);;;;;;34576
;Enge Gasse;;;;;;;Homberg (Efze);;;;;;34576
;Engelhard-Breul-Str;;;;;;;Homberg (Efze);;;;;;34576
;Engemanns Garten;;;;;;;Homberg (Efze);;;;;;34576
;Entengasse;;;;;;;Homberg (Efze);;;;;;34576
;Erfurter Str;;;;;;;Homberg (Efze);;;;;;34576
;Erich-Kaiser-Str;;;;;;;Homberg (Efze);;;;;;34576
;Erlebrunnenweg;;;;;;;Homberg (Efze);;;;;;34576
;Erlenstr;;;;;;;Homberg (Efze);;;;;;34576
;Erlenweg;;;;;;;Homberg (Efze);;;;;;34576
;Ernteweg;;;;;;;Homberg (Efze);;;;;;34576
;Falkenberger Str;;;;;;;Homberg (Efze);;;;;;34576
;Fasanenallee;;;;;;;Homberg (Efze);;;;;;34576
;Feldrain;;;;;;;Homberg (Efze);;;;;;34576
;Ferd-Sauerbruch-Str;;;;;;;Homberg (Efze);;;;;;34576
;Finkenweg;;;;;;;Homberg (Efze);;;;;;34576
;Fliederweg;;;;;;;Homberg (Efze);;;;;;34576
;Forellenweg;;;;;;;Homberg (Efze);;;;;;34576
;Forsthausstr;;;;;;;Homberg (Efze);;;;;;34576
;Forstweg;;;;;;;Homberg (Efze);;;;;;34576
;Freiheiter Str;;;;;;;Homberg (Efze);;;;;;34576
;Friedrich-Kramer-Str;;;;;;;Homberg (Efze);;;;;;34576
;Frielendorfer Str;;;;;;;Homberg (Efze);;;;;;34576
;Fritz-Luckhard-Weg;;;;;;;Homberg (Efze);;;;;;34576
;Furthweg;;;;;;;Homberg (Efze);;;;;;34576
;Futterwiesenweg;;;;;;;Homberg (Efze);;;;;;34576
;Gartenweg;;;;;;;Homberg (Efze);;;;;;34576
;Gassenweg;;;;;;;Homberg (Efze);;;;;;34576
;Gaulsweg;;;;;;;Homberg (Efze);;;;;;34576
;Georg-Textor-Weg;;;;;;;Homberg (Efze);;;;;;34576
;Gerhard-Doemich-Weg;;;;;;;Homberg (Efze);;;;;;34576
;Goldbergstr;;;;;;;Homberg (Efze);;;;;;34576
;Gottlieb-Daimler-Straße;;;;;;;Homberg (Efze);;;;;;34576
;Grohlweg;;;;;;;Homberg (Efze);;;;;;34576
;Grubenweg;;;;;;;Homberg (Efze);;;;;;34576
;Grundstr;;;;;;;Homberg (Efze);;;;;;34576
;Grüner Weg;;;;;;;Homberg (Efze);;;;;;34576
;Gumpelweg;;;;;;;Homberg (Efze);;;;;;34576
;Gut Sauerburg;;;;;;;Homberg (Efze);;;;;;34576
;Haardtweg;;;;;;;Homberg (Efze);;;;;;34576
;Hahnertsrain;;;;;;;Homberg (Efze);;;;;;34576
;Haingasse;;;;;;;Homberg (Efze);;;;;;34576
;Hans-Böckler-Str;;;;;;;Homberg (Efze);;;;;;34576
;Hans-Scholl-Straße;;;;;;;Homberg (Efze);;;;;;34576
;Hans-Staden-Allee;;;;;;;Homberg (Efze);;;;;;34576
;Happelseck;;;;;;;Homberg (Efze);;;;;;34576
;Hasselweg;;;;;;;Homberg (Efze);;;;;;34576
;Hauptstr;;;;;;;Homberg (Efze);;;;;;34576
;Hausbrunnenweg;;;;;;;Homberg (Efze);;;;;;34576
;Heckenrosenweg;;;;;;;Homberg (Efze);;;;;;34576
;Heideweg;;;;;;;Homberg (Efze);;;;;;34576
;Heinrich-Otto-Weg;;;;;;;Homberg (Efze);;;;;;34576
;Heinrich-Ruppel-Weg;;;;;;;Homberg (Efze);;;;;;34576
;Heinzenweg;;;;;;;Homberg (Efze);;;;;;34576
;Heisterweg;;;;;;;Homberg (Efze);;;;;;34576
;Hersfelder Str;;;;;;;Homberg (Efze);;;;;;34576
;Herzbergstr;;;;;;;Homberg (Efze);;;;;;34576
;Hessenallee;;;;;;;Homberg (Efze);;;;;;34576
;Hessentagsring;;;;;;;Homberg (Efze);;;;;;34576
;Hessenweg;;;;;;;Homberg (Efze);;;;;;34576
;Hinter dem Wasser;;;;;;;Homberg (Efze);;;;;;34576
;Hinter den Höfen;;;;;;;Homberg (Efze);;;;;;34576
;Hinter der Mauer;;;;;;;Homberg (Efze);;;;;;34576
;Hinterm Pfarrgarten;;;;;;;Homberg (Efze);;;;;;34576
;Hirschbergstr;;;;;;;Homberg (Efze);;;;;;34576
;Hochlandweg;;;;;;;Homberg (Efze);;;;;;34576
;Hochzeitsgasse;;;;;;;Homberg (Efze);;;;;;34576
;Hofacker;;;;;;;Homberg (Efze);;;;;;34576
;Hofgarten;;;;;;;Homberg (Efze);;;;;;34576
;Hohe Luft;;;;;;;Homberg (Efze);;;;;;34576
;Hohlebachweg;;;;;;;Homberg (Efze);;;;;;34576
;Holunderweg;;;;;;;Homberg (Efze);;;;;;34576
;Holzhäuser Str;;;;;;;Homberg (Efze);;;;;;34576
;Homberger Str;;;;;;;Homberg (Efze);;;;;;34576
;Honiggasse;;;;;;;Homberg (Efze);;;;;;34576
;Hospitalstr;;;;;;;Homberg (Efze);;;;;;34576
;Hülsaer Str;;;;;;;Homberg (Efze);;;;;;34576
;I.-P.-Semmelweis-Str;;;;;;;Homberg (Efze);;;;;;34576
;Im Baumgarten;;;;;;;Homberg (Efze);;;;;;34576
;Im Brückenfeld;;;;;;;Homberg (Efze);;;;;;34576
;Im Hof;;;;;;;Homberg (Efze);;;;;;34576
;Im Kornfeld;;;;;;;Homberg (Efze);;;;;;34576
;Im Kullbach;;;;;;;Homberg (Efze);;;;;;34576
;Im Lückefeld;;;;;;;Homberg (Efze);;;;;;34576
;Im Nordfeld;;;;;;;Homberg (Efze);;;;;;34576
;Im Osterbach;;;;;;;Homberg (Efze);;;;;;34576
;Im Seckenhain;;;;;;;Homberg (Efze);;;;;;34576
;Im Triesch;;;;;;;Homberg (Efze);;;;;;34576
;Im Weizenfeld;;;;;;;Homberg (Efze);;;;;;34576
;In der Ern;;;;;;;Homberg (Efze);;;;;;34576
;In der Neustadt;;;;;;;Homberg (Efze);;;;;;34576
;Industriestr;;;;;;;Homberg (Efze);;;;;;34576
;Jahnstr;;;;;;;Homberg (Efze);;;;;;34576
;Jasminweg;;;;;;;Homberg (Efze);;;;;;34576
;Johannes-Feige-Weg;;;;;;;Homberg (Efze);;;;;;34576
;Kalkacker;;;;;;;Homberg (Efze);;;;;;34576
;Kantor-Engelhardt-Weg;;;;;;;Homberg (Efze);;;;;;34576
;Karl-Schiller-Str;;;;;;;Homberg (Efze);;;;;;34576
;Kasseler Str;;;;;;;Homberg (Efze);;;;;;34576
;Kastanienweg;;;;;;;Homberg (Efze);;;;;;34576
;Kehrenbergstr;;;;;;;Homberg (Efze);;;;;;34576
;Kernstr;;;;;;;Homberg (Efze);;;;;;34576
;Kieler Str;;;;;;;Homberg (Efze);;;;;;34576
;Kirchgasse;;;;;;;Homberg (Efze);;;;;;34576
;Kirchplatz;;;;;;;Homberg (Efze);;;;;;34576
;Kirchweg;;;;;;;Homberg (Efze);;;;;;34576
;Kirschenberg;;;;;;;Homberg (Efze);;;;;;34576
;Kloster St. Georg;;;;;;;Homberg (Efze);;;;;;34576
;Klosterrain;;;;;;;Homberg (Efze);;;;;;34576
;Knippsgasse;;;;;;;Homberg (Efze);;;;;;34576
;Knüllstr;;;;;;;Homberg (Efze);;;;;;34576
;Konrad-Muth-Str;;;;;;;Homberg (Efze);;;;;;34576
;Kortrockweg;;;;;;;Homberg (Efze);;;;;;34576
;Kreuzgasse;;;;;;;Homberg (Efze);;;;;;34576
;Kurze Gasse;;;;;;;Homberg (Efze);;;;;;34576
;Kurzweg;;;;;;;Homberg (Efze);;;;;;34576
;Köhlerweg;;;;;;;Homberg (Efze);;;;;;34576
;Königsstr;;;;;;;Homberg (Efze);;;;;;34576
;Landgrafenallee;;;;;;;Homberg (Efze);;;;;;34576
;Lange Str;;;;;;;Homberg (Efze);;;;;;34576
;Lembacher Str;;;;;;;Homberg (Efze);;;;;;34576
;Lendorfer Str;;;;;;;Homberg (Efze);;;;;;34576
;Lerchenweg;;;;;;;Homberg (Efze);;;;;;34576
;Leuderoder Str;;;;;;;Homberg (Efze);;;;;;34576
;Lichteweg;;;;;;;Homberg (Efze);;;;;;34576
;Lindenweg;;;;;;;Homberg (Efze);;;;;;34576
;Lippsgarten;;;;;;;Homberg (Efze);;;;;;34576
;Lohmühlenweg;;;;;;;Homberg (Efze);;;;;;34576
;Ludwig-Erhard-Str;;;;;;;Homberg (Efze);;;;;;34576
;Ludwig-Mohr-Str;;;;;;;Homberg (Efze);;;;;;34576
;Ludwigseck;;;;;;;Homberg (Efze);;;;;;34576
;Lützelwiger Str;;;;;;;Homberg (Efze);;;;;;34576
;Magdeburger Str;;;;;;;Homberg (Efze);;;;;;34576
;Marburger Str;;;;;;;Homberg (Efze);;;;;;34576
;Mardorfer Weg;;;;;;;Homberg (Efze);;;;;;34576
;Marianneweg;;;;;;;Homberg (Efze);;;;;;34576
;Marktgasse;;;;;;;Homberg (Efze);;;;;;34576
;Marktplatz;;;;;;;Homberg (Efze);;;;;;34576
;Martinweg;;;;;;;Homberg (Efze);;;;;;34576
;Mauergasse;;;;;;;Homberg (Efze);;;;;;34576
;Meisenweg;;;;;;;Homberg (Efze);;;;;;34576
;Melsunger Str;;;;;;;Homberg (Efze);;;;;;34576
;Memelweg;;;;;;;Homberg (Efze);;;;;;34576
;Merianstr;;;;;;;Homberg (Efze);;;;;;34576
;Mittelgasse;;;;;;;Homberg (Efze);;;;;;34576
;Mittelstr;;;;;;;Homberg (Efze);;;;;;34576
;Mosenbergstr;;;;;;;Homberg (Efze);;;;;;34576
;Mosheimer Str;;;;;;;Homberg (Efze);;;;;;34576
;Mörshäuser Str;;;;;;;Homberg (Efze);;;;;;34576
;Mühlengrabenweg;;;;;;;Homberg (Efze);;;;;;34576
;Mühlhäuser Str;;;;;;;Homberg (Efze);;;;;;34576
;Neißeweg;;;;;;;Homberg (Efze);;;;;;34576
;Neue Länge;;;;;;;Homberg (Efze);;;;;;34576
;Neue Str;;;;;;;Homberg (Efze);;;;;;34576
;Obere Gasse;;;;;;;Homberg (Efze);;;;;;34576
;Obertorstr;;;;;;;Homberg (Efze);;;;;;34576
;Oderweg;;;;;;;Homberg (Efze);;;;;;34576
;Ohestr;;;;;;;Homberg (Efze);;;;;;34576
;Ostheimer Str;;;;;;;Homberg (Efze);;;;;;34576
;Ostlandweg;;;;;;;Homberg (Efze);;;;;;34576
;Ostpreußenweg;;;;;;;Homberg (Efze);;;;;;34576
;Panoramaweg;;;;;;;Homberg (Efze);;;;;;34576
;Pappelallee;;;;;;;Homberg (Efze);;;;;;34576
;Parkstr;;;;;;;Homberg (Efze);;;;;;34576
;Paul-Ehrlich-Str;;;;;;;Homberg (Efze);;;;;;34576
;Pfarrstr;;;;;;;Homberg (Efze);;;;;;34576
;Pferdetränke;;;;;;;Homberg (Efze);;;;;;34576
;Pflichthaus;;;;;;;Homberg (Efze);;;;;;34576
;Pommernweg;;;;;;;Homberg (Efze);;;;;;34576
;Pommerrück;;;;;;;Homberg (Efze);;;;;;34576
;Poschweg;;;;;;;Homberg (Efze);;;;;;34576
;Poststr;;;;;;;Homberg (Efze);;;;;;34576
;Potsdamer Str;;;;;;;Homberg (Efze);;;;;;34576
;Preßnitzer Str;;;;;;;Homberg (Efze);;;;;;34576
;Querweg;;;;;;;Homberg (Efze);;;;;;34576
;Rabengasse;;;;;;;Homberg (Efze);;;;;;34576
;Raiffeisenweg;;;;;;;Homberg (Efze);;;;;;34576
;Rathausgasse;;;;;;;Homberg (Efze);;;;;;34576
;Remsfelder Str;;;;;;;Homberg (Efze);;;;;;34576
;Rhündastr;;;;;;;Homberg (Efze);;;;;;34576
;Ringstr;;;;;;;Homberg (Efze);;;;;;34576
;Rinnetalstr;;;;;;;Homberg (Efze);;;;;;34576
;Rippersweg;;;;;;;Homberg (Efze);;;;;;34576
;Robert-Bosch-Str;;;;;;;Homberg (Efze);;;;;;34576
;Robert-Koch-Str;;;;;;;Homberg (Efze);;;;;;34576
;Rodemänner Str;;;;;;;Homberg (Efze);;;;;;34576
;Rohrgasse;;;;;;;Homberg (Efze);;;;;;34576
;Ropperhäuser Weg;;;;;;;Homberg (Efze);;;;;;34576
;Rosengasse;;;;;;;Homberg (Efze);;;;;;34576
;Rosenthal;;;;;;;Homberg (Efze);;;;;;34576
;Rudolf-Diesel-Str;;;;;;;Homberg (Efze);;;;;;34576
;Rudolf-Harbig-Str;;;;;;;Homberg (Efze);;;;;;34576
;Rudolf-Virchow-Straße;;;;;;;Homberg (Efze);;;;;;34576
;Ruhlaufweg;;;;;;;Homberg (Efze);;;;;;34576
;Rundweg;;;;;;;Homberg (Efze);;;;;;34576
;Rückersfelder Str;;;;;;;Homberg (Efze);;;;;;34576
;Salzgasse;;;;;;;Homberg (Efze);;;;;;34576
;Sandweg;;;;;;;Homberg (Efze);;;;;;34576
;Scheibenweg;;;;;;;Homberg (Efze);;;;;;34576
;Schellenbergweg;;;;;;;Homberg (Efze);;;;;;34576
;Schlagmühle;;;;;;;Homberg (Efze);;;;;;34576
;Schlagmühlenweg;;;;;;;Homberg (Efze);;;;;;34576
;Schlehenweg;;;;;;;Homberg (Efze);;;;;;34576
;Schleitzenäcker;;;;;;;Homberg (Efze);;;;;;34576
;Schlesierweg;;;;;;;Homberg (Efze);;;;;;34576
;Schmiedegasse;;;;;;;Homberg (Efze);;;;;;34576
;Schmückebergsweg;;;;;;;Homberg (Efze);;;;;;34576
;Schnapsweg;;;;;;;Homberg (Efze);;;;;;34576
;Schulstr;;;;;;;Homberg (Efze);;;;;;34576
;Schwenkenweg;;;;;;;Homberg (Efze);;;;;;34576
;Schweriner Str;;;;;;;Homberg (Efze);;;;;;34576
;Schützenstr;;;;;;;Homberg (Efze);;;;;;34576
;Seckenhainweg;;;;;;;Homberg (Efze);;;;;;34576
;Siebertsgasse;;;;;;;Homberg (Efze);;;;;;34576
;Silberbergstr;;;;;;;Homberg (Efze);;;;;;34576
;Sondheimer Str;;;;;;;Homberg (Efze);;;;;;34576
;Sonnenweg;;;;;;;Homberg (Efze);;;;;;34576
;Spitzenweg;;;;;;;Homberg (Efze);;;;;;34576
;Spülweg;;;;;;;Homberg (Efze);;;;;;34576
;St. Nikolausplatz;;;;;;;Homberg (Efze);;;;;;34576
;Stadtweg;;;;;;;Homberg (Efze);;;;;;34576
;Steindorfer Weg;;;;;;;Homberg (Efze);;;;;;34576
;Steinertweg;;;;;;;Homberg (Efze);;;;;;34576
;Steinweg;;;;;;;Homberg (Efze);;;;;;34576
;Stellbergsweg;;;;;;;Homberg (Efze);;;;;;34576
;Stoliner Str;;;;;;;Homberg (Efze);;;;;;34576
;Stöpplingsweg;;;;;;;Homberg (Efze);;;;;;34576
;Stückweg;;;;;;;Homberg (Efze);;;;;;34576
;Sudetenweg;;;;;;;Homberg (Efze);;;;;;34576
;Südstr;;;;;;;Homberg (Efze);;;;;;34576
;Tannenweg;;;;;;;Homberg (Efze);;;;;;34576
;Tanzplatz;;;;;;;Homberg (Efze);;;;;;34576
;Thalmühle;;;;;;;Homberg (Efze);;;;;;34576
;Tongasse;;;;;;;Homberg (Efze);;;;;;34576
;Trift;;;;;;;Homberg (Efze);;;;;;34576
;Tränkeweg;;;;;;;Homberg (Efze);;;;;;34576
;Turnhallenweg;;;;;;;Homberg (Efze);;;;;;34576
;Uferweg;;;;;;;Homberg (Efze);;;;;;34576
;Ulmenstr;;;;;;;Homberg (Efze);;;;;;34576
;Unter dem Werrberg;;;;;;;Homberg (Efze);;;;;;34576
;Untergasse;;;;;;;Homberg (Efze);;;;;;34576
;Villaweg;;;;;;;Homberg (Efze);;;;;;34576
;Von-Dalwigk-Str;;;;;;;Homberg (Efze);;;;;;34576
;Vor der Brücke;;;;;;;Homberg (Efze);;;;;;34576
;Vor der Struth;;;;;;;Homberg (Efze);;;;;;34576
;Waberner Str;;;;;;;Homberg (Efze);;;;;;34576
;Waldweg;;;;;;;Homberg (Efze);;;;;;34576
;Wallensteiner Weg;;;;;;;Homberg (Efze);;;;;;34576
;Wallstr;;;;;;;Homberg (Efze);;;;;;34576
;Wanderweg;;;;;;;Homberg (Efze);;;;;;34576
;Waßmuthshäuser Str;;;;;;;Homberg (Efze);;;;;;34576
;Webergasse;;;;;;;Homberg (Efze);;;;;;34576
;Wehlingsgarten;;;;;;;Homberg (Efze);;;;;;34576
;Weidenweg;;;;;;;Homberg (Efze);;;;;;34576
;Weidmannsruh;;;;;;;Homberg (Efze);;;;;;34576
;Weiherweg;;;;;;;Homberg (Efze);;;;;;34576
;Welferoder Str;;;;;;;Homberg (Efze);;;;;;34576
;Werner-Forßmann-Str;;;;;;;Homberg (Efze);;;;;;34576
;Werner-von-Siemens-Str;;;;;;;Homberg (Efze);;;;;;34576
;Westheimer Str;;;;;;;Homberg (Efze);;;;;;34576
;Wichtelhecke;;;;;;;Homberg (Efze);;;;;;34576
;Wiesbadener Ring;;;;;;;Homberg (Efze);;;;;;34576
;Wieselhecke;;;;;;;Homberg (Efze);;;;;;34576
;Wiesenweg;;;;;;;Homberg (Efze);;;;;;34576
;Wildparkstr;;;;;;;Homberg (Efze);;;;;;34576
;Wilhelm-Dilich-Str;;;;;;;Homberg (Efze);;;;;;34576
;Wilhelm-Maybach-Straße;;;;;;;Homberg (Efze);;;;;;34576
;Wilhelm-Volckmar-Weg;;;;;;;Homberg (Efze);;;;;;34576
;Wohngarten;;;;;;;Homberg (Efze);;;;;;34576
;Wolfteroder Weg;;;;;;;Homberg (Efze);;;;;;34576
;Zehntgasse;;;;;;;Homberg (Efze);;;;;;34576
;Ziegeleiweg;;;;;;;Homberg (Efze);;;;;;34576
;Ziegenhainer Str;;;;;;;Homberg (Efze);;;;;;34576
;Zorngrabenstr;;;;;;;Homberg (Efze);;;;;;34576
;Zum Alten Feld;;;;;;;Homberg (Efze);;;;;;34576
;Zum Aschberg;;;;;;;Homberg (Efze);;;;;;34576
;Zum Glessenstein;;;;;;;Homberg (Efze);;;;;;34576
;Zum Heinebach;;;;;;;Homberg (Efze);;;;;;34576
;Zum Oberfeld;;;;;;;Homberg (Efze);;;;;;34576
;Zum Osterbach;;;;;;;Homberg (Efze);;;;;;34576
;Zum Rädchen;;;;;;;Homberg (Efze);;;;;;34576
;Zum Sandacker;;;;;;;Homberg (Efze);;;;;;34576
;Zum Toracker;;;;;;;Homberg (Efze);;;;;;34576
;Zum Weinstock;;;;;;;Homberg (Efze);;;;;;34576
;Zur Siedlung;;;;;;;Homberg (Efze);;;;;;34576
;Über der Bahn;;;;;;;Homberg (Efze);;;;;;34576
;Akazienweg;;;;;;;Jesberg;;;;;;34632
;Altenburgstraße;;;;;;;Jesberg;;;;;;34632
;Am Bahnhof;;;;;;;Jesberg;;;;;;34632
;Am Graben;;;;;;;Jesberg;;;;;;34632
;Am Hohen Berg;;;;;;;Jesberg;;;;;;34632
;Am Höfchen;;;;;;;Jesberg;;;;;;34632
;Am Jagdhaus;;;;;;;Jesberg;;;;;;34632
;Am Kellerwald;;;;;;;Jesberg;;;;;;34632
;Am Mühlenhain;;;;;;;Jesberg;;;;;;34632
;Am Schloßberg;;;;;;;Jesberg;;;;;;34632
;Am Silberg;;;;;;;Jesberg;;;;;;34632
;Am Treisbach;;;;;;;Jesberg;;;;;;34632
;Am Triesch;;;;;;;Jesberg;;;;;;34632
;Am Turnplatz;;;;;;;Jesberg;;;;;;34632
;Am Vockeroth;;;;;;;Jesberg;;;;;;34632
;An den Linden;;;;;;;Jesberg;;;;;;34632
;An der Kirche;;;;;;;Jesberg;;;;;;34632
;An der Schule;;;;;;;Jesberg;;;;;;34632
;B-Schorbach Straße;;;;;;;Jesberg;;;;;;34632
;Bahnhof Densberg;;;;;;;Jesberg;;;;;;34632
;Bahnhofstraße;;;;;;;Jesberg;;;;;;34632
;Bergstraße;;;;;;;Jesberg;;;;;;34632
;Bleichwiese;;;;;;;Jesberg;;;;;;34632
;Borkener Straße;;;;;;;Jesberg;;;;;;34632
;Buchenweg;;;;;;;Jesberg;;;;;;34632
;Burgstraße;;;;;;;Jesberg;;;;;;34632
;Burgweg;;;;;;;Jesberg;;;;;;34632
;Densberger Straße;;;;;;;Jesberg;;;;;;34632
;Die Tränke;;;;;;;Jesberg;;;;;;34632
;Dorfstraße;;;;;;;Jesberg;;;;;;34632
;Eichenweg;;;;;;;Jesberg;;;;;;34632
;Ellergärten;;;;;;;Jesberg;;;;;;34632
;Fahrtweg;;;;;;;Jesberg;;;;;;34632
;Fontanestraße;;;;;;;Jesberg;;;;;;34632
;Forsthaus Hemberg;;;;;;;Jesberg;;;;;;34632
;Forsthaus Steinboß;;;;;;;Jesberg;;;;;;34632
;Frankenberger Straße;;;;;;;Jesberg;;;;;;34632
;Frankfurter Straße;;;;;;;Jesberg;;;;;;34632
;Freizeitzentrum;;;;;;;Jesberg;;;;;;34632
;Fritzlarer Straße;;;;;;;Jesberg;;;;;;34632
;Gartenweg;;;;;;;Jesberg;;;;;;34632
;Gilsatalstraße;;;;;;;Jesberg;;;;;;34632
;Goethestraße;;;;;;;Jesberg;;;;;;34632
;Grüner Weg;;;;;;;Jesberg;;;;;;34632
;Gut Brünchenhain;;;;;;;Jesberg;;;;;;34632
;Gut Richerode;;;;;;;Jesberg;;;;;;34632
;Hainstraße;;;;;;;Jesberg;;;;;;34632
;Hauptstraße;;;;;;;Jesberg;;;;;;34632
;Heinestraße;;;;;;;Jesberg;;;;;;34632
;Hemberger Mühle;;;;;;;Jesberg;;;;;;34632
;Hirtenweg;;;;;;;Jesberg;;;;;;34632
;Hohlweg;;;;;;;Jesberg;;;;;;34632
;Homberger Straße;;;;;;;Jesberg;;;;;;34632
;Hubertusstraße;;;;;;;Jesberg;;;;;;34632
;Hundshäuser Weg;;;;;;;Jesberg;;;;;;34632
;Industriestraße;;;;;;;Jesberg;;;;;;34632
;Jesberger Straße;;;;;;;Jesberg;;;;;;34632
;Kasseler Straße;;;;;;;Jesberg;;;;;;34632
;Kellerstraße;;;;;;;Jesberg;;;;;;34632
;Kellerwaldschule;;;;;;;Jesberg;;;;;;34632
;Kellerwaldstraße;;;;;;;Jesberg;;;;;;34632
;Kiefernweg;;;;;;;Jesberg;;;;;;34632
;Kirchplatz;;;;;;;Jesberg;;;;;;34632
;Kirchweg;;;;;;;Jesberg;;;;;;34632
;Knüllstraße;;;;;;;Jesberg;;;;;;34632
;Kreuzweg;;;;;;;Jesberg;;;;;;34632
;Lindenweg;;;;;;;Jesberg;;;;;;34632
;Lärchenweg;;;;;;;Jesberg;;;;;;34632
;Lönsstraße;;;;;;;Jesberg;;;;;;34632
;Marburger Straße;;;;;;;Jesberg;;;;;;34632
;Meißnerstraße;;;;;;;Jesberg;;;;;;34632
;Mühlenweg;;;;;;;Jesberg;;;;;;34632
;Opperweg;;;;;;;Jesberg;;;;;;34632
;Petershütte;;;;;;;Jesberg;;;;;;34632
;Pflichthaus;;;;;;;Jesberg;;;;;;34632
;Priesterweg;;;;;;;Jesberg;;;;;;34632
;Rasenweg;;;;;;;Jesberg;;;;;;34632
;Repticher Straße;;;;;;;Jesberg;;;;;;34632
;Ringstraße;;;;;;;Jesberg;;;;;;34632
;Ringwallstraße;;;;;;;Jesberg;;;;;;34632
;Roter Rainweg;;;;;;;Jesberg;;;;;;34632
;Schillerstraße;;;;;;;Jesberg;;;;;;34632
;Schlierbacher Straße;;;;;;;Jesberg;;;;;;34632
;Schloßstraße;;;;;;;Jesberg;;;;;;34632
;Schmidtmühle;;;;;;;Jesberg;;;;;;34632
;Schulstraße;;;;;;;Jesberg;;;;;;34632
;Siedlung;;;;;;;Jesberg;;;;;;34632
;Steinackerweg;;;;;;;Jesberg;;;;;;34632
;Steinweg;;;;;;;Jesberg;;;;;;34632
;Strang;;;;;;;Jesberg;;;;;;34632
;Stranger Straße;;;;;;;Jesberg;;;;;;34632
;Struthweg;;;;;;;Jesberg;;;;;;34632
;Taunusstraße;;;;;;;Jesberg;;;;;;34632
;Treysaer Straße;;;;;;;Jesberg;;;;;;34632
;Triftweg;;;;;;;Jesberg;;;;;;34632
;Uhlandstraße;;;;;;;Jesberg;;;;;;34632
;Umgehungsstraße;;;;;;;Jesberg;;;;;;34632
;Waldstraße;;;;;;;Jesberg;;;;;;34632
;Zinns Mühle;;;;;;;Jesberg;;;;;;34632
;Zu den Wickershöfen;;;;;;;Jesberg;;;;;;34632
;Zum Gilsablick;;;;;;;Jesberg;;;;;;34632
;Zum Höllbach;;;;;;;Jesberg;;;;;;34632
;Zum Jagdhaus;;;;;;;Jesberg;;;;;;34632
;Zum Michelbach;;;;;;;Jesberg;;;;;;34632
;Über den Gärten;;;;;;;Jesberg;;;;;;34632
;An der Efze;;;;;;;Appenfeld;;;;;;34593
;Dickmühle;;;;;;;Appenfeld;;;;;;34593
;Die Rotäcker;;;;;;;Appenfeld;;;;;;34593
;Dorfstraße;;;;;;;Appenfeld;;;;;;34593
;Elisenweg;;;;;;;Appenfeld;;;;;;34593
;Forststraße;;;;;;;Appenfeld;;;;;;34593
;Hartmühle;;;;;;;Appenfeld;;;;;;34593
;Homberger Straße;;;;;;;Appenfeld;;;;;;34593
;Höhenweg;;;;;;;Appenfeld;;;;;;34593
;Kirchweg;;;;;;;Appenfeld;;;;;;34593
;Mühlenweg;;;;;;;Appenfeld;;;;;;34593
;Schmiedebergstraße;;;;;;;Appenfeld;;;;;;34593
;Talstraße;;;;;;;Appenfeld;;;;;;34593
;Am Brückengarten;;;;;;;Berndshausen;;;;;;34593
;Am Weinberg;;;;;;;Berndshausen;;;;;;34593
;Bergstraße;;;;;;;Berndshausen;;;;;;34593
;Bingeweg;;;;;;;Berndshausen;;;;;;34593
;Hainstraße;;;;;;;Berndshausen;;;;;;34593
;Hasselberg-West;;;;;;;Berndshausen;;;;;;34593
;Hasselbergweg;;;;;;;Berndshausen;;;;;;34593
;Höhweg;;;;;;;Berndshausen;;;;;;34593
;Im Hain;;;;;;;Berndshausen;;;;;;34593
;Lindenstraße;;;;;;;Berndshausen;;;;;;34593
;Malsfelder Straße;;;;;;;Berndshausen;;;;;;34593
;Waldstraße;;;;;;;Berndshausen;;;;;;34593
;Am Esch;;;;;;;Ellingshausen;;;;;;34593
;Breite Gasse;;;;;;;Ellingshausen;;;;;;34593
;Dornshecke;;;;;;;Ellingshausen;;;;;;34593
;Enge Gasse;;;;;;;Ellingshausen;;;;;;34593
;Im Heiligenborn;;;;;;;Ellingshausen;;;;;;34593
;Im Holunderfeld;;;;;;;Ellingshausen;;;;;;34593
;Nausiser Weg;;;;;;;Ellingshausen;;;;;;34593
;Pommerstraße;;;;;;;Ellingshausen;;;;;;34593
;Rosenweg;;;;;;;Ellingshausen;;;;;;34593
;Trift;;;;;;;Ellingshausen;;;;;;34593
;Elsbachstraße;;;;;;;Hausen;;;;;;34593
;Hinter der Mühle;;;;;;;Hausen;;;;;;34593
;Licheröder Straße;;;;;;;Hausen;;;;;;34593
;Linchentalstraße;;;;;;;Hausen;;;;;;34593
;Am Eichwald;;;;;;;Hergetsfeld;;;;;;34593
;Bornweg;;;;;;;Hergetsfeld;;;;;;34593
;Gartenweg;;;;;;;Hergetsfeld;;;;;;34593
;Großwiesenweg;;;;;;;Hergetsfeld;;;;;;34593
;Hergetsbachstraße;;;;;;;Hergetsfeld;;;;;;34593
;Forsthausstraße;;;;;;;Lichtenhagen;;;;;;34593
;Lindenweg;;;;;;;Lichtenhagen;;;;;;34593
;Nussäcker;;;;;;;Lichtenhagen;;;;;;34593
;Preußenstraße;;;;;;;Lichtenhagen;;;;;;34593
;Wendenweg;;;;;;;Lichtenhagen;;;;;;34593
;Am Heugarten;;;;;;;Nausis;;;;;;34593
;Am Rasen;;;;;;;Nausis;;;;;;34593
;Am Rotacker;;;;;;;Nausis;;;;;;34593
;An der Kirche;;;;;;;Nausis;;;;;;34593
;Ellingshäuser Weg;;;;;;;Nausis;;;;;;34593
;Ringweg;;;;;;;Nausis;;;;;;34593
;Schulbergstraße;;;;;;;Nausis;;;;;;34593
;Vogtmühle;;;;;;;Nausis;;;;;;34593
;Vor der Höh;;;;;;;Nausis;;;;;;34593
;Wingelbergweg;;;;;;;Nausis;;;;;;34593
;Am Bunsberg;;;;;;;Nenterode;;;;;;34593
;Am Gläserbach;;;;;;;Nenterode;;;;;;34593
;Am Salzbach;;;;;;;Nenterode;;;;;;34593
;Bergacker;;;;;;;Nenterode;;;;;;34593
;Eichertweg;;;;;;;Nenterode;;;;;;34593
;Plattenholz;;;;;;;Nenterode;;;;;;34593
;Ahornweg;;;;;;;Niederbeisheim;;;;;;34593
;Alte Schmiede;;;;;;;Niederbeisheim;;;;;;34593
;Am Backhaus;;;;;;;Niederbeisheim;;;;;;34593
;Am Bahndamm;;;;;;;Niederbeisheim;;;;;;34593
;Am Berg;;;;;;;Niederbeisheim;;;;;;34593
;Am Eichelskopf;;;;;;;Niederbeisheim;;;;;;34593
;Am Hilgenstrauch;;;;;;;Niederbeisheim;;;;;;34593
;Am Lindenbäumchen;;;;;;;Niederbeisheim;;;;;;34593
;Am Webersgraben;;;;;;;Niederbeisheim;;;;;;34593
;Am Wibbelsberg;;;;;;;Niederbeisheim;;;;;;34593
;An der Lire;;;;;;;Niederbeisheim;;;;;;34593
;Auf dem Rohde;;;;;;;Niederbeisheim;;;;;;34593
;Beiseförther Straße;;;;;;;Niederbeisheim;;;;;;34593
;Binsförther Weg;;;;;;;Niederbeisheim;;;;;;34593
;Erbsengäßchen;;;;;;;Niederbeisheim;;;;;;34593
;Forstpfad;;;;;;;Niederbeisheim;;;;;;34593
;Haus Steinkopf;;;;;;;Niederbeisheim;;;;;;34593
;In der Ecke;;;;;;;Niederbeisheim;;;;;;34593
;Kaiserstraße;;;;;;;Niederbeisheim;;;;;;34593
;Kiefernweg;;;;;;;Niederbeisheim;;;;;;34593
;Küppelstraße;;;;;;;Niederbeisheim;;;;;;34593
;Lehmskütte;;;;;;;Niederbeisheim;;;;;;34593
;Lärchenweg;;;;;;;Niederbeisheim;;;;;;34593
;Mörscher Weg;;;;;;;Niederbeisheim;;;;;;34593
;Neuer Weg;;;;;;;Niederbeisheim;;;;;;34593
;Oberbeisheimer Str.;;;;;;;Niederbeisheim;;;;;;34593
;Ostpreußenstraße;;;;;;;Niederbeisheim;;;;;;34593
;Ostweg;;;;;;;Niederbeisheim;;;;;;34593
;Querweg;;;;;;;Niederbeisheim;;;;;;34593
;Raiffeisenstraße;;;;;;;Niederbeisheim;;;;;;34593
;Rengshäuser Straße;;;;;;;Niederbeisheim;;;;;;34593
;Rommerodweg;;;;;;;Niederbeisheim;;;;;;34593
;Sellerain;;;;;;;Niederbeisheim;;;;;;34593
;Siefenweg;;;;;;;Niederbeisheim;;;;;;34593
;Sonnenhang;;;;;;;Niederbeisheim;;;;;;34593
;Sperlingsrain;;;;;;;Niederbeisheim;;;;;;34593
;Sudetenweg;;;;;;;Niederbeisheim;;;;;;34593
;Tannenweg;;;;;;;Niederbeisheim;;;;;;34593
;Tonkaute;;;;;;;Niederbeisheim;;;;;;34593
;Wichter Straße;;;;;;;Niederbeisheim;;;;;;34593
;Wittgesweg;;;;;;;Niederbeisheim;;;;;;34593
;Zum Bahnhof;;;;;;;Niederbeisheim;;;;;;34593
;Zum Johannisberg;;;;;;;Niederbeisheim;;;;;;34593
;Zum Lierloch;;;;;;;Niederbeisheim;;;;;;34593
;Zum Mühlrain;;;;;;;Niederbeisheim;;;;;;34593
;Am Bornrain;;;;;;;Oberbeisheim;;;;;;34593
;Am Küppel;;;;;;;Oberbeisheim;;;;;;34593
;Am Mergelweg;;;;;;;Oberbeisheim;;;;;;34593
;An der Lehmkaute;;;;;;;Oberbeisheim;;;;;;34593
;Bahnhofsweg;;;;;;;Oberbeisheim;;;;;;34593
;Beisheimer Straße;;;;;;;Oberbeisheim;;;;;;34593
;Brunnenweg;;;;;;;Oberbeisheim;;;;;;34593
;Drosselweg;;;;;;;Oberbeisheim;;;;;;34593
;Einfeld;;;;;;;Oberbeisheim;;;;;;34593
;Finkenweg;;;;;;;Oberbeisheim;;;;;;34593
;Fliederweg;;;;;;;Oberbeisheim;;;;;;34593
;Friedhofsweg;;;;;;;Oberbeisheim;;;;;;34593
;Galgenbuschweg;;;;;;;Oberbeisheim;;;;;;34593
;Hasselberg-Ost;;;;;;;Oberbeisheim;;;;;;34593
;Kastanienweg;;;;;;;Oberbeisheim;;;;;;34593
;Lichtenhagener Str.;;;;;;;Oberbeisheim;;;;;;34593
;Meisenweg;;;;;;;Oberbeisheim;;;;;;34593
;Poststraße;;;;;;;Oberbeisheim;;;;;;34593
;Sipperhäuser Straße;;;;;;;Oberbeisheim;;;;;;34593
;Wübbelweg;;;;;;;Oberbeisheim;;;;;;34593
;Wüstekirche;;;;;;;Oberbeisheim;;;;;;34593
;Zum Ruhlaub;;;;;;;Oberbeisheim;;;;;;34593
;Am Ufer;;;;;;;Reddingshausen;;;;;;34593
;Heideweg;;;;;;;Reddingshausen;;;;;;34593
;Hellbergsweg;;;;;;;Reddingshausen;;;;;;34593
;Kirchplatz;;;;;;;Reddingshausen;;;;;;34593
;Remsfelder Straße;;;;;;;Reddingshausen;;;;;;34593
;Akazienweg;;;;;;;Remsfeld;;;;;;34593
;Am Hesselbach;;;;;;;Remsfeld;;;;;;34593
;Am Kronstrauch;;;;;;;Remsfeld;;;;;;34593
;Am Kuhnstein;;;;;;;Remsfeld;;;;;;34593
;Auf dem Berge;;;;;;;Remsfeld;;;;;;34593
;Auf der Gansbett;;;;;;;Remsfeld;;;;;;34593
;Bahnhofstraße;;;;;;;Remsfeld;;;;;;34593
;Bergweg;;;;;;;Remsfeld;;;;;;34593
;Birkenweg;;;;;;;Remsfeld;;;;;;34593
;Brundershausener Weg;;;;;;;Remsfeld;;;;;;34593
;Buchenweg;;;;;;;Remsfeld;;;;;;34593
;Efzeweg;;;;;;;Remsfeld;;;;;;34593
;Eichenweg;;;;;;;Remsfeld;;;;;;34593
;Eisenbergstraße;;;;;;;Remsfeld;;;;;;34593
;Forstweg;;;;;;;Remsfeld;;;;;;34593
;Grüner Weg;;;;;;;Remsfeld;;;;;;34593
;Hauptstraße;;;;;;;Remsfeld;;;;;;34593
;Hellwig-Werke;;;;;;;Remsfeld;;;;;;34593
;Hersfelder Straße;;;;;;;Remsfeld;;;;;;34593
;Hilgenborn;;;;;;;Remsfeld;;;;;;34593
;Hinter der Gansbett;;;;;;;Remsfeld;;;;;;34593
;Im Gernsgrund;;;;;;;Remsfeld;;;;;;34593
;Im Kloster;;;;;;;Remsfeld;;;;;;34593
;Im Wäldchen;;;;;;;Remsfeld;;;;;;34593
;In den Neuwiesen;;;;;;;Remsfeld;;;;;;34593
;In der Hebe;;;;;;;Remsfeld;;;;;;34593
;Knüllweg;;;;;;;Remsfeld;;;;;;34593
;Königsstraße;;;;;;;Remsfeld;;;;;;34593
;Lange Straße;;;;;;;Remsfeld;;;;;;34593
;Niedermühle;;;;;;;Remsfeld;;;;;;34593
;Pfarrgasse;;;;;;;Remsfeld;;;;;;34593
;Rodeweg;;;;;;;Remsfeld;;;;;;34593
;Schellbacher Straße;;;;;;;Remsfeld;;;;;;34593
;Schellbachsgraben;;;;;;;Remsfeld;;;;;;34593
;Schilfwiese;;;;;;;Remsfeld;;;;;;34593
;Schulstraße;;;;;;;Remsfeld;;;;;;34593
;Siedlerstraße;;;;;;;Remsfeld;;;;;;34593
;Sommerrain;;;;;;;Remsfeld;;;;;;34593
;Staffoller;;;;;;;Remsfeld;;;;;;34593
;Stückhof;;;;;;;Remsfeld;;;;;;34593
;Sängerweg;;;;;;;Remsfeld;;;;;;34593
;Am Dorfbrunnen;;;;;;;Rengshausen;;;;;;34593
;Am Mühlberg;;;;;;;Rengshausen;;;;;;34593
;Am Schlüssel;;;;;;;Rengshausen;;;;;;34593
;Am Schulpark;;;;;;;Rengshausen;;;;;;34593
;Am Steg;;;;;;;Rengshausen;;;;;;34593
;An d. Alten Oberförsterei;;;;;;;Rengshausen;;;;;;34593
;Auf der Gewolf;;;;;;;Rengshausen;;;;;;34593
;Brauhausweg;;;;;;;Rengshausen;;;;;;34593
;Dumen;;;;;;;Rengshausen;;;;;;34593
;Ersröder Straße;;;;;;;Rengshausen;;;;;;34593
;Heckengasse;;;;;;;Rengshausen;;;;;;34593
;Herzewinkel;;;;;;;Rengshausen;;;;;;34593
;Hinterm Bürgerhaus;;;;;;;Rengshausen;;;;;;34593
;Im Sohl;;;;;;;Rengshausen;;;;;;34593
;Insel;;;;;;;Rengshausen;;;;;;34593
;Nenteröder Garten;;;;;;;Rengshausen;;;;;;34593
;Nenteröder Kirchweg;;;;;;;Rengshausen;;;;;;34593
;Nenteröder Straße;;;;;;;Rengshausen;;;;;;34593
;Niederbeisheimer Str;;;;;;;Rengshausen;;;;;;34593
;Papiermühle;;;;;;;Rengshausen;;;;;;34593
;Paul-Lüth-Straße;;;;;;;Rengshausen;;;;;;34593
;Pfaffelbach;;;;;;;Rengshausen;;;;;;34593
;Schneidemühle;;;;;;;Rengshausen;;;;;;34593
;Schulgraben;;;;;;;Rengshausen;;;;;;34593
;Taubenweg;;;;;;;Rengshausen;;;;;;34593
;Unter der Linde;;;;;;;Rengshausen;;;;;;34593
;Untere Leimenkaute;;;;;;;Rengshausen;;;;;;34593
;Vor der Elgeskaute;;;;;;;Rengshausen;;;;;;34593
;Wendeweg;;;;;;;Rengshausen;;;;;;34593
;Zu den Einzelnen Bäumen;;;;;;;Rengshausen;;;;;;34593
;Zum Hommerholz;;;;;;;Rengshausen;;;;;;34593
;Zum Kahlen;;;;;;;Rengshausen;;;;;;34593
;Zum Lärchengarten;;;;;;;Rengshausen;;;;;;34593
;Zum Schwimmbad;;;;;;;Rengshausen;;;;;;34593
;Am Bach;;;;;;;Schellbach;;;;;;34593
;Am Haken;;;;;;;Schellbach;;;;;;34593
;Auf der Rodehecke;;;;;;;Schellbach;;;;;;34593
;Burgenweg;;;;;;;Schellbach;;;;;;34593
;Hohleweg;;;;;;;Schellbach;;;;;;34593
;Im Puhlgrund;;;;;;;Schellbach;;;;;;34593
;Im Rod;;;;;;;Schellbach;;;;;;34593
;Kirchstraße;;;;;;;Schellbach;;;;;;34593
;Reddingshäuser Weg;;;;;;;Schellbach;;;;;;34593
;Sandweg;;;;;;;Schellbach;;;;;;34593
;Steinweg;;;;;;;Schellbach;;;;;;34593
;Wildparkstraße;;;;;;;Schellbach;;;;;;34593
;A. E. Johann-Weg;;;;;;;Völkershain;;;;;;34593
;Alte Schule;;;;;;;Völkershain;;;;;;34593
;Am Kirchacker;;;;;;;Völkershain;;;;;;34593
;Am Roßbach;;;;;;;Völkershain;;;;;;34593
;Baßfeld;;;;;;;Völkershain;;;;;;34593
;Hohe Luft;;;;;;;Völkershain;;;;;;34593
;Neue Straße;;;;;;;Völkershain;;;;;;34593
;Sonnenweg;;;;;;;Völkershain;;;;;;34593
;Ullrichsmühle;;;;;;;Völkershain;;;;;;34593
;Vordere Hardt;;;;;;;Völkershain;;;;;;34593
;Zum Backhaus;;;;;;;Völkershain;;;;;;34593
;Zur Alten Brücke;;;;;;;Völkershain;;;;;;34593
;Zur Herrenau;;;;;;;Völkershain;;;;;;34593
;Ölmühlenweg;;;;;;;Völkershain;;;;;;34593
;Alte Waldschmiede;;;;;;;Wallenstein;;;;;;34593
;Am Ebig;;;;;;;Wallenstein;;;;;;34593
;Am Lochbach;;;;;;;Wallenstein;;;;;;34593
;Am Neuen Garten;;;;;;;Wallenstein;;;;;;34593
;Am Steinbruch;;;;;;;Wallenstein;;;;;;34593
;Burgstraße;;;;;;;Wallenstein;;;;;;34593
;Hinter den Höfen;;;;;;;Wallenstein;;;;;;34593
;Hüttenmühle;;;;;;;Wallenstein;;;;;;34593
;Im Hüttenfeld;;;;;;;Wallenstein;;;;;;34593
;Knüllstraße;;;;;;;Wallenstein;;;;;;34593
;Pflichthaus;;;;;;;Wallenstein;;;;;;34593
;Ritterweg;;;;;;;Wallenstein;;;;;;34593
;Schöne Aussicht;;;;;;;Wallenstein;;;;;;34593
;Ahornweg;;;;;;;Körle;;;;;;34327
;Akazienweg;;;;;;;Körle;;;;;;34327
;Am Alten Schulgarten;;;;;;;Körle;;;;;;34327
;Am Bach;;;;;;;Körle;;;;;;34327
;Am Ehrenmal;;;;;;;Körle;;;;;;34327
;Am Freitagsbach;;;;;;;Körle;;;;;;34327
;Am Hang;;;;;;;Körle;;;;;;34327
;Am Keller;;;;;;;Körle;;;;;;34327
;Am Riedbach;;;;;;;Körle;;;;;;34327
;Am Sportplatz;;;;;;;Körle;;;;;;34327
;Am Stein;;;;;;;Körle;;;;;;34327
;Am Steinsheckchen;;;;;;;Körle;;;;;;34327
;Am Stracken Wege;;;;;;;Körle;;;;;;34327
;Amselweg;;;;;;;Körle;;;;;;34327
;An der Eiche;;;;;;;Körle;;;;;;34327
;An der Laube;;;;;;;Körle;;;;;;34327
;An der Röthe;;;;;;;Körle;;;;;;34327
;Apfelweg;;;;;;;Körle;;;;;;34327
;Auestraße;;;;;;;Körle;;;;;;34327
;Aueweg;;;;;;;Körle;;;;;;34327
;Auf dem Hollunder;;;;;;;Körle;;;;;;34327
;Auf dem Loh;;;;;;;Körle;;;;;;34327
;Auf der Hainbuche;;;;;;;Körle;;;;;;34327
;Bahnhofstraße;;;;;;;Körle;;;;;;34327
;Bergstraße;;;;;;;Körle;;;;;;34327
;Berliner Straße;;;;;;;Körle;;;;;;34327
;Birkenweg;;;;;;;Körle;;;;;;34327
;Buchenhain;;;;;;;Körle;;;;;;34327
;Buschweg;;;;;;;Körle;;;;;;34327
;Drosselweg;;;;;;;Körle;;;;;;34327
;Dörnbergstraße;;;;;;;Körle;;;;;;34327
;Eichendorffstraße;;;;;;;Körle;;;;;;34327
;Empfershäuser Straße;;;;;;;Körle;;;;;;34327
;Erlenweg;;;;;;;Körle;;;;;;34327
;Finkenweg;;;;;;;Körle;;;;;;34327
;Floher Straße;;;;;;;Körle;;;;;;34327
;Guxhagener Straße;;;;;;;Körle;;;;;;34327
;Habichtswaldstraße;;;;;;;Körle;;;;;;34327
;Hainbuchenweg;;;;;;;Körle;;;;;;34327
;Heideweg;;;;;;;Körle;;;;;;34327
;Herkulesstraße;;;;;;;Körle;;;;;;34327
;Hilgenweg;;;;;;;Körle;;;;;;34327
;Hinter dem Hain;;;;;;;Körle;;;;;;34327
;Hirtenberg;;;;;;;Körle;;;;;;34327
;Höhenweg;;;;;;;Körle;;;;;;34327
;Im Kitzwinkel;;;;;;;Körle;;;;;;34327
;Im Mülmischtal;;;;;;;Körle;;;;;;34327
;Im Wiesengrund;;;;;;;Körle;;;;;;34327
;In der Ecke;;;;;;;Körle;;;;;;34327
;Kasseler Straße;;;;;;;Körle;;;;;;34327
;Kastanienweg;;;;;;;Körle;;;;;;34327
;Kehrenbergstraße;;;;;;;Körle;;;;;;34327
;Kellerwaldstraße;;;;;;;Körle;;;;;;34327
;Kirchweg;;;;;;;Körle;;;;;;34327
;Knoop-Schellbach-Straße;;;;;;;Körle;;;;;;34327
;Knüllweg;;;;;;;Körle;;;;;;34327
;Kuhgasse;;;;;;;Körle;;;;;;34327
;Körler Straße;;;;;;;Körle;;;;;;34327
;Langenbergstraße;;;;;;;Körle;;;;;;34327
;Lindenweg;;;;;;;Körle;;;;;;34327
;Lutherstraße;;;;;;;Körle;;;;;;34327
;Lärchenweg;;;;;;;Körle;;;;;;34327
;Meisenweg;;;;;;;Körle;;;;;;34327
;Meißnerstraße;;;;;;;Körle;;;;;;34327
;Melsunger Straße;;;;;;;Körle;;;;;;34327
;Mittelfeldweg;;;;;;;Körle;;;;;;34327
;Mühlenfeldstraße;;;;;;;Körle;;;;;;34327
;Mühlenweg;;;;;;;Körle;;;;;;34327
;Neuer Weg;;;;;;;Körle;;;;;;34327
;Nürnberger Straße;;;;;;;Körle;;;;;;34327
;Obere Fuldatalstraße;;;;;;;Körle;;;;;;34327
;Pflichthaus;;;;;;;Körle;;;;;;34327
;Quillerwaldstraße;;;;;;;Körle;;;;;;34327
;Rehwinkel;;;;;;;Körle;;;;;;34327
;Rhönstraße;;;;;;;Körle;;;;;;34327
;Riesenrain;;;;;;;Körle;;;;;;34327
;Schlangenweg;;;;;;;Körle;;;;;;34327
;Schwalbenweg;;;;;;;Körle;;;;;;34327
;Sonnenhang;;;;;;;Körle;;;;;;34327
;Sperlingsweg;;;;;;;Körle;;;;;;34327
;Steinweg;;;;;;;Körle;;;;;;34327
;Stelzenweg;;;;;;;Körle;;;;;;34327
;Söhrestraße;;;;;;;Körle;;;;;;34327
;Tannenweg;;;;;;;Körle;;;;;;34327
;Uferstraße;;;;;;;Körle;;;;;;34327
;Ulmenweg;;;;;;;Körle;;;;;;34327
;Unter den Pappeln;;;;;;;Körle;;;;;;34327
;Unter der Bahn;;;;;;;Körle;;;;;;34327
;Untere Fuldatalstraße;;;;;;;Körle;;;;;;34327
;Unterer Bachweg;;;;;;;Körle;;;;;;34327
;Waldstraße;;;;;;;Körle;;;;;;34327
;Wernersbergstraße;;;;;;;Körle;;;;;;34327
;Wiesenweg;;;;;;;Körle;;;;;;34327
;Wilhelm-Pfeiffer-Weg;;;;;;;Körle;;;;;;34327
;Wochenendgebiet;;;;;;;Körle;;;;;;34327
;Wochenendgebiet Haus;;;;;;;Körle;;;;;;34327
;Wohnlager;;;;;;;Körle;;;;;;34327
;Zum Hainsgraben;;;;;;;Körle;;;;;;34327
;Zum Rot;;;;;;;Körle;;;;;;34327
;Zur Trift;;;;;;;Körle;;;;;;34327
;Ahornweg;;;;;;;Malsfeld;;;;;;34323
;Akazienweg;;;;;;;Malsfeld;;;;;;34323
;Am Bahnhof;;;;;;;Malsfeld;;;;;;34323
;Am Berg;;;;;;;Malsfeld;;;;;;34323
;Am Gänsemarkt;;;;;;;Malsfeld;;;;;;34323
;Am Hofacker;;;;;;;Malsfeld;;;;;;34323
;Am Hohlegraben;;;;;;;Malsfeld;;;;;;34323
;Am Katzenstein;;;;;;;Malsfeld;;;;;;34323
;Am Knick;;;;;;;Malsfeld;;;;;;34323
;Am Rhündabach;;;;;;;Malsfeld;;;;;;34323
;Am Roggenfeld;;;;;;;Malsfeld;;;;;;34323
;Am Spielplatz;;;;;;;Malsfeld;;;;;;34323
;Am Sportplatz;;;;;;;Malsfeld;;;;;;34323
;Am Stück;;;;;;;Malsfeld;;;;;;34323
;Amselweg;;;;;;;Malsfeld;;;;;;34323
;An der Kirche;;;;;;;Malsfeld;;;;;;34323
;An der Sporthalle;;;;;;;Malsfeld;;;;;;34323
;Auf dem Kippel;;;;;;;Malsfeld;;;;;;34323
;Auf der Haure;;;;;;;Malsfeld;;;;;;34323
;Auf der Trift;;;;;;;Malsfeld;;;;;;34323
;Bachstr.;;;;;;;Malsfeld;;;;;;34323
;Bahnhofstr.;;;;;;;Malsfeld;;;;;;34323
;Baumgartenweg;;;;;;;Malsfeld;;;;;;34323
;Beiseförther Str.;;;;;;;Malsfeld;;;;;;34323
;Beisegrund;;;;;;;Malsfeld;;;;;;34323
;Beisenberg;;;;;;;Malsfeld;;;;;;34323
;Beisetal;;;;;;;Malsfeld;;;;;;34323
;Bergstr.;;;;;;;Malsfeld;;;;;;34323
;Berliner Str.;;;;;;;Malsfeld;;;;;;34323
;Berndshäuser Str.;;;;;;;Malsfeld;;;;;;34323
;Bilsenrain;;;;;;;Malsfeld;;;;;;34323
;Birkenweg;;;;;;;Malsfeld;;;;;;34323
;Birkenörter;;;;;;;Malsfeld;;;;;;34323
;Bleichwiese;;;;;;;Malsfeld;;;;;;34323
;Blumenstr.;;;;;;;Malsfeld;;;;;;34323
;Bornstr.;;;;;;;Malsfeld;;;;;;34323
;Brauereistr.;;;;;;;Malsfeld;;;;;;34323
;Breslauer Str.;;;;;;;Malsfeld;;;;;;34323
;Bruchweg;;;;;;;Malsfeld;;;;;;34323
;Brunnenstr.;;;;;;;Malsfeld;;;;;;34323
;Brückenstr.;;;;;;;Malsfeld;;;;;;34323
;Bubenrode;;;;;;;Malsfeld;;;;;;34323
;Bubenroder Str.;;;;;;;Malsfeld;;;;;;34323
;Buchenweg;;;;;;;Malsfeld;;;;;;34323
;Dagobertshäuser Str.;;;;;;;Malsfeld;;;;;;34323
;Dickershäuser Str.;;;;;;;Malsfeld;;;;;;34323
;Drosselweg;;;;;;;Malsfeld;;;;;;34323
;Eichenweg;;;;;;;Malsfeld;;;;;;34323
;Eichfeldstr.;;;;;;;Malsfeld;;;;;;34323
;Elfershäuser Str.;;;;;;;Malsfeld;;;;;;34323
;Erlenweg;;;;;;;Malsfeld;;;;;;34323
;Eschenweg;;;;;;;Malsfeld;;;;;;34323
;Falkenberger Weg;;;;;;;Malsfeld;;;;;;34323
;Felsberger Str.;;;;;;;Malsfeld;;;;;;34323
;Finkenweg;;;;;;;Malsfeld;;;;;;34323
;Gartenstr.;;;;;;;Malsfeld;;;;;;34323
;Gasse;;;;;;;Malsfeld;;;;;;34323
;Grüne Str.;;;;;;;Malsfeld;;;;;;34323
;Guthardtstr.;;;;;;;Malsfeld;;;;;;34323
;Haselhof;;;;;;;Malsfeld;;;;;;34323
;Hauptstr.;;;;;;;Malsfeld;;;;;;34323
;Heiderosenstr.;;;;;;;Malsfeld;;;;;;34323
;Heideweg;;;;;;;Malsfeld;;;;;;34323
;Hesseroder Str.;;;;;;;Malsfeld;;;;;;34323
;Hilgershäuser Str.;;;;;;;Malsfeld;;;;;;34323
;Hinter der Kirche;;;;;;;Malsfeld;;;;;;34323
;Homberger Str.;;;;;;;Malsfeld;;;;;;34323
;Homberger Weg;;;;;;;Malsfeld;;;;;;34323
;Höhenstr.;;;;;;;Malsfeld;;;;;;34323
;Im Rädchen;;;;;;;Malsfeld;;;;;;34323
;In der Selle;;;;;;;Malsfeld;;;;;;34323
;Industriestr.;;;;;;;Malsfeld;;;;;;34323
;Kehrenbergstr.;;;;;;;Malsfeld;;;;;;34323
;Kirchgasse;;;;;;;Malsfeld;;;;;;34323
;Kirchstr.;;;;;;;Malsfeld;;;;;;34323
;Kirchweg;;;;;;;Malsfeld;;;;;;34323
;Kohlenstr.;;;;;;;Malsfeld;;;;;;34323
;Largesberg;;;;;;;Malsfeld;;;;;;34323
;Lehmkaute;;;;;;;Malsfeld;;;;;;34323
;Lerchenweg;;;;;;;Malsfeld;;;;;;34323
;Lindenring;;;;;;;Malsfeld;;;;;;34323
;Lindenstr.;;;;;;;Malsfeld;;;;;;34323
;Lohstr.;;;;;;;Malsfeld;;;;;;34323
;Malsfelder Str.;;;;;;;Malsfeld;;;;;;34323
;Meisenweg;;;;;;;Malsfeld;;;;;;34323
;Melsunger Str.;;;;;;;Malsfeld;;;;;;34323
;Mittelstr.;;;;;;;Malsfeld;;;;;;34323
;Mosheimer Str.;;;;;;;Malsfeld;;;;;;34323
;Moyaux Allee;;;;;;;Malsfeld;;;;;;34323
;Mühlenberg;;;;;;;Malsfeld;;;;;;34323
;Mühlenstr.;;;;;;;Malsfeld;;;;;;34323
;Mühlrain;;;;;;;Malsfeld;;;;;;34323
;Neue Str.;;;;;;;Malsfeld;;;;;;34323
;Nürnberger Landstr.;;;;;;;Malsfeld;;;;;;34323
;Oderweg;;;;;;;Malsfeld;;;;;;34323
;Ostheimer Str.;;;;;;;Malsfeld;;;;;;34323
;Pappelstr.;;;;;;;Malsfeld;;;;;;34323
;Parkstr.;;;;;;;Malsfeld;;;;;;34323
;Pfadacker;;;;;;;Malsfeld;;;;;;34323
;Pliwastr.;;;;;;;Malsfeld;;;;;;34323
;Raiffeisenstr.;;;;;;;Malsfeld;;;;;;34323
;Ralf-Beise-Str.;;;;;;;Malsfeld;;;;;;34323
;Rasenweg;;;;;;;Malsfeld;;;;;;34323
;Ringstr.;;;;;;;Malsfeld;;;;;;34323
;Rittergasse;;;;;;;Malsfeld;;;;;;34323
;Rosenstr.;;;;;;;Malsfeld;;;;;;34323
;Rotdornstr.;;;;;;;Malsfeld;;;;;;34323
;Rottweg;;;;;;;Malsfeld;;;;;;34323
;Saalweg;;;;;;;Malsfeld;;;;;;34323
;Sandweg;;;;;;;Malsfeld;;;;;;34323
;Sattelgasse;;;;;;;Malsfeld;;;;;;34323
;Schulstr.;;;;;;;Malsfeld;;;;;;34323
;Schwalbenweg;;;;;;;Malsfeld;;;;;;34323
;Schöne Aussicht;;;;;;;Malsfeld;;;;;;34323
;Sipperhäuser Str.;;;;;;;Malsfeld;;;;;;34323
;Sommerberg;;;;;;;Malsfeld;;;;;;34323
;Sonnenhang;;;;;;;Malsfeld;;;;;;34323
;Sonnenstr.;;;;;;;Malsfeld;;;;;;34323
;Spitzenbergstr.;;;;;;;Malsfeld;;;;;;34323
;Steckensweg;;;;;;;Malsfeld;;;;;;34323
;Steingasse;;;;;;;Malsfeld;;;;;;34323
;Steinweg;;;;;;;Malsfeld;;;;;;34323
;Stettiner Str.;;;;;;;Malsfeld;;;;;;34323
;Stollrain;;;;;;;Malsfeld;;;;;;34323
;Strauchgraben;;;;;;;Malsfeld;;;;;;34323
;Ulmenweg;;;;;;;Malsfeld;;;;;;34323
;Unterecke;;;;;;;Malsfeld;;;;;;34323
;Waldstr.;;;;;;;Malsfeld;;;;;;34323
;Weidenfeldstr.;;;;;;;Malsfeld;;;;;;34323
;Weidenstämme;;;;;;;Malsfeld;;;;;;34323
;Weihersgrund;;;;;;;Malsfeld;;;;;;34323
;Wiesengrund;;;;;;;Malsfeld;;;;;;34323
;Wiesenstr.;;;;;;;Malsfeld;;;;;;34323
;Wiesenweg;;;;;;;Malsfeld;;;;;;34323
;Ziegelhütte;;;;;;;Malsfeld;;;;;;34323
;Zum Falkenkopf;;;;;;;Malsfeld;;;;;;34323
;Zum Fährberg;;;;;;;Malsfeld;;;;;;34323
;Zum Hügelskopf;;;;;;;Malsfeld;;;;;;34323
;Zum kleinen Feldchen;;;;;;;Malsfeld;;;;;;34323
;Zum Steeger;;;;;;;Malsfeld;;;;;;34323
;Zum Wald;;;;;;;Malsfeld;;;;;;34323
;Zur Schaufel;;;;;;;Malsfeld;;;;;;34323
;Zur Schwämme;;;;;;;Malsfeld;;;;;;34323
;Ahornweg;;;;;;;Melsungen;;;;;;34212
;Akazienweg;;;;;;;Melsungen;;;;;;34212
;Alheimerstraße;;;;;;;Melsungen;;;;;;34212
;Alte Landstraße;;;;;;;Melsungen;;;;;;34212
;Alter Kesselberg;;;;;;;Melsungen;;;;;;34212
;Alter Weg;;;;;;;Melsungen;;;;;;34212
;Altstadt;;;;;;;Melsungen;;;;;;34212
;Am Bitzen;;;;;;;Melsungen;;;;;;34212
;Am Ehrenmal;;;;;;;Melsungen;;;;;;34212
;Am Eichelberg;;;;;;;Melsungen;;;;;;34212
;Am Ernstberg;;;;;;;Melsungen;;;;;;34212
;Am Faustacker;;;;;;;Melsungen;;;;;;34212
;Am Forstgarten;;;;;;;Melsungen;;;;;;34212
;Am Haidelspfad;;;;;;;Melsungen;;;;;;34212
;Am Hang;;;;;;;Melsungen;;;;;;34212
;Am Heckchen;;;;;;;Melsungen;;;;;;34212
;Am Hombach;;;;;;;Melsungen;;;;;;34212
;Am Hopfenort;;;;;;;Melsungen;;;;;;34212
;Am Kesselbach;;;;;;;Melsungen;;;;;;34212
;Am Kutschengraben;;;;;;;Melsungen;;;;;;34212
;Am Markt;;;;;;;Melsungen;;;;;;34212
;Am Melgershäuser Weg;;;;;;;Melsungen;;;;;;34212
;Am Mühlenberg;;;;;;;Melsungen;;;;;;34212
;Am Roth;;;;;;;Melsungen;;;;;;34212
;Am Schottengarten;;;;;;;Melsungen;;;;;;34212
;Am Sportplatz;;;;;;;Melsungen;;;;;;34212
;Am Steig;;;;;;;Melsungen;;;;;;34212
;Am Sägewerk;;;;;;;Melsungen;;;;;;34212
;Amselweg;;;;;;;Melsungen;;;;;;34212
;Amtsgasse;;;;;;;Melsungen;;;;;;34212
;An der Stöcke;;;;;;;Melsungen;;;;;;34212
;Aueweg;;;;;;;Melsungen;;;;;;34212
;Aufwurf;;;;;;;Melsungen;;;;;;34212
;Aussiedlerhof;;;;;;;Melsungen;;;;;;34212
;Bachgäßchen;;;;;;;Melsungen;;;;;;34212
;Bachstraße;;;;;;;Melsungen;;;;;;34212
;Bahnhaus;;;;;;;Melsungen;;;;;;34212
;Bahnhofstraße;;;;;;;Melsungen;;;;;;34212
;Batzweg;;;;;;;Melsungen;;;;;;34212
;Bergstraße;;;;;;;Melsungen;;;;;;34212
;Birkenweg;;;;;;;Melsungen;;;;;;34212
;Blumenstraße;;;;;;;Melsungen;;;;;;34212
;Brauereiweg;;;;;;;Melsungen;;;;;;34212
;Breslauer Straße;;;;;;;Melsungen;;;;;;34212
;Brunnenstraße;;;;;;;Melsungen;;;;;;34212
;Brückenstraße;;;;;;;Melsungen;;;;;;34212
;Brüggersberg;;;;;;;Melsungen;;;;;;34212
;Burgstraße;;;;;;;Melsungen;;;;;;34212
;Campingpl. Obermels.;;;;;;;Melsungen;;;;;;34212
;Carl-Braun-Straße;;;;;;;Melsungen;;;;;;34212
;Dessauer Straße;;;;;;;Melsungen;;;;;;34212
;Die Langen Hessen;;;;;;;Melsungen;;;;;;34212
;Dresdener Straße;;;;;;;Melsungen;;;;;;34212
;Dreuxallee;;;;;;;Melsungen;;;;;;34212
;Drosselweg;;;;;;;Melsungen;;;;;;34212
;Dörnbergstraße;;;;;;;Melsungen;;;;;;34212
;Eichendorffstraße;;;;;;;Melsungen;;;;;;34212
;Eichwiesen;;;;;;;Melsungen;;;;;;34212
;Eifelweg;;;;;;;Melsungen;;;;;;34212
;Eisenbergweg;;;;;;;Melsungen;;;;;;34212
;Eiterhagener Weg;;;;;;;Melsungen;;;;;;34212
;Elbinger Straße;;;;;;;Melsungen;;;;;;34212
;Elfershäuser Straße;;;;;;;Melsungen;;;;;;34212
;Entengasse;;;;;;;Melsungen;;;;;;34212
;Erfurter Straße;;;;;;;Melsungen;;;;;;34212
;Erlenweg;;;;;;;Melsungen;;;;;;34212
;Ernstbergstraße;;;;;;;Melsungen;;;;;;34212
;Eulenturmstraße;;;;;;;Melsungen;;;;;;34212
;Evesham-Allee;;;;;;;Melsungen;;;;;;34212
;Falkenkopfweg;;;;;;;Melsungen;;;;;;34212
;Finkenweg;;;;;;;Melsungen;;;;;;34212
;Fliederweg;;;;;;;Melsungen;;;;;;34212
;Flämmergasse;;;;;;;Melsungen;;;;;;34212
;Franz-Gleim-Straße;;;;;;;Melsungen;;;;;;34212
;Freiherr-vom-Stein-Straße;;;;;;;Melsungen;;;;;;34212
;Friedhofstraße;;;;;;;Melsungen;;;;;;34212
;Fritzlarer Straße;;;;;;;Melsungen;;;;;;34212
;Fuldablick;;;;;;;Melsungen;;;;;;34212
;Fuldastraße;;;;;;;Melsungen;;;;;;34212
;Gartenstraße;;;;;;;Melsungen;;;;;;34212
;Gebr.-Grimm-Straße;;;;;;;Melsungen;;;;;;34212
;Gerbergasse;;;;;;;Melsungen;;;;;;34212
;Gexbachstraße;;;;;;;Melsungen;;;;;;34212
;Gisbertzstraße;;;;;;;Melsungen;;;;;;34212
;Glogauer Straße;;;;;;;Melsungen;;;;;;34212
;Grundstraße;;;;;;;Melsungen;;;;;;34212
;Grüne Straße;;;;;;;Melsungen;;;;;;34212
;Grüner Weg;;;;;;;Melsungen;;;;;;34212
;Gumbertsweg;;;;;;;Melsungen;;;;;;34212
;Habichtswaldweg;;;;;;;Melsungen;;;;;;34212
;Hahnengasse;;;;;;;Melsungen;;;;;;34212
;Harzweg;;;;;;;Melsungen;;;;;;34212
;Hauptstraße;;;;;;;Melsungen;;;;;;34212
;Heideweg;;;;;;;Melsungen;;;;;;34212
;Heiligenbergstraße;;;;;;;Melsungen;;;;;;34212
;Hessenwinkel;;;;;;;Melsungen;;;;;;34212
;Hilgershäuser Weg;;;;;;;Melsungen;;;;;;34212
;Himmelsbergstraße;;;;;;;Melsungen;;;;;;34212
;Himmelsbergweg;;;;;;;Melsungen;;;;;;34212
;Hinter den Höfen;;;;;;;Melsungen;;;;;;34212
;Hinter der Mauer;;;;;;;Melsungen;;;;;;34212
;Hinteres Eisfeld;;;;;;;Melsungen;;;;;;34212
;Hirtenrain;;;;;;;Melsungen;;;;;;34212
;Hirtenweg;;;;;;;Melsungen;;;;;;34212
;Hospitalstraße;;;;;;;Melsungen;;;;;;34212
;Huberg;;;;;;;Melsungen;;;;;;34212
;Hunrain;;;;;;;Melsungen;;;;;;34212
;Hunsrückweg;;;;;;;Melsungen;;;;;;34212
;Höhenweg;;;;;;;Melsungen;;;;;;34212
;Im Kirchhöfer Grund;;;;;;;Melsungen;;;;;;34212
;Im Nick;;;;;;;Melsungen;;;;;;34212
;In den Erlen;;;;;;;Melsungen;;;;;;34212
;In den Teichwiesen;;;;;;;Melsungen;;;;;;34212
;In den Wiesen;;;;;;;Melsungen;;;;;;34212
;In der Senke;;;;;;;Melsungen;;;;;;34212
;Industriestraße;;;;;;;Melsungen;;;;;;34212
;Inselweg;;;;;;;Melsungen;;;;;;34212
;Jagdhaus;;;;;;;Melsungen;;;;;;34212
;Jahnstraße;;;;;;;Melsungen;;;;;;34212
;Jenaer Straße;;;;;;;Melsungen;;;;;;34212
;Kaiserau;;;;;;;Melsungen;;;;;;34212
;Kapellenweg;;;;;;;Melsungen;;;;;;34212
;Kasseler Straße;;;;;;;Melsungen;;;;;;34212
;Kehrenbacher Weg;;;;;;;Melsungen;;;;;;34212
;Kehrenbachstraße;;;;;;;Melsungen;;;;;;34212
;Kellerwaldstraße;;;;;;;Melsungen;;;;;;34212
;Kesselberg;;;;;;;Melsungen;;;;;;34212
;Kirchstraße;;;;;;;Melsungen;;;;;;34212
;Kirschrain;;;;;;;Melsungen;;;;;;34212
;Knüllstraße;;;;;;;Melsungen;;;;;;34212
;Kolberg;;;;;;;Melsungen;;;;;;34212
;Koppenhagen;;;;;;;Melsungen;;;;;;34212
;Korneliusgraben;;;;;;;Melsungen;;;;;;34212
;Koudougou-Allee;;;;;;;Melsungen;;;;;;34212
;Krämersberg;;;;;;;Melsungen;;;;;;34212
;Kurzer Weg;;;;;;;Melsungen;;;;;;34212
;Königsberger Straße;;;;;;;Melsungen;;;;;;34212
;Körlegasse;;;;;;;Melsungen;;;;;;34212
;Küstriner Straße;;;;;;;Melsungen;;;;;;34212
;Lange Gasse;;;;;;;Melsungen;;;;;;34212
;Laudenbachstraße;;;;;;;Melsungen;;;;;;34212
;Lehmkaute;;;;;;;Melsungen;;;;;;34212
;Leimenkaute;;;;;;;Melsungen;;;;;;34212
;Leipziger Straße;;;;;;;Melsungen;;;;;;34212
;Leiseküppel;;;;;;;Melsungen;;;;;;34212
;Lichtenauer Straße;;;;;;;Melsungen;;;;;;34212
;Liegnitzer Straße;;;;;;;Melsungen;;;;;;34212
;Ligusterweg;;;;;;;Melsungen;;;;;;34212
;Lindenbergallee;;;;;;;Melsungen;;;;;;34212
;Lindenbergstraße;;;;;;;Melsungen;;;;;;34212
;Lindenstraße;;;;;;;Melsungen;;;;;;34212
;Lobenhäuser Weg;;;;;;;Melsungen;;;;;;34212
;Lärchenweg;;;;;;;Melsungen;;;;;;34212
;Magdeburger Straße;;;;;;;Melsungen;;;;;;34212
;Malsfelder Straße;;;;;;;Melsungen;;;;;;34212
;Meisenweg;;;;;;;Melsungen;;;;;;34212
;Meißnerstraße;;;;;;;Melsungen;;;;;;34212
;Mittelstraße;;;;;;;Melsungen;;;;;;34212
;Mühlenrain;;;;;;;Melsungen;;;;;;34212
;Mühlenstraße;;;;;;;Melsungen;;;;;;34212
;Nürnberger Straße;;;;;;;Melsungen;;;;;;34212
;Obere Mauergasse;;;;;;;Melsungen;;;;;;34212
;Obere Steingasse;;;;;;;Melsungen;;;;;;34212
;Obere Waldstraße;;;;;;;Melsungen;;;;;;34212
;Oberer Fuldablick;;;;;;;Melsungen;;;;;;34212
;Oberer Hang;;;;;;;Melsungen;;;;;;34212
;Oberer Kolberg;;;;;;;Melsungen;;;;;;34212
;Oberer Pfaffenberg;;;;;;;Melsungen;;;;;;34212
;Oberer Schlagweg;;;;;;;Melsungen;;;;;;34212
;Oberer Weinberg;;;;;;;Melsungen;;;;;;34212
;Oberes Bachfeld;;;;;;;Melsungen;;;;;;34212
;Oberes Georgenfeld;;;;;;;Melsungen;;;;;;34212
;Obermelsunger Straße;;;;;;;Melsungen;;;;;;34212
;Obermelsunger Weg;;;;;;;Melsungen;;;;;;34212
;Odenwaldweg;;;;;;;Melsungen;;;;;;34212
;Ohestraße;;;;;;;Melsungen;;;;;;34212
;Ostdeutsche Siedlung;;;;;;;Melsungen;;;;;;34212
;Ostwaldstraße;;;;;;;Melsungen;;;;;;34212
;Pfaffenberg;;;;;;;Melsungen;;;;;;34212
;Pfieffestraße;;;;;;;Melsungen;;;;;;34212
;Pilzenrain;;;;;;;Melsungen;;;;;;34212
;Promenade;;;;;;;Melsungen;;;;;;34212
;Quenteler Weg;;;;;;;Melsungen;;;;;;34212
;Quergasse;;;;;;;Melsungen;;;;;;34212
;Quillerstraße;;;;;;;Melsungen;;;;;;34212
;Rasenweg;;;;;;;Melsungen;;;;;;34212
;Reinhardswaldweg;;;;;;;Melsungen;;;;;;34212
;Rhönstraße;;;;;;;Melsungen;;;;;;34212
;Riedforststraße;;;;;;;Melsungen;;;;;;34212
;Rosenstraße;;;;;;;Melsungen;;;;;;34212
;Rotenburger Straße;;;;;;;Melsungen;;;;;;34212
;Rundstraße;;;;;;;Melsungen;;;;;;34212
;Sandstraße;;;;;;;Melsungen;;;;;;34212
;Sankt-Georg-Straße;;;;;;;Melsungen;;;;;;34212
;Schlachthofstraße;;;;;;;Melsungen;;;;;;34212
;Schlagweg;;;;;;;Melsungen;;;;;;34212
;Schlehenweg;;;;;;;Melsungen;;;;;;34212
;Schloth;;;;;;;Melsungen;;;;;;34212
;Schlothberg;;;;;;;Melsungen;;;;;;34212
;Schlothweg;;;;;;;Melsungen;;;;;;34212
;Schloßstraße;;;;;;;Melsungen;;;;;;34212
;Schulstraße;;;;;;;Melsungen;;;;;;34212
;Schwalbenweg;;;;;;;Melsungen;;;;;;34212
;Schwarzenberger Weg;;;;;;;Melsungen;;;;;;34212
;Schweriner Straße;;;;;;;Melsungen;;;;;;34212
;Schöne Aussicht;;;;;;;Melsungen;;;;;;34212
;Schützenstraße;;;;;;;Melsungen;;;;;;34212
;Seckenbach;;;;;;;Melsungen;;;;;;34212
;Siedlerstraße;;;;;;;Melsungen;;;;;;34212
;Sinselbachstraße;;;;;;;Melsungen;;;;;;34212
;Sollingweg;;;;;;;Melsungen;;;;;;34212
;Sommerweg;;;;;;;Melsungen;;;;;;34212
;Sonneneck;;;;;;;Melsungen;;;;;;34212
;Sonnenhang;;;;;;;Melsungen;;;;;;34212
;Sonnenhäuschen;;;;;;;Melsungen;;;;;;34212
;Sonnenweg;;;;;;;Melsungen;;;;;;34212
;Spangenberger Straße;;;;;;;Melsungen;;;;;;34212
;Spangerweg;;;;;;;Melsungen;;;;;;34212
;Sparkassenplatz;;;;;;;Melsungen;;;;;;34212
;Spelzbachstraße;;;;;;;Melsungen;;;;;;34212
;Spessartweg;;;;;;;Melsungen;;;;;;34212
;Steinbinge;;;;;;;Melsungen;;;;;;34212
;Steinrutsche;;;;;;;Melsungen;;;;;;34212
;Steinweg;;;;;;;Melsungen;;;;;;34212
;Sudetenstraße;;;;;;;Melsungen;;;;;;34212
;Sälzerweg;;;;;;;Melsungen;;;;;;34212
;Söhrestraße;;;;;;;Melsungen;;;;;;34212
;Talblick;;;;;;;Melsungen;;;;;;34212
;Tannenwäldchen;;;;;;;Melsungen;;;;;;34212
;Taunusweg;;;;;;;Melsungen;;;;;;34212
;Teichwiesenstraße;;;;;;;Melsungen;;;;;;34212
;Teichwiesenweg;;;;;;;Melsungen;;;;;;34212
;Terrassenweg;;;;;;;Melsungen;;;;;;34212
;Thüringer Straße;;;;;;;Melsungen;;;;;;34212
;Tilsiter Straße;;;;;;;Melsungen;;;;;;34212
;Toracker;;;;;;;Melsungen;;;;;;34212
;Tränkelücke;;;;;;;Melsungen;;;;;;34212
;Ulmenweg;;;;;;;Melsungen;;;;;;34212
;Unter dem Schöneberg;;;;;;;Melsungen;;;;;;34212
;Unter dem Sonnenhang;;;;;;;Melsungen;;;;;;34212
;Unter den Linden;;;;;;;Melsungen;;;;;;34212
;Unterdorf;;;;;;;Melsungen;;;;;;34212
;Untere Mauergasse;;;;;;;Melsungen;;;;;;34212
;Untere Steingasse;;;;;;;Melsungen;;;;;;34212
;Unterer Kolberg;;;;;;;Melsungen;;;;;;34212
;Unterer Toracker;;;;;;;Melsungen;;;;;;34212
;Unterer Weinberg;;;;;;;Melsungen;;;;;;34212
;Unteres Bachfeld;;;;;;;Melsungen;;;;;;34212
;Uplandweg;;;;;;;Melsungen;;;;;;34212
;Viehtrift;;;;;;;Melsungen;;;;;;34212
;Vierbuchenstraße;;;;;;;Melsungen;;;;;;34212
;Vor der Harth;;;;;;;Melsungen;;;;;;34212
;Vor der Hege;;;;;;;Melsungen;;;;;;34212
;Vorderes Eisfeld;;;;;;;Melsungen;;;;;;34212
;Vorstadt;;;;;;;Melsungen;;;;;;34212
;Waldstraße;;;;;;;Melsungen;;;;;;34212
;Weg an der Bahn;;;;;;;Melsungen;;;;;;34212
;Wegewiesen;;;;;;;Melsungen;;;;;;34212
;Weidengraben;;;;;;;Melsungen;;;;;;34212
;Weimarer Straße;;;;;;;Melsungen;;;;;;34212
;Weserstraße;;;;;;;Melsungen;;;;;;34212
;Wiesengrund;;;;;;;Melsungen;;;;;;34212
;Wiesenweg;;;;;;;Melsungen;;;;;;34212
;Wildsbergstraße;;;;;;;Melsungen;;;;;;34212
;Wohnpl. Bürstoß;;;;;;;Melsungen;;;;;;34212
;Wohnpl. Domäne Fahre;;;;;;;Melsungen;;;;;;34212
;Wohnpl. Forsthaus;;;;;;;Melsungen;;;;;;34212
;Wohnpl. Kuhmannsheide;;;;;;;Melsungen;;;;;;34212
;Wohnpl. Mittelhöhle;;;;;;;Melsungen;;;;;;34212
;Wohnpl. Stadtwald;;;;;;;Melsungen;;;;;;34212
;Wohnpl. Tongrube;;;;;;;Melsungen;;;;;;34212
;Wohnpl. Walkemühle;;;;;;;Melsungen;;;;;;34212
;Zaunweg;;;;;;;Melsungen;;;;;;34212
;Zetterberg;;;;;;;Melsungen;;;;;;34212
;Zu d. Schmiedewiesen;;;;;;;Melsungen;;;;;;34212
;Zum Berg;;;;;;;Melsungen;;;;;;34212
;Zum Breitenbach;;;;;;;Melsungen;;;;;;34212
;Zum Hebach;;;;;;;Melsungen;;;;;;34212
;Zum Heckeberg;;;;;;;Melsungen;;;;;;34212
;Zum Metzewinkel;;;;;;;Melsungen;;;;;;34212
;Zum Pfieffrain;;;;;;;Melsungen;;;;;;34212
;Zum Roten Rain;;;;;;;Melsungen;;;;;;34212
;Zum Sandgraben;;;;;;;Melsungen;;;;;;34212
;Zum Sportplatz;;;;;;;Melsungen;;;;;;34212
;Zum Wengesberge;;;;;;;Melsungen;;;;;;34212
;Zum Zwickel;;;;;;;Melsungen;;;;;;34212
;Zur Bleiche;;;;;;;Melsungen;;;;;;34212
;Zur Kroneneiche;;;;;;;Melsungen;;;;;;34212
;Zur Pforte;;;;;;;Melsungen;;;;;;34212
;Zur Schanze;;;;;;;Melsungen;;;;;;34212
;Zur Schlade;;;;;;;Melsungen;;;;;;34212
;Zur Taubenhecke;;;;;;;Melsungen;;;;;;34212
;Über den Gärten;;;;;;;Melsungen;;;;;;34212
;Ackermannstraße;;;;;;;Altmorschen;;;;;;34326
;Akazienhof;;;;;;;Altmorschen;;;;;;34326
;Am Frauenberg;;;;;;;Altmorschen;;;;;;34326
;Am Galgenbusch;;;;;;;Altmorschen;;;;;;34326
;Am Steinbruch;;;;;;;Altmorschen;;;;;;34326
;Amselweg;;;;;;;Altmorschen;;;;;;34326
;Bahnhofstraße;;;;;;;Altmorschen;;;;;;34326
;Bergstraße;;;;;;;Altmorschen;;;;;;34326
;Birkenhof;;;;;;;Altmorschen;;;;;;34326
;Eichkopfweg;;;;;;;Altmorschen;;;;;;34326
;Elzestraße;;;;;;;Altmorschen;;;;;;34326
;Finkenstraße;;;;;;;Altmorschen;;;;;;34326
;Forststraße;;;;;;;Altmorschen;;;;;;34326
;Friedrich-Ebert-Str.;;;;;;;Altmorschen;;;;;;34326
;Gartenstraße;;;;;;;Altmorschen;;;;;;34326
;Grüne Straße;;;;;;;Altmorschen;;;;;;34326
;Heideweg;;;;;;;Altmorschen;;;;;;34326
;Heinaer Straße;;;;;;;Altmorschen;;;;;;34326
;Hirtenweg;;;;;;;Altmorschen;;;;;;34326
;Hof Kappelberg;;;;;;;Altmorschen;;;;;;34326
;Hof Schottenberg;;;;;;;Altmorschen;;;;;;34326
;Hof Wilhelmsborn;;;;;;;Altmorschen;;;;;;34326
;Im Förstergarten;;;;;;;Altmorschen;;;;;;34326
;Im Kalkofengarten;;;;;;;Altmorschen;;;;;;34326
;In der Haydau;;;;;;;Altmorschen;;;;;;34326
;Johann-Sutel-Straße;;;;;;;Altmorschen;;;;;;34326
;Jägerpfad;;;;;;;Altmorschen;;;;;;34326
;Kalter-Strauch-Weg;;;;;;;Altmorschen;;;;;;34326
;Landgrafenstraße;;;;;;;Altmorschen;;;;;;34326
;Leimbachshof;;;;;;;Altmorschen;;;;;;34326
;Leineweberstraße;;;;;;;Altmorschen;;;;;;34326
;Lindenhof;;;;;;;Altmorschen;;;;;;34326
;Nürnberger Landstr.;;;;;;;Altmorschen;;;;;;34326
;Ottenstraße;;;;;;;Altmorschen;;;;;;34326
;Paul-Frankfurth-Str.;;;;;;;Altmorschen;;;;;;34326
;Pestalozzistraße;;;;;;;Altmorschen;;;;;;34326
;Posthofstraße;;;;;;;Altmorschen;;;;;;34326
;Schöne Aussicht;;;;;;;Altmorschen;;;;;;34326
;Theodor-Heuss-Str.;;;;;;;Altmorschen;;;;;;34326
;Trieschweg;;;;;;;Altmorschen;;;;;;34326
;Wiesenweg;;;;;;;Altmorschen;;;;;;34326
;Wildsbergstraße;;;;;;;Altmorschen;;;;;;34326
;Zum Rangengrund;;;;;;;Altmorschen;;;;;;34326
;Am Rotenberg;;;;;;;Binsförth;;;;;;34326
;Bachstraße;;;;;;;Binsförth;;;;;;34326
;Eisfeldstraße;;;;;;;Binsförth;;;;;;34326
;Fortunaweg;;;;;;;Binsförth;;;;;;34326
;Kirchweg;;;;;;;Binsförth;;;;;;34326
;Morschener Straße;;;;;;;Binsförth;;;;;;34326
;Neuer Weg;;;;;;;Binsförth;;;;;;34326
;Rittergut;;;;;;;Binsförth;;;;;;34326
;Sandweg;;;;;;;Binsförth;;;;;;34326
;Sonnenweg;;;;;;;Binsförth;;;;;;34326
;Zum Bachgraben;;;;;;;Binsförth;;;;;;34326
;Zur Fulda;;;;;;;Binsförth;;;;;;34326
;Am Junkerrain;;;;;;;Eubach;;;;;;34326
;Am Ziegenberg;;;;;;;Eubach;;;;;;34326
;Eubachstraße;;;;;;;Eubach;;;;;;34326
;Kastanienweg;;;;;;;Eubach;;;;;;34326
;Schönewaldstraße;;;;;;;Eubach;;;;;;34326
;Westfalenstraße;;;;;;;Eubach;;;;;;34326
;Zum Rottland;;;;;;;Eubach;;;;;;34326
;Auf der Gasse;;;;;;;Heina;;;;;;34326
;Berghof;;;;;;;Heina;;;;;;34326
;Brunnenstraße;;;;;;;Heina;;;;;;34326
;Höhenstraße;;;;;;;Heina;;;;;;34326
;Mittelstraße;;;;;;;Heina;;;;;;34326
;Obere Straße;;;;;;;Heina;;;;;;34326
;Untere Straße;;;;;;;Heina;;;;;;34326
;Waldstraße;;;;;;;Heina;;;;;;34326
;Zum Ehrenmal;;;;;;;Heina;;;;;;34326
;Zum Spielplatz;;;;;;;Heina;;;;;;34326
;Ahornweg;;;;;;;Konnefeld;;;;;;34326
;Am Rain;;;;;;;Konnefeld;;;;;;34326
;Am Traubenland;;;;;;;Konnefeld;;;;;;34326
;An der Drehscheibe;;;;;;;Konnefeld;;;;;;34326
;Hinter den Höfen;;;;;;;Konnefeld;;;;;;34326
;Im Grundacker;;;;;;;Konnefeld;;;;;;34326
;Im Oberen Grundacker;;;;;;;Konnefeld;;;;;;34326
;Lindenstraße;;;;;;;Konnefeld;;;;;;34326
;Neumorschener Straße;;;;;;;Konnefeld;;;;;;34326
;Niederellenbacher Straße;;;;;;;Konnefeld;;;;;;34326
;Rinnestraße;;;;;;;Konnefeld;;;;;;34326
;Tannenweg;;;;;;;Konnefeld;;;;;;34326
;Zum Bitzen;;;;;;;Konnefeld;;;;;;34326
;Zur Alten Schmiede;;;;;;;Konnefeld;;;;;;34326
;Zur Lummwiese;;;;;;;Konnefeld;;;;;;34326
;Am Borngarten;;;;;;;Neumorschen;;;;;;34326
;Am Wallbach;;;;;;;Neumorschen;;;;;;34326
;Am Wichtebach;;;;;;;Neumorschen;;;;;;34326
;Binsförther Straße;;;;;;;Neumorschen;;;;;;34326
;Bornbergstraße;;;;;;;Neumorschen;;;;;;34326
;Brauhausstraße;;;;;;;Neumorschen;;;;;;34326
;Brückenstraße;;;;;;;Neumorschen;;;;;;34326
;Entengasse;;;;;;;Neumorschen;;;;;;34326
;Heckenmühle;;;;;;;Neumorschen;;;;;;34326
;Jägerkopfstraße;;;;;;;Neumorschen;;;;;;34326
;Keiloch;;;;;;;Neumorschen;;;;;;34326
;Konnefelder Straße;;;;;;;Neumorschen;;;;;;34326
;Lachestraße;;;;;;;Neumorschen;;;;;;34326
;Ladestraße;;;;;;;Neumorschen;;;;;;34326
;Lehmkaute;;;;;;;Neumorschen;;;;;;34326
;Marktstraße;;;;;;;Neumorschen;;;;;;34326
;Mühlenweg;;;;;;;Neumorschen;;;;;;34326
;Oberer Lenzenberg;;;;;;;Neumorschen;;;;;;34326
;Rasenstraße;;;;;;;Neumorschen;;;;;;34326
;Unterer Lenzenberg;;;;;;;Neumorschen;;;;;;34326
;Zum Halberg;;;;;;;Neumorschen;;;;;;34326
;Zum Lubst;;;;;;;Neumorschen;;;;;;34326
;Zur Wehrkirche;;;;;;;Neumorschen;;;;;;34326
;Alte Straße;;;;;;;Wichte;;;;;;34326
;Altes Forsthaus;;;;;;;Wichte;;;;;;34326
;Am Hachelbach;;;;;;;Wichte;;;;;;34326
;Am Löwersberg;;;;;;;Wichte;;;;;;34326
;Am Sengeberg;;;;;;;Wichte;;;;;;34326
;Breslauer Straße;;;;;;;Wichte;;;;;;34326
;Homberger Straße;;;;;;;Wichte;;;;;;34326
;Im Grund;;;;;;;Wichte;;;;;;34326
;Pfarrain;;;;;;;Wichte;;;;;;34326
;Starweg;;;;;;;Wichte;;;;;;34326
;Ahornstraße;;;;;;;Zimmersrode;;;;;;34599
;Akazienweg;;;;;;;Waltersbrück;;;;;;34599
;Almesbach;;;;;;;Römersberg;;;;;;34599
;Alsfelder Straße;;;;;;;Bischhausen;;;;;;34599
;Altenburgblick;;;;;;;Zimmersrode;;;;;;34599
;Altenburgstraße;;;;;;;Römersberg;;;;;;34599
;Altenhainer Weg;;;;;;;Neuenhain;;;;;;34599
;Am Brunnen;;;;;;;Dorheim;;;;;;34599
;Am Burggraben;;;;;;;Bischhausen;;;;;;34599
;Am Frankenhain;;;;;;;Waltersbrück;;;;;;34599
;Am Gemeinschaftshaus;;;;;;;Neuenhain;;;;;;34599
;Am Hainberg;;;;;;;Schlierbach;;;;;;34599
;Am Hainfeld;;;;;;;Römersberg;;;;;;34599
;Am Herplatz;;;;;;;Dorheim;;;;;;34599
;Am Hohen Berg;;;;;;;Gilsa;;;;;;34599
;Am Hopfengarten;;;;;;;Neuenhain;;;;;;34599
;Am Kreuzacker;;;;;;;Bischhausen;;;;;;34599
;Am Kreuzborn;;;;;;;Bischhausen;;;;;;34599
;Am Kronberg;;;;;;;Bischhausen;;;;;;34599
;Am Loh;;;;;;;Schlierbach;;;;;;34599
;Am Pfarrgarten;;;;;;;Bischhausen;;;;;;34599
;Am Pflaster;;;;;;;Schlierbach;;;;;;34599
;Am Rain;;;;;;;Waltersbrück;;;;;;34599
;Am Roten Rain;;;;;;;Schlierbach;;;;;;34599
;Am Sand;;;;;;;Zimmersrode;;;;;;34599
;Am See;;;;;;;Zimmersrode;;;;;;34599
;Am Spielplatz;;;;;;;Bischhausen;;;;;;34599
;Am Teich;;;;;;;Zimmersrode;;;;;;34599
;Am Vogelfang;;;;;;;Waltersbrück;;;;;;34599
;Am Weinfeld;;;;;;;Zimmersrode;;;;;;34599
;Am Wiegeborn;;;;;;;Römersberg;;;;;;34599
;Am Zimmerplatz;;;;;;;Dorheim;;;;;;34599
;Amselweg;;;;;;;Schlierbach;;;;;;34599
;An den Eichen;;;;;;;Zimmersrode;;;;;;34599
;An der Gilsa;;;;;;;Bischhausen;;;;;;34599
;An der Kirche;;;;;;;Gilsa;;;;;;34599
;An der Schwalm;;;;;;;Bischhausen;;;;;;34599
;An der Waldshardt;;;;;;;Römersberg;;;;;;34599
;Appelwiese;;;;;;;Zimmersrode;;;;;;34599
;Auf der Heilswiese;;;;;;;Zimmersrode;;;;;;34599
;Bachstraße;;;;;;;Gilsa;;;;;;34599
;Bahnhaus;;;;;;;Waltersbrück;;;;;;34599
;Bahnhofstraße;;;;;;;Zimmersrode;;;;;;34599
;Bergstraße;;;;;;;Waltersbrück;;;;;;34599
;Birkenstraße;;;;;;;Zimmersrode;;;;;;34599
;Bischhäuser Straße;;;;;;;Bischhausen;;;;;;34599
;Blumenstraße;;;;;;;Zimmersrode;;;;;;34599
;Borkener Straße;;;;;;;Zimmersrode;;;;;;34599
;Bornstraße;;;;;;;Zimmersrode;;;;;;34599
;Bornäckerweg;;;;;;;Bischhausen;;;;;;34599
;Brunnenplatz;;;;;;;Römersberg;;;;;;34599
;Brunnenstraße;;;;;;;Neuenhain;;;;;;34599
;Brückenweg;;;;;;;Waltersbrück;;;;;;34599
;Buchenstraße;;;;;;;Zimmersrode;;;;;;34599
;Dorheimer Straße;;;;;;;Dorheim;;;;;;34599
;Dornweg;;;;;;;Römersberg;;;;;;34599
;Eschenweg;;;;;;;Zimmersrode;;;;;;34599
;Forsthaus Landsburg;;;;;;;Dorheim;;;;;;34599
;Friedhofsweg;;;;;;;Römersberg;;;;;;34599
;Frielendorfer Straße;;;;;;;Dorheim;;;;;;34599
;Gartenstraße;;;;;;;Zimmersrode;;;;;;34599
;Gilsatalstraße;;;;;;;Gilsa;;;;;;34599
;Grenzweg;;;;;;;Waltersbrück;;;;;;34599
;Grüner Weg;;;;;;;Zimmersrode;;;;;;34599
;Hardtweg;;;;;;;Zimmersrode;;;;;;34599
;Hauptstraße;;;;;;;Zimmersrode;;;;;;34599
;Hebelsweg;;;;;;;Waltersbrück;;;;;;34599
;Heideweg;;;;;;;Zimmersrode;;;;;;34599
;Heilsgasse;;;;;;;Zimmersrode;;;;;;34599
;Hellenweg;;;;;;;Zimmersrode;;;;;;34599
;Herkulesstraße;;;;;;;Gilsa;;;;;;34599
;Hermannshain;;;;;;;Waltersbrück;;;;;;34599
;Hinter den Gärten;;;;;;;Bischhausen;;;;;;34599
;Hinter der Kirche;;;;;;;Zimmersrode;;;;;;34599
;Hintermühle;;;;;;;Schlierbach;;;;;;34599
;Homberger Straße;;;;;;;Zimmersrode;;;;;;34599
;Huteweg;;;;;;;Dorheim;;;;;;34599
;Im Grund;;;;;;;Schlierbach;;;;;;34599
;Im Haimbach;;;;;;;Schlierbach;;;;;;34599
;Im Kirchfeld;;;;;;;Schlierbach;;;;;;34599
;Jagdhaus;;;;;;;Schlierbach;;;;;;34599
;Jahnstraße;;;;;;;Zimmersrode;;;;;;34599
;Landsburger Straße;;;;;;;Schlierbach;;;;;;34599
;Lange Wiese;;;;;;;Gilsa;;;;;;34599
;Lehmkaute;;;;;;;Schlierbach;;;;;;34599
;Lerchenweg;;;;;;;Schlierbach;;;;;;34599
;Lindenstraße;;;;;;;Waltersbrück;;;;;;34599
;Mittelhof;;;;;;;Gilsa;;;;;;34599
;Mittelweg;;;;;;;Schlierbach;;;;;;34599
;Neuenhainer Straße;;;;;;;Neuenhain;;;;;;34599
;Oberhof;;;;;;;Gilsa;;;;;;34599
;Obermühle;;;;;;;Gilsa;;;;;;34599
;Olmesweg;;;;;;;Neuenhain;;;;;;34599
;Parkstraße;;;;;;;Zimmersrode;;;;;;34599
;Peterswaldstraße;;;;;;;Zimmersrode;;;;;;34599
;Pflanzengasse;;;;;;;Römersberg;;;;;;34599
;Querstraße;;;;;;;Waltersbrück;;;;;;34599
;Ringstraße;;;;;;;Neuenhain;;;;;;34599
;Rosengasse;;;;;;;Schlierbach;;;;;;34599
;Rosenstraße;;;;;;;Zimmersrode;;;;;;34599
;Rothweg;;;;;;;Römersberg;;;;;;34599
;Römersberger Straße;;;;;;;Römersberg;;;;;;34599
;Sandkaute;;;;;;;Schlierbach;;;;;;34599
;Schlierbachstraße;;;;;;;Schlierbach;;;;;;34599
;Schulstraße;;;;;;;Zimmersrode;;;;;;34599
;Schwalmweg;;;;;;;Schlierbach;;;;;;34599
;Schöne Aussicht;;;;;;;Waltersbrück;;;;;;34599
;Seeblick;;;;;;;Neuenhain;;;;;;34599
;Seehof;;;;;;;Neuenhain;;;;;;34599
;Seeholz;;;;;;;Neuenhain;;;;;;34599
;Siedlungshof;;;;;;;Waltersbrück;;;;;;34599
;Sonnenweg;;;;;;;Zimmersrode;;;;;;34599
;Stockackerweg;;;;;;;Dorheim;;;;;;34599
;Sudetenstraße;;;;;;;Zimmersrode;;;;;;34599
;Sälzerweg;;;;;;;Bischhausen;;;;;;34599
;Tannenweg;;;;;;;Zimmersrode;;;;;;34599
;Untergasse;;;;;;;Schlierbach;;;;;;34599
;Unterhof;;;;;;;Gilsa;;;;;;34599
;Urffweg;;;;;;;Römersberg;;;;;;34599
;Wiesenweg;;;;;;;Bischhausen;;;;;;34599
;Ziegenhainer Straße;;;;;;;Zimmersrode;;;;;;34599
;Zum Biegeberg;;;;;;;Waltersbrück;;;;;;34599
;Zum Schnepfenhain;;;;;;;Neuenhain;;;;;;34599
;Zur Flachsrose;;;;;;;Dorheim;;;;;;34599
;Zur Kleehecke;;;;;;;Neuenhain;;;;;;34599
;Zur Schlagmühle;;;;;;;Bischhausen;;;;;;34599
;Im Peterswald;;;;;;;Zimmersrode;;;;;;34599
;Akazienweg;;;;;;;Asterode;;;;;;34626
;Alsfelder Str.;;;;;;;Riebelsdorf;;;;;;34626
;Am Anspann;;;;;;;Asterode;;;;;;34626
;Am Backhaus;;;;;;;Riebelsdorf;;;;;;34626
;Am Bahndamm;;;;;;;Nausis;;;;;;34626
;Am Bahnhof;;;;;;;Neukirchen;;;;;;34626
;Am Bornfeld;;;;;;;Riebelsdorf;;;;;;34626
;Am Borngarten;;;;;;;Christerode;;;;;;34626
;Am Daubensitz;;;;;;;Christerode;;;;;;34626
;Am Eichacker;;;;;;;Seigertshausen;;;;;;34626
;Am Falter;;;;;;;Riebelsdorf;;;;;;34626
;Am Forsthaus;;;;;;;Wincherode;;;;;;34626
;Am Gemeindeborn;;;;;;;Asterode;;;;;;34626
;Am Geritzbach;;;;;;;Christerode;;;;;;34626
;Am Gänseborn;;;;;;;Asterode;;;;;;34626
;Am Hilgenrain;;;;;;;Christerode;;;;;;34626
;Am Hüttenrain;;;;;;;Christerode;;;;;;34626
;Am Kindergarten;;;;;;;Riebelsdorf;;;;;;34626
;Am Kirchplatz;;;;;;;Asterode;;;;;;34626
;Am Klapperrain;;;;;;;Neukirchen;;;;;;34626
;Am Knottenrain;;;;;;;Neukirchen;;;;;;34626
;Am Krautgarten;;;;;;;Asterode;;;;;;34626
;Am Kühnfeld;;;;;;;Neukirchen;;;;;;34626
;Am Leitebrunnen;;;;;;;Neukirchen;;;;;;34626
;Am Lindenborn;;;;;;;Hauptschwenda;;;;;;34626
;Am Mühlberg;;;;;;;Riebelsdorf;;;;;;34626
;Am Obstgarten;;;;;;;Asterode;;;;;;34626
;Am Opferstrauch;;;;;;;Seigertshausen;;;;;;34626
;Am Rathaus;;;;;;;Neukirchen;;;;;;34626
;Am Schmittenrain;;;;;;;Neukirchen;;;;;;34626
;Am Schornstrauch;;;;;;;Nausis;;;;;;34626
;Am Spatzentriesch;;;;;;;Neukirchen;;;;;;34626
;Am Sportplatz;;;;;;;Riebelsdorf;;;;;;34626
;Am Tränkhof;;;;;;;Hauptschwenda;;;;;;34626
;Am Wasser;;;;;;;Seigertshausen;;;;;;34626
;Am Weiher;;;;;;;Riebelsdorf;;;;;;34626
;Amselweg;;;;;;;Neukirchen;;;;;;34626
;An den Haingärten;;;;;;;Asterode;;;;;;34626
;An der Eiche;;;;;;;Asterode;;;;;;34626
;An der Talwiese;;;;;;;Nausis;;;;;;34626
;Anlagenweg;;;;;;;Neukirchen;;;;;;34626
;Asteroder Str.;;;;;;;Asterode;;;;;;34626
;Auf der Schockerei;;;;;;;Neukirchen;;;;;;34626
;Auhof;;;;;;;Seigertshausen;;;;;;34626
;Bahnhofstr.;;;;;;;Neukirchen;;;;;;34626
;Bei der Kirche;;;;;;;Asterode;;;;;;34626
;Berliner Str.;;;;;;;Neukirchen;;;;;;34626
;Bernhardsweg;;;;;;;Asterode;;;;;;34626
;Biegenweg;;;;;;;Neukirchen;;;;;;34626
;Bierwegsfeld;;;;;;;Riebelsdorf;;;;;;34626
;Birkenallee;;;;;;;Neukirchen;;;;;;34626
;Blaufärbergasse;;;;;;;Neukirchen;;;;;;34626
;Bleicherweg;;;;;;;Neukirchen;;;;;;34626
;Bornfeldweg;;;;;;;Riebelsdorf;;;;;;34626
;Bornwiese;;;;;;;Christerode;;;;;;34626
;Brauhausgasse;;;;;;;Neukirchen;;;;;;34626
;Bredastr.;;;;;;;Riebelsdorf;;;;;;34626
;Breslauer Str.;;;;;;;Neukirchen;;;;;;34626
;Bruchmühle;;;;;;;Nausis;;;;;;34626
;Brüder-Grimm-Str.;;;;;;;Neukirchen;;;;;;34626
;Buchenbachweg;;;;;;;Asterode;;;;;;34626
;Burgbergstr.;;;;;;;Christerode;;;;;;34626
;Burgtorgasse;;;;;;;Neukirchen;;;;;;34626
;Christeroder Weg;;;;;;;Neukirchen;;;;;;34626
;Claushof;;;;;;;Neukirchen;;;;;;34626
;Clausweg;;;;;;;Neukirchen;;;;;;34626
;Danziger Str.;;;;;;;Neukirchen;;;;;;34626
;Die Dammäcker;;;;;;;Seigertshausen;;;;;;34626
;Dietenfeldweg;;;;;;;Neukirchen;;;;;;34626
;Dorfstr.;;;;;;;Asterode;;;;;;34626
;Drosselweg;;;;;;;Neukirchen;;;;;;34626
;Dämmersbachweg;;;;;;;Nausis;;;;;;34626
;Eichenweg;;;;;;;Hauptschwenda;;;;;;34626
;Eichwaldstr.;;;;;;;Neukirchen;;;;;;34626
;Elsebeetweg;;;;;;;Neukirchen;;;;;;34626
;Erbsengasse;;;;;;;Riebelsdorf;;;;;;34626
;Eugen-Roth-Str.;;;;;;;Neukirchen;;;;;;34626
;Falkenhainer Weg;;;;;;;Neukirchen;;;;;;34626
;Faltersgärten;;;;;;;Riebelsdorf;;;;;;34626
;Fasanenweg;;;;;;;Neukirchen;;;;;;34626
;Finkenweg;;;;;;;Neukirchen;;;;;;34626
;Fontanestr.;;;;;;;Neukirchen;;;;;;34626
;Forstweg;;;;;;;Neukirchen;;;;;;34626
;Fr.-Weber-Str.;;;;;;;Neukirchen;;;;;;34626
;Frankenweg;;;;;;;Neukirchen;;;;;;34626
;Frh.-v.-Eichend.-Str.;;;;;;;Neukirchen;;;;;;34626
;Frh.-v.-Stein-Str.;;;;;;;Rückershausen;;;;;;34626
;Gartenstr.;;;;;;;Neukirchen;;;;;;34626
;Gaßackerweg;;;;;;;Hauptschwenda;;;;;;34626
;Gerichtsgäßchen;;;;;;;Neukirchen;;;;;;34626
;Goethestr.;;;;;;;Neukirchen;;;;;;34626
;Goldbachweg;;;;;;;Neukirchen;;;;;;34626
;Grenftalstr.;;;;;;;Nausis;;;;;;34626
;Grüner Weg;;;;;;;Neukirchen;;;;;;34626
;Hainweg;;;;;;;Asterode;;;;;;34626
;Happelsmühle;;;;;;;Seigertshausen;;;;;;34626
;Hasselberg;;;;;;;Neukirchen;;;;;;34626
;Hauptschwendaer Str.;;;;;;;Neukirchen;;;;;;34626
;Hauptstr.;;;;;;;Seigertshausen;;;;;;34626
;Heidentriesch;;;;;;;Asterode;;;;;;34626
;Heidestr.;;;;;;;Wincherode;;;;;;34626
;Heimbachweg;;;;;;;Neukirchen;;;;;;34626
;Heinrich-Heine-Str.;;;;;;;Neukirchen;;;;;;34626
;Hergertsmühle;;;;;;;Seigertshausen;;;;;;34626
;Herm.-Löns-Str.;;;;;;;Neukirchen;;;;;;34626
;Hersfelder Str.;;;;;;;Neukirchen;;;;;;34626
;Hinter dem Zinn;;;;;;;Neukirchen;;;;;;34626
;Hinter der Linde;;;;;;;Neukirchen;;;;;;34626
;Hof Buchenbach;;;;;;;Neukirchen;;;;;;34626
;Hof Kienberg;;;;;;;Neukirchen;;;;;;34626
;Hoffeldweg;;;;;;;Asterode;;;;;;34626
;Hofstadt;;;;;;;Neukirchen;;;;;;34626
;Hohle;;;;;;;Riebelsdorf;;;;;;34626
;Hohle Gasse;;;;;;;Nausis;;;;;;34626
;Hohlweg;;;;;;;Seigertshausen;;;;;;34626
;Homberger Str.;;;;;;;Neukirchen;;;;;;34626
;Hospitalgasse;;;;;;;Neukirchen;;;;;;34626
;Im Erdmannshain;;;;;;;Neukirchen;;;;;;34626
;Im Franken;;;;;;;Neukirchen;;;;;;34626
;Im Höfchen;;;;;;;Seigertshausen;;;;;;34626
;Im Wiesengrund;;;;;;;Hauptschwenda;;;;;;34626
;Im Wurmgarten;;;;;;;Neukirchen;;;;;;34626
;Immichenhainer Str.;;;;;;;Nausis;;;;;;34626
;In der Heimbach;;;;;;;Neukirchen;;;;;;34626
;Jakobstr.;;;;;;;Riebelsdorf;;;;;;34626
;Justus-Ritter-Str.;;;;;;;Neukirchen;;;;;;34626
;Kantstr.;;;;;;;Neukirchen;;;;;;34626
;Kienbergweg;;;;;;;Neukirchen;;;;;;34626
;Kirchgasse;;;;;;;Neukirchen;;;;;;34626
;Kirchring;;;;;;;Rückershausen;;;;;;34626
;Kirchweg;;;;;;;Riebelsdorf;;;;;;34626
;Klapperbornweg;;;;;;;Neukirchen;;;;;;34626
;Kleiberweg;;;;;;;Neukirchen;;;;;;34626
;Klingelbachweg;;;;;;;Neukirchen;;;;;;34626
;Knüllstr.;;;;;;;Hauptschwenda;;;;;;34626
;Kurhessenstr.;;;;;;;Neukirchen;;;;;;34626
;Köhlerweg;;;;;;;Neukirchen;;;;;;34626
;Königsberger Str.;;;;;;;Neukirchen;;;;;;34626
;Kühnweg;;;;;;;Rückershausen;;;;;;34626
;Lambertsberg;;;;;;;Seigertshausen;;;;;;34626
;Lange Wiese;;;;;;;Hauptschwenda;;;;;;34626
;Lehmkaute;;;;;;;Neukirchen;;;;;;34626
;Leipziger Str.;;;;;;;Neukirchen;;;;;;34626
;Lerchenweg;;;;;;;Neukirchen;;;;;;34626
;Lessingstr.;;;;;;;Neukirchen;;;;;;34626
;Liebesinsel;;;;;;;Neukirchen;;;;;;34626
;Lotzeweg;;;;;;;Asterode;;;;;;34626
;Ludwig-Jahn-Str.;;;;;;;Neukirchen;;;;;;34626
;Lukanstr.;;;;;;;Neukirchen;;;;;;34626
;Lützelbachweg;;;;;;;Neukirchen;;;;;;34626
;M.-v.-Schenkend.-Str.;;;;;;;Neukirchen;;;;;;34626
;Margeritenweg;;;;;;;Neukirchen;;;;;;34626
;Marktgasse;;;;;;;Neukirchen;;;;;;34626
;Marktplatz;;;;;;;Neukirchen;;;;;;34626
;Mauergäßchen;;;;;;;Neukirchen;;;;;;34626
;Meisenweg;;;;;;;Neukirchen;;;;;;34626
;Muhlsweg;;;;;;;Neukirchen;;;;;;34626
;Möllerweg;;;;;;;Neukirchen;;;;;;34626
;Mörikestr.;;;;;;;Neukirchen;;;;;;34626
;Mühlenpforte;;;;;;;Neukirchen;;;;;;34626
;Mühlgasse;;;;;;;Riebelsdorf;;;;;;34626
;Mühlgraben;;;;;;;Neukirchen;;;;;;34626
;Müllersgrund;;;;;;;Hauptschwenda;;;;;;34626
;Nausiser Weg;;;;;;;Asterode;;;;;;34626
;Neue Str.;;;;;;;Seigertshausen;;;;;;34626
;Neukircher Str.;;;;;;;Seigertshausen;;;;;;34626
;Niederrheinische St.;;;;;;;Neukirchen;;;;;;34626
;Ortsstr. Christerode;;;;;;;Christerode;;;;;;34626
;Ottrauer Str.;;;;;;;Neukirchen;;;;;;34626
;Pfefferbachweg;;;;;;;Neukirchen;;;;;;34626
;Pflichthaus;;;;;;;;;;;;;34626
;Prinzenteich;;;;;;;Neukirchen;;;;;;34626
;Prof.-Eichler-Str.;;;;;;;Neukirchen;;;;;;34626
;Prof.-Schröder-Weg;;;;;;;Neukirchen;;;;;;34626
;Raiffeisenplatz;;;;;;;Neukirchen;;;;;;34626
;Reißmannweg;;;;;;;Neukirchen;;;;;;34626
;Riebelsdorfer Weg;;;;;;;Neukirchen;;;;;;34626
;Riedweg;;;;;;;Christerode;;;;;;34626
;Ringstr.;;;;;;;Riebeldorf;;;;;;34626
;Ropperhäuser Str.;;;;;;;Seigertshausen;;;;;;34626
;Rosenweg;;;;;;;Neukirchen;;;;;;34626
;Roter Weg;;;;;;;Neukirchen;;;;;;34626
;Rothackerweg;;;;;;;Hauptschwenda;;;;;;34626
;Rückershauser Weg;;;;;;;Neukirchen;;;;;;34626
;Sandgärten;;;;;;;Riebeldorf;;;;;;34626
;Sandweg;;;;;;;Seigertshausen;;;;;;34626
;Schillerstr.;;;;;;;Neukirchen;;;;;;34626
;Schlackenweg;;;;;;;Seigertshausen;;;;;;34626
;Schlesienweg;;;;;;;Neukirchen;;;;;;34626
;Schlippergasse;;;;;;;Asterode;;;;;;34626
;Schloßberg;;;;;;;Seigertshausen;;;;;;34626
;Schmiedegasse;;;;;;;Seigertshausen;;;;;;34626
;Schmittsberg;;;;;;;Seigertshausen;;;;;;34626
;Schorbacher Weg;;;;;;;Nausis;;;;;;34626
;Schornhofstr.;;;;;;;Christerode;;;;;;34626
;Schullandweg;;;;;;;Asterode;;;;;;34626
;Schulrat-Vonholdt-Weg;;;;;;;Neukirchen;;;;;;34626
;Schulstr.;;;;;;;Christerode;;;;;;34626
;Schwalbenweg;;;;;;;Neukirchen;;;;;;34626
;Schwarzenborner Str.;;;;;;;Neukirchen;;;;;;34626
;Schwarzer Weg;;;;;;;Nausis;;;;;;34626
;Schöne Aussicht;;;;;;;Neukirchen;;;;;;34626
;Schönfeldstr.;;;;;;;Neukirchen;;;;;;34626
;Seb.-Kneipp-Weg;;;;;;;Neukirchen;;;;;;34626
;Seigertshauser Str.;;;;;;;Neukirchen;;;;;;34626
;Siebenbürgener Weg;;;;;;;Neukirchen;;;;;;34626
;Sonnenblumenweg;;;;;;;Neukirchen;;;;;;34626
;Sonstr.;;;;;;;Seigertshausen;;;;;;34626
;Stadtpark;;;;;;;Neukirchen;;;;;;34626
;Steingasse;;;;;;;Neukirchen;;;;;;34626
;Steinwaldstr.;;;;;;;Neukirchen;;;;;;34626
;Steinweg;;;;;;;Asterode;;;;;;34626
;Stettiner Str.;;;;;;;Neukirchen;;;;;;34626
;Struthfeld;;;;;;;Seigertshausen;;;;;;34626
;Sudetenstr.;;;;;;;Neukirchen;;;;;;34626
;Sängermühle;;;;;;;Riebeldorf;;;;;;34626
;Talgartenweg;;;;;;;Nausis;;;;;;34626
;Talhof;;;;;;;Seigertshausen;;;;;;34626
;Tanzplatzweg;;;;;;;Asterode;;;;;;34626
;Teichstr.;;;;;;;Seigertshausen;;;;;;34626
;Teichwiesenwald;;;;;;;Asterode;;;;;;34626
;Theodor-Storm-Str.;;;;;;;Neukirchen;;;;;;34626
;Thorfeld;;;;;;;Seigertshausen;;;;;;34626
;Trieschweg;;;;;;;Asterode;;;;;;34626
;Triftweg;;;;;;;Hauptschwenda;;;;;;34626
;Uhlandstr.;;;;;;;Neukirchen;;;;;;34626
;Untergasse;;;;;;;Neukirchen;;;;;;34626
;Urbachstr.;;;;;;;Neukirchen;;;;;;34626
;Urbachweg;;;;;;;Neukirchen;;;;;;34626
;Veilchenweg;;;;;;;Neukirchen;;;;;;34626
;Vor der Landwehr;;;;;;;Neukirchen;;;;;;34626
;Waldstr.;;;;;;;Wincherode;;;;;;34626
;Weihersäcker;;;;;;;Rückershausen;;;;;;34626
;Weinbergstr.;;;;;;;Neukirchen;;;;;;34626
;Wendeweg;;;;;;;Hauptschwenda;;;;;;34626
;Wiesenmühle;;;;;;;Neukirchen;;;;;;34626
;Wilh.-Schäfer-Str.;;;;;;;Neukirchen;;;;;;34626
;Wilhelm-Busch-Str.;;;;;;;Neukirchen;;;;;;34626
;Wincheroder Weg;;;;;;;Nausis;;;;;;34626
;Wincheröder Str.;;;;;;;Nausis;;;;;;34626
;Zeisigweg;;;;;;;Neukirchen;;;;;;34626
;Ziegenbergstr.;;;;;;;Asterode;;;;;;34626
;Ziegenhainer Str.;;;;;;;Riebeldorf;;;;;;34626
;Zum Alten Hain;;;;;;;Wincherode;;;;;;34626
;Zum Berg;;;;;;;Seigertshausen;;;;;;34626
;Zum Heckersberg;;;;;;;Rückershausen;;;;;;34626
;Zum Heidfeld;;;;;;;Wincherode;;;;;;34626
;Zum Mühltor;;;;;;;Neukirchen;;;;;;34626
;Zum Rod;;;;;;;Seigertshausen;;;;;;34626
;Zum Roten Baum;;;;;;;Rückershausen;;;;;;34626
;Zum Wickenberg;;;;;;;Hauptschwenda;;;;;;34626
;Zur Fahrt;;;;;;;Wincherode;;;;;;34626
;Zählweg;;;;;;;Christerode;;;;;;34626
;Ahornweg;;;;;;;Niedenstein;;;;;;34305
;Akazienweg;;;;;;;Niedenstein;;;;;;34305
;Albert-Schweitzer-Straße;;;;;;;Niedenstein;;;;;;34305
;Altenburger Weg;;;;;;;Niedenstein;;;;;;34305
;Altenburgstraße;;;;;;;Niedenstein;;;;;;34305
;Am Birkenhof;;;;;;;Niedenstein;;;;;;34305
;Am Blumenberg;;;;;;;Niedenstein;;;;;;34305
;Am Eselspfad;;;;;;;Niedenstein;;;;;;34305
;Am Finkenhain;;;;;;;Niedenstein;;;;;;34305
;Am Frießelsbach;;;;;;;Niedenstein;;;;;;34305
;Am Goddelbusch;;;;;;;Niedenstein;;;;;;34305
;Am Hang;;;;;;;Niedenstein;;;;;;34305
;Am Kirchberg;;;;;;;Niedenstein;;;;;;34305
;Am Kirchplatz;;;;;;;Niedenstein;;;;;;34305
;Am Lohrain;;;;;;;Niedenstein;;;;;;34305
;Am Rosenhang;;;;;;;Niedenstein;;;;;;34305
;Am Sonnenhang;;;;;;;Niedenstein;;;;;;34305
;Am Triesch;;;;;;;Niedenstein;;;;;;34305
;Am Tränkegarten;;;;;;;Niedenstein;;;;;;34305
;Am Vogelsang;;;;;;;Niedenstein;;;;;;34305
;Am Wiesengrund;;;;;;;Niedenstein;;;;;;34305
;Am Zemmer;;;;;;;Niedenstein;;;;;;34305
;Am Ziegenberg;;;;;;;Niedenstein;;;;;;34305
;An den Teichen;;;;;;;Niedenstein;;;;;;34305
;An der Ems;;;;;;;Niedenstein;;;;;;34305
;An der Linde;;;;;;;Niedenstein;;;;;;34305
;Auf dem Rain;;;;;;;Niedenstein;;;;;;34305
;Auf der Gänseweide;;;;;;;Niedenstein;;;;;;34305
;Auf der Hegeweide;;;;;;;Niedenstein;;;;;;34305
;Auf der Kaule;;;;;;;Niedenstein;;;;;;34305
;Auf der Klippe;;;;;;;Niedenstein;;;;;;34305
;Auf der Stichel;;;;;;;Niedenstein;;;;;;34305
;Auf der Wegelänge;;;;;;;Niedenstein;;;;;;34305
;Bachwiesenweg;;;;;;;Niedenstein;;;;;;34305
;Berggarten;;;;;;;Niedenstein;;;;;;34305
;Bergstraße;;;;;;;Niedenstein;;;;;;34305
;Bergtor;;;;;;;Niedenstein;;;;;;34305
;Berliner Straße;;;;;;;Niedenstein;;;;;;34305
;Besser Straße;;;;;;;Niedenstein;;;;;;34305
;Bilsteinstraße;;;;;;;Niedenstein;;;;;;34305
;Birkenweg;;;;;;;Niedenstein;;;;;;34305
;Blankenweg;;;;;;;Niedenstein;;;;;;34305
;Breitenbacher Straße;;;;;;;Niedenstein;;;;;;34305
;Bruno-Otto-Straße;;;;;;;Niedenstein;;;;;;34305
;Brüder-Grimm-Straße;;;;;;;Niedenstein;;;;;;34305
;Buchenweg;;;;;;;Niedenstein;;;;;;34305
;Burgstraße;;;;;;;Niedenstein;;;;;;34305
;Chattenstraße;;;;;;;Niedenstein;;;;;;34305
;Chattenweg;;;;;;;Niedenstein;;;;;;34305
;Dengelweg;;;;;;;Niedenstein;;;;;;34305
;Dorfplatz;;;;;;;Niedenstein;;;;;;34305
;Dorothea-Viehmann-Straße;;;;;;;Niedenstein;;;;;;34305
;Eichendorffstraße;;;;;;;Niedenstein;;;;;;34305
;Eichenweg;;;;;;;Niedenstein;;;;;;34305
;Emstalstraße;;;;;;;Niedenstein;;;;;;34305
;Erich-Kästner-Straße;;;;;;;Niedenstein;;;;;;34305
;Erlenweg;;;;;;;Niedenstein;;;;;;34305
;Ermetheiser Straße;;;;;;;Niedenstein;;;;;;34305
;Eschenweg;;;;;;;Niedenstein;;;;;;34305
;Falkensteinstraße;;;;;;;Niedenstein;;;;;;34305
;Feldborde;;;;;;;Niedenstein;;;;;;34305
;Fliederweg;;;;;;;Niedenstein;;;;;;34305
;Fontanestraße;;;;;;;Niedenstein;;;;;;34305
;Forsthausstraße;;;;;;;Niedenstein;;;;;;34305
;Freienhagen;;;;;;;Niedenstein;;;;;;34305
;Friedensstraße;;;;;;;Niedenstein;;;;;;34305
;Friedrich-Ebert-Straße;;;;;;;Niedenstein;;;;;;34305
;Fritzlarer Straße;;;;;;;Niedenstein;;;;;;34305
;Fünffensterstraße;;;;;;;Niedenstein;;;;;;34305
;Gartenstraße;;;;;;;Niedenstein;;;;;;34305
;Gassenhausener Weg;;;;;;;Niedenstein;;;;;;34305
;Gerhart-Hauptmann-Straße;;;;;;;Niedenstein;;;;;;34305
;Germaniastraße;;;;;;;Niedenstein;;;;;;34305
;Gleicher Straße;;;;;;;Niedenstein;;;;;;34305
;Goethestraße;;;;;;;Niedenstein;;;;;;34305
;Grüner Weg;;;;;;;Niedenstein;;;;;;34305
;Gudensberger Straße;;;;;;;Niedenstein;;;;;;34305
;Gutshof;;;;;;;Niedenstein;;;;;;34305
;Habichtswaldstraße;;;;;;;Niedenstein;;;;;;34305
;Hagenweg;;;;;;;Niedenstein;;;;;;34305
;Hans-Böckler-Straße;;;;;;;Niedenstein;;;;;;34305
;Hardtweg;;;;;;;Niedenstein;;;;;;34305
;Hauptstraße;;;;;;;Niedenstein;;;;;;34305
;Hegenbergstraße;;;;;;;Niedenstein;;;;;;34305
;Heimeradstraße;;;;;;;Niedenstein;;;;;;34305
;Heinrich-Heine-Straße;;;;;;;Niedenstein;;;;;;34305
;Heinrich-Hillebrand-Str.;;;;;;;Niedenstein;;;;;;34305
;Heinrich-Nolde-Straße;;;;;;;Niedenstein;;;;;;34305
;Herderstraße;;;;;;;Niedenstein;;;;;;34305
;Hermann-Löns-Straße;;;;;;;Niedenstein;;;;;;34305
;Im Etterbach;;;;;;;Niedenstein;;;;;;34305
;Im Stadtfeld;;;;;;;Niedenstein;;;;;;34305
;In den Stöcken;;;;;;;Niedenstein;;;;;;34305
;Kasseler Pfad;;;;;;;Niedenstein;;;;;;34305
;Kasseler Straße;;;;;;;Niedenstein;;;;;;34305
;Kastanienweg;;;;;;;Niedenstein;;;;;;34305
;Kiesweg;;;;;;;Niedenstein;;;;;;34305
;Kirchberger Straße;;;;;;;Niedenstein;;;;;;34305
;Kirchgasse;;;;;;;Niedenstein;;;;;;34305
;Kirchweg;;;;;;;Niedenstein;;;;;;34305
;Konrad-Schwarz-Straße;;;;;;;Niedenstein;;;;;;34305
;Kornstraße;;;;;;;Niedenstein;;;;;;34305
;Kurt-Schumacher-Straße;;;;;;;Niedenstein;;;;;;34305
;Langenbergstraße;;;;;;;Niedenstein;;;;;;34305
;Lehmkaute;;;;;;;Niedenstein;;;;;;34305
;Lerchenweg;;;;;;;Niedenstein;;;;;;34305
;Lessingstraße;;;;;;;Niedenstein;;;;;;34305
;Lettenbergstraße;;;;;;;Niedenstein;;;;;;34305
;Lindenweg;;;;;;;Niedenstein;;;;;;34305
;Louise-Schröder-Straße;;;;;;;Niedenstein;;;;;;34305
;Lupinenweg;;;;;;;Niedenstein;;;;;;34305
;Merxhäuser Straße;;;;;;;Niedenstein;;;;;;34305
;Metzer Straße;;;;;;;Niedenstein;;;;;;34305
;Mittelweg;;;;;;;Niedenstein;;;;;;34305
;Mohrmühle;;;;;;;Niedenstein;;;;;;34305
;Mühlenweg;;;;;;;Niedenstein;;;;;;34305
;Neuer Weg;;;;;;;Niedenstein;;;;;;34305
;Niedensteiner Straße;;;;;;;Niedenstein;;;;;;34305
;Oberstraße;;;;;;;Niedenstein;;;;;;34305
;Obertor;;;;;;;Niedenstein;;;;;;34305
;Raiffeisenstraße;;;;;;;Niedenstein;;;;;;34305
;Rehwiesenweg;;;;;;;Niedenstein;;;;;;34305
;Rheinweg;;;;;;;Niedenstein;;;;;;34305
;Rieder Straße;;;;;;;Niedenstein;;;;;;34305
;Ritter-von-Hund-Straße;;;;;;;Niedenstein;;;;;;34305
;Schifferweg;;;;;;;Niedenstein;;;;;;34305
;Schillerstraße;;;;;;;Niedenstein;;;;;;34305
;Schlittenwiese;;;;;;;Niedenstein;;;;;;34305
;Schulstraße;;;;;;;Niedenstein;;;;;;34305
;Schwasebachstraße;;;;;;;Niedenstein;;;;;;34305
;Schöne Aussicht;;;;;;;Niedenstein;;;;;;34305
;Sengelsberger Weg;;;;;;;Niedenstein;;;;;;34305
;Sommerweg;;;;;;;Niedenstein;;;;;;34305
;Steinweg;;;;;;;Niedenstein;;;;;;34305
;Südwall;;;;;;;Niedenstein;;;;;;34305
;Tannenweg;;;;;;;Niedenstein;;;;;;34305
;Terrasse;;;;;;;Niedenstein;;;;;;34305
;Theodor-Heuss-Straße;;;;;;;Niedenstein;;;;;;34305
;Treppenstraße;;;;;;;Niedenstein;;;;;;34305
;Uhlandstraße;;;;;;;Niedenstein;;;;;;34305
;Ulmenweg;;;;;;;Niedenstein;;;;;;34305
;Unterstraße;;;;;;;Niedenstein;;;;;;34305
;Vor dem Neuhaus;;;;;;;Niedenstein;;;;;;34305
;Vor dem Tor;;;;;;;Niedenstein;;;;;;34305
;Wasserweg;;;;;;;Niedenstein;;;;;;34305
;Westendstraße;;;;;;;Niedenstein;;;;;;34305
;Wichdorfer Straße;;;;;;;Niedenstein;;;;;;34305
;Wiehoffstraße;;;;;;;Niedenstein;;;;;;34305
;Wiesenstraße;;;;;;;Niedenstein;;;;;;34305
;Wiesenweg;;;;;;;Niedenstein;;;;;;34305
;Wilhelm-Busch-Straße;;;;;;;Niedenstein;;;;;;34305
;Wohnplatz Naturistensportbund;;;;;;;Niedenstein;;;;;;34305
;Wohnplatz Rübezahl;;;;;;;Niedenstein;;;;;;34305
;Wohnplatz Tierbaumsrasen;;;;;;;Niedenstein;;;;;;34305
;Wohnplatz Weißenthalsmühle;;;;;;;Niedenstein;;;;;;34305
;Zu den Quellen;;;;;;;Niedenstein;;;;;;34305
;Zum Bilstein;;;;;;;Niedenstein;;;;;;34305
;Zum Birkenhof;;;;;;;Niedenstein;;;;;;34305
;Zum Kißling;;;;;;;Niedenstein;;;;;;34305
;Zum Weinberg;;;;;;;Niedenstein;;;;;;34305
;Zum Welsegraben;;;;;;;Niedenstein;;;;;;34305
;Zur Kliebe;;;;;;;Niedenstein;;;;;;34305
;Zur Sandkuhle;;;;;;;Niedenstein;;;;;;34305
;Zwischen den Zäunen;;;;;;;Niedenstein;;;;;;34305
;Am Frauenberg;;;;;;;Oberaula;;;;;;36280
;Am Goldrain;;;;;;;Oberaula;;;;;;36280
;Am Hang;;;;;;;Oberaula;;;;;;36280
;Am Kirschgarten;;;;;;;Oberaula;;;;;;36280
;Am Kupferacker;;;;;;;Oberaula;;;;;;36280
;Am Weißenstein;;;;;;;Oberaula;;;;;;36280
;Amselweg;;;;;;;Oberaula;;;;;;36280
;An den Littersbäumen;;;;;;;Oberaula;;;;;;36280
;An der Aula;;;;;;;Oberaula;;;;;;36280
;Bahnhofstraße;;;;;;;Oberaula;;;;;;36280
;Baumgartenweg;;;;;;;Oberaula;;;;;;36280
;Bergweg;;;;;;;Oberaula;;;;;;36280
;Birketstraße;;;;;;;Oberaula;;;;;;36280
;Böhlstraße;;;;;;;Oberaula;;;;;;36280
;Borgmannstraße;;;;;;;Oberaula;;;;;;36280
;Brauhausstraße;;;;;;;Oberaula;;;;;;36280
;Breslauer Straße;;;;;;;Oberaula;;;;;;36280
;Buchenstraße;;;;;;;Oberaula;;;;;;36280
;Christeröder Weg;;;;;;;Oberaula;;;;;;36280
;Drosselweg;;;;;;;Oberaula;;;;;;36280
;Friedigeröder Straße;;;;;;;Oberaula;;;;;;36280
;Fronackerstraße;;;;;;;Oberaula;;;;;;36280
;Gartenstraße;;;;;;;Oberaula;;;;;;36280
;Grüner Weg;;;;;;;Oberaula;;;;;;36280
;Häuserweg;;;;;;;Oberaula;;;;;;36280
;Haintorstraße;;;;;;;Oberaula;;;;;;36280
;Heerstraße;;;;;;;Oberaula;;;;;;36280
;Hersfelder Straße;;;;;;;Oberaula;;;;;;36280
;Homberger Straße;;;;;;;Oberaula;;;;;;36280
;Katteröder Weg;;;;;;;Oberaula;;;;;;36280
;Kirschgartenweg;;;;;;;Oberaula;;;;;;36280
;Küppelstraße;;;;;;;Oberaula;;;;;;36280
;Laubenweg;;;;;;;Oberaula;;;;;;36280
;Lohnstraße;;;;;;;Oberaula;;;;;;36280
;Marktstraße;;;;;;;Oberaula;;;;;;36280
;Miesweg;;;;;;;Oberaula;;;;;;36280
;Mühlenweg;;;;;;;Oberaula;;;;;;36280
;Niederrheinische Straße;;;;;;;Oberaula;;;;;;36280
;Oberer Kirchweg;;;;;;;Oberaula;;;;;;36280
;Ostpreußenstraße;;;;;;;Oberaula;;;;;;36280
;Raiffeisenstraße;;;;;;;Oberaula;;;;;;36280
;Reichenberger Straße;;;;;;;Oberaula;;;;;;36280
;Roßgasse;;;;;;;Oberaula;;;;;;36280
;Schlesier Straße;;;;;;;Oberaula;;;;;;36280
;Schüßlerstraße;;;;;;;Oberaula;;;;;;36280
;Schulstraße;;;;;;;Oberaula;;;;;;36280
;Schwalbenweg;;;;;;;Oberaula;;;;;;36280
;Schwimmbadstraße;;;;;;;Oberaula;;;;;;36280
;Sudetenstraße;;;;;;;Oberaula;;;;;;36280
;Tannenstraße;;;;;;;Oberaula;;;;;;36280
;Teichstraße;;;;;;;Oberaula;;;;;;36280
;Unterer Kirchweg;;;;;;;Oberaula;;;;;;36280
;Wallmersberger Weg;;;;;;;Oberaula;;;;;;36280
;Weiherstraße;;;;;;;Oberaula;;;;;;36280
;Am Graben;;;;;;;Friedigerode;;;;;;36280
;Am Rain;;;;;;;Friedigerode;;;;;;36280
;Biegenweg;;;;;;;Friedigerode;;;;;;36280
;Eckeröder Weg;;;;;;;Friedigerode;;;;;;36280
;Hohnbergweg;;;;;;;Friedigerode;;;;;;36280
;In der Gasse;;;;;;;Friedigerode;;;;;;36280
;Erlenstraße;;;;;;;Friedigerode;;;;;;36280
;Knüllstraße;;;;;;;Friedigerode;;;;;;36280
;Sandweg;;;;;;;Friedigerode;;;;;;36280
;Rosental;;;;;;;Friedigerode;;;;;;36280
;Vorm Nöll;;;;;;;Friedigerode;;;;;;36280
;Alsfelder Straße;;;;;;;Hausen;;;;;;36280
;Am Birket;;;;;;;Hausen;;;;;;36280
;Am Damm;;;;;;;Hausen;;;;;;36280
;Am Sportplatz;;;;;;;Hausen;;;;;;36280
;An der Ziegelhütte;;;;;;;Hausen;;;;;;36280
;Aulastraße;;;;;;;Hausen;;;;;;36280
;Bodenfeldstraße;;;;;;;Hausen;;;;;;36280
;Ferienpark;;;;;;;Hausen;;;;;;36280
;Finkenweg;;;;;;;Hausen;;;;;;36280
;Hainweg;;;;;;;Hausen;;;;;;36280
;Hardtweg;;;;;;;Hausen;;;;;;36280
;Höchenweg;;;;;;;Hausen;;;;;;36280
;Hofgut;;;;;;;Hausen;;;;;;36280
;Höny-Hof;;;;;;;Hausen;;;;;;36280
;Im Eck;;;;;;;Hausen;;;;;;36280
;Im Ellertal;;;;;;;Hausen;;;;;;36280
;Katzbachstraße;;;;;;;Hausen;;;;;;36280
;Lerchenweg;;;;;;;Hausen;;;;;;36280
;Peter-Bickhardt-Allee;;;;;;;Hausen;;;;;;36280
;Marschallshof;;;;;;;Hausen;;;;;;36280
;Münzenmühle;;;;;;;Hausen;;;;;;36280
;Olberöder Straße;;;;;;;Hausen;;;;;;36280
;Rimbachstraße;;;;;;;Hausen;;;;;;36280
;Rimbergstraße;;;;;;;Hausen;;;;;;36280
;Schloßweg;;;;;;;Hausen;;;;;;36280
;Schorbacher Weg;;;;;;;Hausen;;;;;;36280
;Zieleckstraße;;;;;;;Hausen;;;;;;36280
;Allendorfer Allee;;;;;;;Ibra;;;;;;36280
;Aulawiesen;;;;;;;Ibra;;;;;;36280
;Brunnenweg;;;;;;;Ibra;;;;;;36280
;Ibratalstraße;;;;;;;Ibra;;;;;;36280
;Panoramaweg;;;;;;;Ibra;;;;;;36280
;Ringelsmühle;;;;;;;Ibra;;;;;;36280
;Weißenbörner Weg;;;;;;;Ibra;;;;;;36280
;Wiesengrund;;;;;;;Ibra;;;;;;36280
;Zur Ibrakuppe;;;;;;;Ibra;;;;;;36280
;Am Siegen;;;;;;;Olberode;;;;;;36280
;Am Schorbach;;;;;;;Olberode;;;;;;36280
;Am Stauweiher;;;;;;;Olberode;;;;;;36280
;Am Ziegenberg;;;;;;;Olberode;;;;;;36280
;An der Wasserscheide;;;;;;;Olberode;;;;;;36280
;Bornweg;;;;;;;Olberode;;;;;;36280
;Eichenweg;;;;;;;Olberode;;;;;;36280
;Fickelsmühle;;;;;;;Olberode;;;;;;36280
;Kasseler Straße;;;;;;;Olberode;;;;;;36280
;Lehnweg;;;;;;;Olberode;;;;;;36280
;Oberaulaer Weg;;;;;;;Olberode;;;;;;36280
;Rhönblick;;;;;;;Olberode;;;;;;36280
;Schöne Aussicht;;;;;;;Olberode;;;;;;36280
;Schwarzenbörner Str.;;;;;;;Olberode;;;;;;36280
;Seeweg;;;;;;;Olberode;;;;;;36280
;Vor der Höhe;;;;;;;Olberode;;;;;;36280
;Am Rotacker;;;;;;;Wahlshausen;;;;;;36280
;Aulaweg;;;;;;;Wahlshausen;;;;;;36280
;Aumühle;;;;;;;Wahlshausen;;;;;;36280
;Bahnhofsweg;;;;;;;Wahlshausen;;;;;;36280
;Gräsbachstraße;;;;;;;Wahlshausen;;;;;;36280
;Hauptstraße;;;;;;;Wahlshausen;;;;;;36280
;Hinter der Kirche;;;;;;;Wahlshausen;;;;;;36280
;Hinter der Stätte;;;;;;;Wahlshausen;;;;;;36280
;Hofackerweg;;;;;;;Wahlshausen;;;;;;36280
;Kirchweg;;;;;;;Wahlshausen;;;;;;36280
;Kuhlweg;;;;;;;Wahlshausen;;;;;;36280
;Talweg;;;;;;;Wahlshausen;;;;;;36280
;Wiesenweg;;;;;;;Wahlshausen;;;;;;36280
;Am Bahnhof;;;;;;;Ottrau;;;;;;34633
;Am Bettenacker;;;;;;;Ottrau;;;;;;34633
;Am Friedhof;;;;;;;Immichenhain;;;;;;34633
;Am Hang;;;;;;;Kleinropperhausen;;;;;;34633
;Am Hilsberg;;;;;;;Görzhain;;;;;;34633
;Am Hopfenacker;;;;;;;Immichenhain;;;;;;34633
;Am Kalkberg;;;;;;;Weißenborn;;;;;;34633
;Am Kappstück;;;;;;;Immichenhain;;;;;;34633
;Am Kirchberg;;;;;;;Görzhain;;;;;;34633
;Am Küppel;;;;;;;Weißenborn;;;;;;34633
;Am Langen Stein;;;;;;;Immichenhain;;;;;;34633
;Am Lohe;;;;;;;Ottrau;;;;;;34633
;Am Pfaffenbusch;;;;;;;Ottrau;;;;;;34633
;Am Reifenberg;;;;;;;Schorbach;;;;;;34633
;Am Schulgarten;;;;;;;Ottrau;;;;;;34633
;Am Schwarzrod;;;;;;;Weißenborn;;;;;;34633
;Am Schwimmbad;;;;;;;Ottrau;;;;;;34633
;Am Sebbel;;;;;;;Ottrau;;;;;;34633
;Am Trisch;;;;;;;Görzhain;;;;;;34633
;Am Weidenbrunnen;;;;;;;Weißenborn;;;;;;34633
;An den Pappeln;;;;;;;Görzhain;;;;;;34633
;An der Kirche;;;;;;;Ottrau;;;;;;34633
;Auf der Heide;;;;;;;Weißenborn;;;;;;34633
;Auf der Hudt;;;;;;;Ottrau;;;;;;34633
;Aussiedlerhof;;;;;;;Immichenhain;;;;;;34633
;Bachstraße;;;;;;;Kleinropperhausen;;;;;;34633
;Bahnhofstraße;;;;;;;Ottrau;;;;;;34633
;Berfaer Straße;;;;;;;Ottrau;;;;;;34633
;Bettäcker;;;;;;;Ottrau;;;;;;34633
;Bilz;;;;;;;Ottrau;;;;;;34633
;Birkenhof;;;;;;;Ottrau;;;;;;34633
;Birkenweg;;;;;;;Weißenborn;;;;;;34633
;Boßmühle;;;;;;;Ottrau;;;;;;34633
;Breitenbacher Str;;;;;;;Ottrau;;;;;;34633
;Burggasse;;;;;;;Ottrau;;;;;;34633
;Das Hohe Feld;;;;;;;Ottrau;;;;;;34633
;Die Bing;;;;;;;Immichenhain;;;;;;34633
;Die Spitze;;;;;;;Ottrau;;;;;;34633
;Dorfstraße;;;;;;;Schorbach;;;;;;34633
;Drosselweg;;;;;;;Schorbach;;;;;;34633
;Erbsengasse;;;;;;;Ottrau;;;;;;34633
;Feldweg;;;;;;;Ottrau;;;;;;34633
;Finkecke;;;;;;;Ottrau;;;;;;34633
;Forsthaus;;;;;;;Kleinropperhausen;;;;;;34633
;Forsthaus Görzhain;;;;;;;Görzhain;;;;;;34633
;Gartenweg;;;;;;;Ottrau;;;;;;34633
;Gasse;;;;;;;Schorbach;;;;;;34633
;Grenffstraße;;;;;;;Görzhain;;;;;;34633
;Görzhainer Weg;;;;;;;Schorbach;;;;;;34633
;Hardtweg;;;;;;;Immichenhain;;;;;;34633
;Hauptstraße;;;;;;;Immichenhain;;;;;;34633
;Hehlwiese;;;;;;;Ottrau;;;;;;34633
;Heimbuchenäcker;;;;;;;Schorbach;;;;;;34633
;Hermann-Löns-Straße;;;;;;;Immichenhain;;;;;;34633
;Herzbergstraße;;;;;;;Görzhain;;;;;;34633
;Hochweg;;;;;;;Weißenborn;;;;;;34633
;Hundsstrauch;;;;;;;Ottrau;;;;;;34633
;Im Kirchgrund;;;;;;;Görzhain;;;;;;34633
;In der Otter;;;;;;;Ottrau;;;;;;34633
;Kastanienweg;;;;;;;Görzhain;;;;;;34633
;Kirchberg;;;;;;;Schorbach;;;;;;34633
;Knüllstraße;;;;;;;Immichenhain;;;;;;34633
;Kohlenweg;;;;;;;Weißenborn;;;;;;34633
;Kurt-Schumacher-Str.;;;;;;;Immichenhain;;;;;;34633
;Küppelweg;;;;;;;Schorbach;;;;;;34633
;Lenzenmühle;;;;;;;Kleinropperhausen;;;;;;34633
;Lerchenweg;;;;;;;Immichenhain;;;;;;34633
;Leutschweg;;;;;;;Görzhain;;;;;;34633
;Lindenstraße;;;;;;;Weißenborn;;;;;;34633
;Lingelbacher Weg;;;;;;;Ottrau;;;;;;34633
;Lärchenfeld;;;;;;;Weißenborn;;;;;;34633
;Malergasse;;;;;;;Weißenborn;;;;;;34633
;Meisenweg;;;;;;;Schorbach;;;;;;34633
;Mühlenstraße;;;;;;;Görzhain;;;;;;34633
;Mühlenweg;;;;;;;Schorbach;;;;;;34633
;Nato-Versorg.-Lager;;;;;;;Immichenhain;;;;;;34633
;Nausiser Straße;;;;;;;Immichenhain;;;;;;34633
;Nausiser Weg;;;;;;;Schorbach;;;;;;34633
;Neukirchener Straße;;;;;;;Ottrau;;;;;;34633
;Oberdorf;;;;;;;Immichenhain;;;;;;34633
;Oberer Kringel;;;;;;;Weißenborn;;;;;;34633
;Olberöder Weg;;;;;;;Schorbach;;;;;;34633
;Ottergasse;;;;;;;Ottrau;;;;;;34633
;Rimbachweg;;;;;;;Görzhain;;;;;;34633
;Rimbergstraße;;;;;;;Görzhain;;;;;;34633
;Sandweg;;;;;;;Weißenborn;;;;;;34633
;Schneidmühle;;;;;;;Kleinropperhausen;;;;;;34633
;Schottenacker;;;;;;;Weißenborn;;;;;;34633
;Schulstraße;;;;;;;Immichenhain;;;;;;34633
;Schulweg;;;;;;;Weißenborn;;;;;;34633
;Sehräcker;;;;;;;Weißenborn;;;;;;34633
;Sportplatzstraße;;;;;;;Immichenhain;;;;;;34633
;Steinmühle;;;;;;;Schorbach;;;;;;34633
;Steinwaldweg;;;;;;;Immichenhain;;;;;;34633
;Uferweg;;;;;;;Görzhain;;;;;;34633
;Unterdorf;;;;;;;Immichenhain;;;;;;34633
;Unterer Kringel;;;;;;;Weißenborn;;;;;;34633
;Vorm Hellwigsholz;;;;;;;Immichenhain;;;;;;34633
;Vorm Loh;;;;;;;Ottrau;;;;;;34633
;Wallwiesenweg;;;;;;;Ottrau;;;;;;34633
;Wiesenweg;;;;;;;Weißenborn;;;;;;34633
;Wilhelm-Schäfer-Str.;;;;;;;Ottrau;;;;;;34633
;Wolfsanger;;;;;;;Immichenhain;;;;;;34633
;Wälzebach;;;;;;;Schorbach;;;;;;34633
;Zum Vogelsgrund;;;;;;;Immichenhain;;;;;;34633
;Zur Kellerecke;;;;;;;Görzhain;;;;;;34633
;Alb.-Schweitzer-Str.;;;;;;;Schrecksbach;;;;;;34637
;Alsfelder Straße;;;;;;;Schrecksbach;;;;;;34637
;Am Bleichplatz;;;;;;;Schrecksbach;;;;;;34637
;Am Festplatz;;;;;;;Röllshausen;;;;;;34637
;Am Haintriesch;;;;;;;Holzburg;;;;;;34637
;Am Langesacker;;;;;;;Röllshausen;;;;;;34637
;Am Metzenberg;;;;;;;Schrecksbach;;;;;;34637
;Am Schönberg;;;;;;;Schönberg;;;;;;34637
;An der Bundesstraße;;;;;;;Röllshausen;;;;;;34637
;An der Gonzenburg;;;;;;;Schrecksbach;;;;;;34637
;An der Schwalm;;;;;;;Röllshausen;;;;;;34637
;An der Trockenbach;;;;;;;Trockenbach;;;;;;34637
;Anspann;;;;;;;Röllshausen;;;;;;34637
;Auf der Länge;;;;;;;Schönberg;;;;;;34637
;Behringstraße;;;;;;;Schrecksbach;;;;;;34637
;Berliner Straße;;;;;;;Schrecksbach;;;;;;34637
;Birkenstraße;;;;;;;Schrecksbach;;;;;;34637
;Borngasse;;;;;;;Schönberg;;;;;;34637
;Breslauer Straße;;;;;;;Schrecksbach;;;;;;34637
;Brieleck;;;;;;;Röllshausen;;;;;;34637
;Brunnenstraße;;;;;;;Holzburg;;;;;;34637
;Brückenhöfe;;;;;;;Schrecksbach;;;;;;34637
;Burgstraße;;;;;;;Holzburg;;;;;;34637
;Eggenhöfe;;;;;;;Schrecksbach;;;;;;34637
;Eichenmühle;;;;;;;Holzburg;;;;;;34637
;Eisenkaut;;;;;;;Röllshausen;;;;;;34637
;Emil-Beithan-Str.;;;;;;;Schrecksbach;;;;;;34637
;Erbensgasse;;;;;;;Röllshausen;;;;;;34637
;Erbesgasse;;;;;;;Schrecksbach;;;;;;34637
;Feldweg;;;;;;;Schrecksbach;;;;;;34637
;Fischbacher Straße;;;;;;;Holzburg;;;;;;34637
;Flutgasse;;;;;;;Röllshausen;;;;;;34637
;Fomelweg;;;;;;;Röllshausen;;;;;;34637
;Furthmühle;;;;;;;Holzburg;;;;;;34637
;Gartenstraße;;;;;;;Schrecksbach;;;;;;34637
;Gassenacker;;;;;;;Röllshausen;;;;;;34637
;Hainackerstraße;;;;;;;Holzburg;;;;;;34637
;Hauptstraße;;;;;;;Holzburg;;;;;;34637
;Heidelbacher Str.;;;;;;;Holzburg;;;;;;34637
;Hochstraße;;;;;;;Holzburg;;;;;;34637
;Hohlweg;;;;;;;Holzburg;;;;;;34637
;Holzburger Straße;;;;;;;Schrecksbach;;;;;;34637
;Honigweg;;;;;;;Salmshausen;;;;;;34637
;Hundsweg;;;;;;;Holzburg;;;;;;34637
;Im Hermesgrund;;;;;;;Schrecksbach;;;;;;34637
;Im Ried;;;;;;;Röllshausen;;;;;;34637
;Im Sand;;;;;;;Röllshausen;;;;;;34637
;Im Wannefeld;;;;;;;Schrecksbach;;;;;;34637
;Immichenhainer Str.;;;;;;;Schrecksbach;;;;;;34637
;In den Hainwiesen;;;;;;;Röllshausen;;;;;;34637
;In der Mühle;;;;;;;Röllshausen;;;;;;34637
;In der Siedlung;;;;;;;Röllshausen;;;;;;34637
;Jahnstraße;;;;;;;Schrecksbach;;;;;;34637
;Karl-Mons-Straße;;;;;;;Röllshausen;;;;;;34637
;Kasseler Straße;;;;;;;Schrecksbach;;;;;;34637
;Kirchstraße;;;;;;;Röllshausen;;;;;;34637
;Kirchweg;;;;;;;Holzburg;;;;;;34637
;Kodenhof;;;;;;;Schrecksbach;;;;;;34637
;Kodenhöfer Weg;;;;;;;Schrecksbach;;;;;;34637
;Kohlrain;;;;;;;Röllshausen;;;;;;34637
;Königsberger Straße;;;;;;;Röllshausen;;;;;;34637
;Landskroner Straße;;;;;;;Schrecksbach;;;;;;34637
;Langesgraben;;;;;;;Röllshausen;;;;;;34637
;Lauersweg;;;;;;;Schrecksbach;;;;;;34637
;Leipziger Straße;;;;;;;Schrecksbach;;;;;;34637
;Losemühle;;;;;;;Schrecksbach;;;;;;34637
;Lustgarten;;;;;;;Schrecksbach;;;;;;34637
;Lönsweg;;;;;;;Schönberg;;;;;;34637
;Merzhäuser Strasse;;;;;;;Röllshausen;;;;;;34637
;Moosrain;;;;;;;Röllshausen;;;;;;34637
;Mühlenrain;;;;;;;Schrecksbach;;;;;;34637
;Mühlenweg;;;;;;;Schrecksbach;;;;;;34637
;Nagelweg;;;;;;;Salmshausen;;;;;;34637
;Neukirchener Str.;;;;;;;Schrecksbach;;;;;;34637
;Pfarrgarten;;;;;;;Röllshausen;;;;;;34637
;Pflichthaus;;;;;;;Schrecksbach;;;;;;34637
;Riebelsdorfer Weg;;;;;;;Röllshausen;;;;;;34637
;Roter Weg;;;;;;;Röllshausen;;;;;;34637
;Röllhausen Hof;;;;;;;Röllshausen;;;;;;34637
;Röllshäuser Straße;;;;;;;Salmshausen;;;;;;34637
;Röthestraße;;;;;;;Schrecksbach;;;;;;34637
;Salmshäuser Straße;;;;;;;Röllshausen;;;;;;34637
;Schrecksbacher Str.;;;;;;;Röllshausen;;;;;;34637
;Schulstraße;;;;;;;Röllshausen;;;;;;34637
;Schulweg;;;;;;;Schrecksbach;;;;;;34637
;Schwalmtalstraße;;;;;;;Röllshausen;;;;;;34637
;Schöne Aussicht;;;;;;;Röllshausen;;;;;;34637
;Sportplatzweg;;;;;;;Röllshausen;;;;;;34637
;Steinberg;;;;;;;Röllshausen;;;;;;34637
;Steinweg;;;;;;;Holzburg;;;;;;34637
;Stettiner Straße;;;;;;;Röllshausen;;;;;;34637
;Sudetenstraße;;;;;;;Röllshausen;;;;;;34637
;Waldhof;;;;;;;Schrecksbach;;;;;;34637
;Wasengärten;;;;;;;Holzburg;;;;;;34637
;Wassergasse;;;;;;;Schrecksbach;;;;;;34637
;Wasserweg;;;;;;;Schrecksbach;;;;;;34637
;Wiesenhof;;;;;;;Röllshausen;;;;;;34637
;Wiesenweg;;;;;;;Röllshausen;;;;;;34637
;Ziegenhainer Straße;;;;;;;Röllshausen;;;;;;34637
;Zum Entenstrauch;;;;;;;Schrecksbach;;;;;;34637
;Zum Igelsrod;;;;;;;Schrecksbach;;;;;;34637
;Zur Kirche;;;;;;;Salmshausen;;;;;;34637
;Alte Straße;;;;;;;Allendorf;;;;;;34613
;Am Gäßchen;;;;;;;Allendorf;;;;;;34613
;Am Ittersbach;;;;;;;Allendorf;;;;;;34613
;Am Rommerscheberg;;;;;;;Allendorf;;;;;;34613
;Am Tanzplatz;;;;;;;Allendorf;;;;;;34613
;An der Kirche;;;;;;;Allendorf;;;;;;34613
;An der Ommelburg;;;;;;;Allendorf;;;;;;34613
;Baumgartenstraße;;;;;;;Allendorf;;;;;;34613
;Blumenauer Str;;;;;;;Allendorf;;;;;;34613
;Bornwiese;;;;;;;Allendorf;;;;;;34613
;Friederike-Mannel-Straße;;;;;;;Allendorf;;;;;;34613
;Gartenweg;;;;;;;Allendorf;;;;;;34613
;Heidecke;;;;;;;Allendorf;;;;;;34613
;Industrieweg;;;;;;;Allendorf;;;;;;34613
;Königstraße;;;;;;;Allendorf;;;;;;34613
;Lacheweg;;;;;;;Allendorf;;;;;;34613
;Lindenweg;;;;;;;Allendorf;;;;;;34613
;Riedstraße;;;;;;;Allendorf;;;;;;34613
;Schwalmweg;;;;;;;Allendorf;;;;;;34613
;Vor der Hardt;;;;;;;Allendorf;;;;;;34613
;Zum Wiesenhof;;;;;;;Allendorf;;;;;;34613
;Zur Landsburg;;;;;;;Allendorf;;;;;;34613
;Am Keil;;;;;;;Ascherode;;;;;;34613
;Am Stück;;;;;;;Ascherode;;;;;;34613
;Am Triesch;;;;;;;Ascherode;;;;;;34613
;Bergacker;;;;;;;Ascherode;;;;;;34613
;Dammweg;;;;;;;Ascherode;;;;;;34613
;Gerstenäcker;;;;;;;Ascherode;;;;;;34613
;Graswiesen;;;;;;;Ascherode;;;;;;34613
;Große Gärten;;;;;;;Ascherode;;;;;;34613
;Im Grund;;;;;;;Ascherode;;;;;;34613
;Kiepacker;;;;;;;Ascherode;;;;;;34613
;Kirchberg;;;;;;;Ascherode;;;;;;34613
;Kirschenäcker;;;;;;;Ascherode;;;;;;34613
;Kirschgarten;;;;;;;Ascherode;;;;;;34613
;Loshäuser Berg;;;;;;;Ascherode;;;;;;34613
;Osterberg;;;;;;;Ascherode;;;;;;34613
;Ransbacher Weg;;;;;;;Ascherode;;;;;;34613
;Rosengarten;;;;;;;Ascherode;;;;;;34613
;Schafhöfer Weg;;;;;;;Ascherode;;;;;;34613
;Schwalmtalstraße;;;;;;;Ascherode;;;;;;34613
;Schwarzer Weg;;;;;;;Ascherode;;;;;;34613
;Teichwiese;;;;;;;Ascherode;;;;;;34613
;Treysaer Str;;;;;;;Ascherode;;;;;;34613
;Zum Hain;;;;;;;Ascherode;;;;;;34613
;Zum Hündchen;;;;;;;Ascherode;;;;;;34613
;Am Roten Berg;;;;;;;Dittershausen;;;;;;34613
;An D Schule;;;;;;;Dittershausen;;;;;;34613
;An den Gärten;;;;;;;Dittershausen;;;;;;34613
;An der Lied;;;;;;;Dittershausen;;;;;;34613
;Elnröder Straße;;;;;;;Dittershausen;;;;;;34613
;Harthblickweg;;;;;;;Dittershausen;;;;;;34613
;Hof Krey;;;;;;;Dittershausen;;;;;;34613
;Kalkweg;;;;;;;Dittershausen;;;;;;34613
;Mühlenweg;;;;;;;Dittershausen;;;;;;34613
;Schlierbacher Str;;;;;;;Dittershausen;;;;;;34613
;Wasserweg;;;;;;;Dittershausen;;;;;;34613
;Zum Grund;;;;;;;Dittershausen;;;;;;34613
;Alte Mengsberger Str;;;;;;;Florshain;;;;;;34613
;Am Gänserasen;;;;;;;Florshain;;;;;;34613
;Am Schulbrunnen;;;;;;;Florshain;;;;;;34613
;Am Teich;;;;;;;Florshain;;;;;;34613
;An den Herrengärten;;;;;;;Florshain;;;;;;34613
;Blütenstraße;;;;;;;Florshain;;;;;;34613
;Borngasse;;;;;;;Florshain;;;;;;34613
;Gartenfeldweg;;;;;;;Florshain;;;;;;34613
;Treysaer Straße;;;;;;;Florshain;;;;;;34613
;Waldstraße;;;;;;;Florshain;;;;;;34613
;Wieraer Weg;;;;;;;Florshain;;;;;;34613
;Zum Lind;;;;;;;Florshain;;;;;;34613
;Alter Pfarrweg;;;;;;;Frankenhain;;;;;;34613
;Am Schulhof;;;;;;;Frankenhain;;;;;;34613
;Am Wassergraben;;;;;;;Frankenhain;;;;;;34613
;Landgr-Karl-Str;;;;;;;Frankenhain;;;;;;34613
;Sachsenhäuser Weg;;;;;;;Frankenhain;;;;;;34613
;Unter der Kirche;;;;;;;Frankenhain;;;;;;34613
;Zum Katzengrund;;;;;;;Frankenhain;;;;;;34613
;Zur Schönen Aussicht;;;;;;;Frankenhain;;;;;;34613
;Am Kirchrain;;;;;;;Michelsberg;;;;;;34613
;Am Walde;;;;;;;Michelsberg;;;;;;34613
;An der Aulenpetsche;;;;;;;Michelsberg;;;;;;34613
;An der Landsburg;;;;;;;Michelsberg;;;;;;34613
;Buchholzstr;;;;;;;Michelsberg;;;;;;34613
;Hintergasse;;;;;;;Michelsberg;;;;;;34613
;Kastanienweg;;;;;;;Michelsberg;;;;;;34613
;Rosenstraße;;;;;;;Michelsberg;;;;;;34613
;Schulweg;;;;;;;Michelsberg;;;;;;34613
;Am Anspann;;;;;;;Niedergrenzebach;;;;;;34613
;Am Dorfbrunnen;;;;;;;Niedergrenzebach;;;;;;34613
;Am Gebind;;;;;;;Niedergrenzebach;;;;;;34613
;Am Graben;;;;;;;Niedergrenzebach;;;;;;34613
;Am Kleinen Feld;;;;;;;Niedergrenzebach;;;;;;34613
;Am Lohberg;;;;;;;Niedergrenzebach;;;;;;34613
;An der Grenzebach;;;;;;;Niedergrenzebach;;;;;;34613
;Bachwiesen;;;;;;;Niedergrenzebach;;;;;;34613
;Backrain;;;;;;;Niedergrenzebach;;;;;;34613
;Backweg;;;;;;;Niedergrenzebach;;;;;;34613
;Brunnenweg;;;;;;;Niedergrenzebach;;;;;;34613
;Forsthaus;;;;;;;Niedergrenzebach;;;;;;34613
;Friedhofsweg;;;;;;;Niedergrenzebach;;;;;;34613
;Hinter den Gärten;;;;;;;Niedergrenzebach;;;;;;34613
;Hohe Eiche;;;;;;;Niedergrenzebach;;;;;;34613
;Kirchweg;;;;;;;Niedergrenzebach;;;;;;34613
;Knüllstraße;;;;;;;Niedergrenzebach;;;;;;34613
;Kottenbergweg;;;;;;;Niedergrenzebach;;;;;;34613
;Krankenhausstr;;;;;;;Niedergrenzebach;;;;;;34613
;Rosenweg;;;;;;;Niedergrenzebach;;;;;;34613
;Rübenweg;;;;;;;Niedergrenzebach;;;;;;34613
;Schmiedegasse;;;;;;;Niedergrenzebach;;;;;;34613
;Schulstraße;;;;;;;Niedergrenzebach;;;;;;34613
;Schönborner Str;;;;;;;Niedergrenzebach;;;;;;34613
;Schützenwaldweg;;;;;;;Niedergrenzebach;;;;;;34613
;Stadtäckerweg;;;;;;;Niedergrenzebach;;;;;;34613
;Steinaer Pfad;;;;;;;Niedergrenzebach;;;;;;34613
;Wiesenweg;;;;;;;Niedergrenzebach;;;;;;34613
;Ziegenhainer Straße;;;;;;;Niedergrenzebach;;;;;;34613
;Zum Bruch;;;;;;;Niedergrenzebach;;;;;;34613
;Zum Storchennest;;;;;;;Niedergrenzebach;;;;;;34613
;Zum Triesch;;;;;;;Niedergrenzebach;;;;;;34613
;Am Heidelberg;;;;;;;Rommershausen;;;;;;34613
;Am Schloßpark;;;;;;;Rommershausen;;;;;;34613
;Am Steinmal;;;;;;;Rommershausen;;;;;;34613
;An der Kirchmauer;;;;;;;Rommershausen;;;;;;34613
;An der Pferdekoppel;;;;;;;Rommershausen;;;;;;34613
;Bahnhofsweg;;;;;;;Rommershausen;;;;;;34613
;Mittelbergsweg;;;;;;;Rommershausen;;;;;;34613
;Obergasse;;;;;;;Rommershausen;;;;;;34613
;Schloßstraße;;;;;;;Rommershausen;;;;;;34613
;Schäfergasse;;;;;;;Rommershausen;;;;;;34613
;Siedlungsstraße;;;;;;;Rommershausen;;;;;;34613
;Talstraße;;;;;;;Rommershausen;;;;;;34613
;Am Hofacker;;;;;;;Rörshain;;;;;;34613
;Am Wäldchen;;;;;;;Rörshain;;;;;;34613
;Bruchgasse;;;;;;;Rörshain;;;;;;34613
;Flachsröste;;;;;;;Rörshain;;;;;;34613
;Hardtmühle;;;;;;;Rörshain;;;;;;34613
;Hinterbergweg;;;;;;;Rörshain;;;;;;34613
;Hirtenweg;;;;;;;Rörshain;;;;;;34613
;Kellerwaldstr;;;;;;;Rörshain;;;;;;34613
;Reuters Ruh;;;;;;;Rörshain;;;;;;34613
;Sonnenblick;;;;;;;Rörshain;;;;;;34613
;Wolfhain-Siedlung;;;;;;;Rörshain;;;;;;34613
;Zeigerichsmühle;;;;;;;Rörshain;;;;;;34613
;Zur Gers;;;;;;;Rörshain;;;;;;34613
;A.-Kappauf-Str.;;;;;;;Treysa;;;;;;34613
;A.-Richstein-Str.;;;;;;;Treysa;;;;;;34613
;Abraham-Höxter-Straße;;;;;;;Treysa;;;;;;34613
;Adam-Martin-Weg;;;;;;;Treysa;;;;;;34613
;Akazienweg;;;;;;;Treysa;;;;;;34613
;Alfred-Giebel-Str;;;;;;;Treysa;;;;;;34613
;Allendorfer Str.;;;;;;;Treysa;;;;;;34613
;Allensteiner Straße;;;;;;;Treysa;;;;;;34613
;Alsfelder Straße;;;;;;;Treysa;;;;;;34613
;Alte Postgasse;;;;;;;Treysa;;;;;;34613
;Alter Bahnhof;;;;;;;Treysa;;;;;;34613
;Am Alten Bassin;;;;;;;Treysa;;;;;;34613
;Am Alten Brunnen;;;;;;;Treysa;;;;;;34613
;Am Alten Feld;;;;;;;Treysa;;;;;;34613
;Am Angel;;;;;;;Treysa;;;;;;34613
;Am Biedenbacher Teich;;;;;;;Treysa;;;;;;34613
;Am Harthberg;;;;;;;Treysa;;;;;;34613
;Am Kalkhaus;;;;;;;Treysa;;;;;;34613
;Am Lindenplatz;;;;;;;Treysa;;;;;;34613
;Am Parkwäldchen;;;;;;;Treysa;;;;;;34613
;Am Roten Born;;;;;;;Treysa;;;;;;34613
;Am Schenkeborn;;;;;;;Treysa;;;;;;34613
;Am Weißen Stein;;;;;;;Treysa;;;;;;34613
;Amselweg;;;;;;;Treysa;;;;;;34613
;An D Stadtmauer;;;;;;;Treysa;;;;;;34613
;An der Lehmenkaute;;;;;;;Treysa;;;;;;34613
;An der Michelsruh;;;;;;;Treysa;;;;;;34613
;Anna-Rang-Straße;;;;;;;Treysa;;;;;;34613
;Apfelgäßchen;;;;;;;Treysa;;;;;;34613
;Ascheröder Straße;;;;;;;Treysa;;;;;;34613
;Asterothstraße;;;;;;;Treysa;;;;;;34613
;Auf der Leith;;;;;;;Treysa;;;;;;34613
;Auf der Metze;;;;;;;Treysa;;;;;;34613
;Auf der Windmühle;;;;;;;Treysa;;;;;;34613
;Aussiger Straße;;;;;;;Treysa;;;;;;34613
;Backgasse;;;;;;;Treysa;;;;;;34613
;Bahnhofstraße;;;;;;;Treysa;;;;;;34613
;Baumbachstraße;;;;;;;Treysa;;;;;;34613
;Bernhard-Märzdorf-Straße;;;;;;;Treysa;;;;;;34613
;Bettelshain;;;;;;;Treysa;;;;;;34613
;Beuthener Straße;;;;;;;Treysa;;;;;;34613
;Bleichgasse;;;;;;;Treysa;;;;;;34613
;Borkener Straße;;;;;;;Treysa;;;;;;34613
;Bornweg;;;;;;;Treysa;;;;;;34613
;Braugasse;;;;;;;Treysa;;;;;;34613
;Breslauer Straße;;;;;;;Treysa;;;;;;34613
;Bromberger Straße;;;;;;;Treysa;;;;;;34613
;Burggasse;;;;;;;Treysa;;;;;;34613
;Danziger Straße;;;;;;;Treysa;;;;;;34613
;Dina-Zöllner-Weg;;;;;;;Treysa;;;;;;34613
;Dittershäuser Str;;;;;;;Treysa;;;;;;34613
;Egerer Straße;;;;;;;Treysa;;;;;;34613
;Eisenwinkelweg;;;;;;;Treysa;;;;;;34613
;Elbinger Straße;;;;;;;Treysa;;;;;;34613
;Elis.-Seitz-Str.;;;;;;;Treysa;;;;;;34613
;Enggasse;;;;;;;Treysa;;;;;;34613
;Erlenweg;;;;;;;Treysa;;;;;;34613
;Ernst-Hohmeyer-Str;;;;;;;Treysa;;;;;;34613
;Finkenweg;;;;;;;Treysa;;;;;;34613
;Frankenberger Weg;;;;;;;Treysa;;;;;;34613
;Frankenhainer Weg;;;;;;;Treysa;;;;;;34613
;Franz-von-Roques-Straße;;;;;;;Treysa;;;;;;34613
;Friedr-Ebert-Str;;;;;;;Treysa;;;;;;34613
;Fritzlarer Str;;;;;;;Treysa;;;;;;34613
;Fuldaer Str;;;;;;;Treysa;;;;;;34613
;Galgerweg;;;;;;;Treysa;;;;;;34613
;Gansau;;;;;;;Treysa;;;;;;34613
;Gebrüder-John-Straße;;;;;;;Treysa;;;;;;34613
;Gleiwitzer Str;;;;;;;Treysa;;;;;;34613
;Glogauer Str;;;;;;;Treysa;;;;;;34613
;Grüner Weg;;;;;;;Treysa;;;;;;34613
;Gumbinner Straße;;;;;;;Treysa;;;;;;34613
;Harthbergring;;;;;;;Treysa;;;;;;34613
;Heidengasse;;;;;;;Treysa;;;;;;34613
;Heinr.-Bachmann-Str.;;;;;;;Treysa;;;;;;34613
;Heinrich-Wiegand-Str;;;;;;;Treysa;;;;;;34613
;Herbstgasse;;;;;;;Treysa;;;;;;34613
;Herm.-Knauel-Str.;;;;;;;Treysa;;;;;;34613
;Hersfelder Straße;;;;;;;Treysa;;;;;;34613
;Hexengäßchen;;;;;;;Treysa;;;;;;34613
;Homberger Weg;;;;;;;Treysa;;;;;;34613
;Horschmühlenweg;;;;;;;Treysa;;;;;;34613
;Hundsgasse;;;;;;;Treysa;;;;;;34613
;Höhenweg;;;;;;;Treysa;;;;;;34613
;Hütterothstraße;;;;;;;Treysa;;;;;;34613
;Im Hutewald;;;;;;;Treysa;;;;;;34613
;In der Aue;;;;;;;Treysa;;;;;;34613
;Industriestraße;;;;;;;Treysa;;;;;;34613
;Jakob-Appel-Str.;;;;;;;Treysa;;;;;;34613
;Johannisgasse;;;;;;;Treysa;;;;;;34613
;Karl-Biskamp-Straße;;;;;;;Treysa;;;;;;34613
;Karl-Ludwig-Str;;;;;;;Treysa;;;;;;34613
;Karl-Zulauf-Straße;;;;;;;Treysa;;;;;;34613
;Karlsbader Str;;;;;;;Treysa;;;;;;34613
;Keilsteg;;;;;;;Treysa;;;;;;34613
;Kirchhainer Str;;;;;;;Treysa;;;;;;34613
;Kirchplatz;;;;;;;Treysa;;;;;;34613
;Klemmestraße;;;;;;;Treysa;;;;;;34613
;Klostergasse;;;;;;;Treysa;;;;;;34613
;Kolberger Str;;;;;;;Treysa;;;;;;34613
;Komotauer Str;;;;;;;Treysa;;;;;;34613
;Korbacher Weg;;;;;;;Treysa;;;;;;34613
;Kreuterstraße;;;;;;;Treysa;;;;;;34613
;Kulenkampweg;;;;;;;Treysa;;;;;;34613
;Königsberger Straße;;;;;;;Treysa;;;;;;34613
;Kösliner Str;;;;;;;Treysa;;;;;;34613
;Lauterbacher Str;;;;;;;Treysa;;;;;;34613
;Leistweg;;;;;;;Treysa;;;;;;34613
;Lerchenweg;;;;;;;Treysa;;;;;;34613
;Liegnitzer Str;;;;;;;Treysa;;;;;;34613
;Ludwig-Brand-Straße;;;;;;;Treysa;;;;;;34613
;Mainzer Gasse;;;;;;;Treysa;;;;;;34613
;Marburger Str;;;;;;;Treysa;;;;;;34613
;Margarete-Weber-Weg;;;;;;;Treysa;;;;;;34613
;Marienburger Str;;;;;;;Treysa;;;;;;34613
;Marktplatz;;;;;;;Treysa;;;;;;34613
;Mauerweg;;;;;;;Treysa;;;;;;34613
;Meisenweg;;;;;;;Treysa;;;;;;34613
;Memeler Str;;;;;;;Treysa;;;;;;34613
;Michelsberger Str;;;;;;;Treysa;;;;;;34613
;Neuer Weg;;;;;;;Treysa;;;;;;34613
;Neukirchener Weg;;;;;;;Treysa;;;;;;34613
;Niedergrenzebacher Str;;;;;;;Treysa;;;;;;34613
;Nordweg;;;;;;;Treysa;;;;;;34613
;Osttangente;;;;;;;Treysa;;;;;;34613
;Ostweg;;;;;;;Treysa;;;;;;34613
;Otto-Kuwilsky-Straße;;;;;;;Treysa;;;;;;34613
;Parkstraße;;;;;;;Treysa;;;;;;34613
;Pestalozzistr;;;;;;;Treysa;;;;;;34613
;Rahmgäßchen;;;;;;;Treysa;;;;;;34613
;Ratsgasse;;;;;;;Treysa;;;;;;34613
;Reichenberger Straße;;;;;;;Treysa;;;;;;34613
;Reinertstraße;;;;;;;Treysa;;;;;;34613
;Richard-Altschul-Straße;;;;;;;Treysa;;;;;;34613
;Roesestraße;;;;;;;Treysa;;;;;;34613
;Rommershäuser Hohle;;;;;;;Treysa;;;;;;34613
;Rosengasse;;;;;;;Treysa;;;;;;34613
;Rudolphsaue;;;;;;;Treysa;;;;;;34613
;Sachsenhäuser Str;;;;;;;Treysa;;;;;;34613
;Sandweg;;;;;;;Treysa;;;;;;34613
;Schefferstraße;;;;;;;Treysa;;;;;;34613
;Schimmelpfengstraße;;;;;;;Treysa;;;;;;34613
;Schuchardstraße;;;;;;;Treysa;;;;;;34613
;Schwalbenweg;;;;;;;Treysa;;;;;;34613
;Schwalmterrasse;;;;;;;Treysa;;;;;;34613
;Schützengäßchen;;;;;;;Treysa;;;;;;34613
;Siebenbürgener Weg;;;;;;;Treysa;;;;;;34613
;Siebertstraße;;;;;;;Treysa;;;;;;34613
;Silberwäldchen;;;;;;;Treysa;;;;;;34613
;Sonnenweg;;;;;;;Treysa;;;;;;34613
;Sportweg;;;;;;;Treysa;;;;;;34613
;Steingasse;;;;;;;Treysa;;;;;;34613
;Steinkautsweg;;;;;;;Treysa;;;;;;34613
;Steinweg;;;;;;;Treysa;;;;;;34613
;Stephanstraße;;;;;;;Treysa;;;;;;34613
;Stettiner Str;;;;;;;Treysa;;;;;;34613
;Strauchgasse;;;;;;;Treysa;;;;;;34613
;Südweg;;;;;;;Treysa;;;;;;34613
;Trutzhainer Str;;;;;;;Treysa;;;;;;34613
;Töpferweg;;;;;;;Treysa;;;;;;34613
;Ulrichsweg;;;;;;;Treysa;;;;;;34613
;Vogelsangweg;;;;;;;Treysa;;;;;;34613
;Wagnergasse;;;;;;;Treysa;;;;;;34613
;Waldemar-Friauf-Straße;;;;;;;Treysa;;;;;;34613
;Walkmühlenweg;;;;;;;Treysa;;;;;;34613
;Wasenberger Str;;;;;;;Treysa;;;;;;34613
;Westweg;;;;;;;Treysa;;;;;;34613
;Weyrauchsweg;;;;;;;Treysa;;;;;;34613
;Wiegelsweg;;;;;;;Treysa;;;;;;34613
;Wierastraße;;;;;;;Treysa;;;;;;34613
;Wildunger Weg;;;;;;;Treysa;;;;;;34613
;Wilhelm-Helwig-Straße;;;;;;;Treysa;;;;;;34613
;Windmühlenweg;;;;;;;Treysa;;;;;;34613
;Ziegenhainer Weg;;;;;;;Treysa;;;;;;34613
;Zimmerplatz;;;;;;;Treysa;;;;;;34613
;Zum Schwalmblick;;;;;;;Treysa;;;;;;34613
;Zwalmstraße;;;;;;;Treysa;;;;;;34613
;Altvaterstraße;;;;;;;Trutzhain;;;;;;34613
;Am Spielplatz;;;;;;;Trutzhain;;;;;;34613
;Badeweg;;;;;;;Trutzhain;;;;;;34613
;Danziger Str;;;;;;;Trutzhain;;;;;;34613
;Egerländer Weg;;;;;;;Trutzhain;;;;;;34613
;Freiwaldauer Str;;;;;;;Trutzhain;;;;;;34613
;Glatzer Straße;;;;;;;Trutzhain;;;;;;34613
;Hauptstraße;;;;;;;Trutzhain;;;;;;34613
;Jahnstraße;;;;;;;Trutzhain;;;;;;34613
;Jägerndorfer Str;;;;;;;Trutzhain;;;;;;34613
;Kohlenstraße;;;;;;;Trutzhain;;;;;;34613
;Kulmer Weg;;;;;;;Trutzhain;;;;;;34613
;Königsberger Str;;;;;;;Trutzhain;;;;;;34613
;Lindewiesener Straße;;;;;;;Trutzhain;;;;;;34613
;Mährisch-Schönberger Str;;;;;;;Trutzhain;;;;;;34613
;Pappelweg;;;;;;;Trutzhain;;;;;;34613
;Posener Straße;;;;;;;Trutzhain;;;;;;34613
;Reichenberger Str;;;;;;;Trutzhain;;;;;;34613
;Reichenberger Weg;;;;;;;Trutzhain;;;;;;34613
;Rheinländer Weg;;;;;;;Trutzhain;;;;;;34613
;Schreiberhauer Straße;;;;;;;Trutzhain;;;;;;34613
;Schweidnitzer Str;;;;;;;Trutzhain;;;;;;34613
;Seilerweg;;;;;;;Trutzhain;;;;;;34613
;Stettiner Str-Th;;;;;;;Trutzhain;;;;;;34613
;Sudetenstraße;;;;;;;Trutzhain;;;;;;34613
;Troppauer Str;;;;;;;Trutzhain;;;;;;34613
;Warthe-Weichsel-Straße;;;;;;;Trutzhain;;;;;;34613
;Weidenhof;;;;;;;Trutzhain;;;;;;34613
;Ziegenhainer Str-Th;;;;;;;Trutzhain;;;;;;34613
;Zwittauer Weg;;;;;;;Trutzhain;;;;;;34613
;Am Albstein;;;;;;;Wiera;;;;;;34613
;Am Berg;;;;;;;Wiera;;;;;;34613
;Am Seng;;;;;;;Wiera;;;;;;34613
;Am Sportplatz;;;;;;;Wiera;;;;;;34613
;Dernmühle;;;;;;;Wiera;;;;;;34613
;Grubenstraße;;;;;;;Wiera;;;;;;34613
;Hohlgraben;;;;;;;Wiera;;;;;;34613
;Hoppebergstraße;;;;;;;Wiera;;;;;;34613
;In den Eichen;;;;;;;Wiera;;;;;;34613
;Lotterberg;;;;;;;Wiera;;;;;;34613
;Mengsberger Str;;;;;;;Wiera;;;;;;34613
;Momberger Str;;;;;;;Wiera;;;;;;34613
;Niederrheinische Str;;;;;;;Wiera;;;;;;34613
;Ringstraße;;;;;;;Wiera;;;;;;34613
;Sandhohle;;;;;;;Wiera;;;;;;34613
;Untergasse;;;;;;;Wiera;;;;;;34613
;Zur Alten Hege;;;;;;;Wiera;;;;;;34613
;Zur Haltestelle;;;;;;;Wiera;;;;;;34613
;Adolf-Lins-Straße;;;;;;;Ziegenhain;;;;;;34613
;Albert-Einstein-Straße;;;;;;;Ziegenhain;;;;;;34613
;Albert-Schweitzer-Straße;;;;;;;Ziegenhain;;;;;;34613
;Am Bunten Bock;;;;;;;Ziegenhain;;;;;;34613
;Am Entenfang;;;;;;;Ziegenhain;;;;;;34613
;Am Entenpiller;;;;;;;Ziegenhain;;;;;;34613
;Am Großen Wallgraben;;;;;;;Ziegenhain;;;;;;34613
;Am Kleinen Wallgraben;;;;;;;Ziegenhain;;;;;;34613
;Am Nordbahnhof;;;;;;;Ziegenhain;;;;;;34613
;Am Weidelbach;;;;;;;Ziegenhain;;;;;;34613
;An D Grenzebach;;;;;;;Ziegenhain;;;;;;34613
;An den Gerichtsbäumen;;;;;;;Ziegenhain;;;;;;34613
;An den Tannen;;;;;;;Ziegenhain;;;;;;34613
;An den Vorratswiesen;;;;;;;Ziegenhain;;;;;;34613
;An der Feuerwache;;;;;;;Ziegenhain;;;;;;34613
;An der Lämmerweide;;;;;;;Ziegenhain;;;;;;34613
;An der Seilbach;;;;;;;Ziegenhain;;;;;;34613
;Ascheröder Str.;;;;;;;Ziegenhain;;;;;;34613
;Aueweg;;;;;;;Ziegenhain;;;;;;34613
;Auf der Kaletsch;;;;;;;Ziegenhain;;;;;;34613
;Auf der Schneidemühle;;;;;;;Ziegenhain;;;;;;34613
;Bei der Tränke;;;;;;;Ziegenhain;;;;;;34613
;Berliner Str;;;;;;;Ziegenhain;;;;;;34613
;Birkenweg;;;;;;;Ziegenhain;;;;;;34613
;Bredastraße;;;;;;;Ziegenhain;;;;;;34613
;Breslauer Str.;;;;;;;Ziegenhain;;;;;;34613
;Brunnengasse;;;;;;;Ziegenhain;;;;;;34613
;Brüder-Grimm-Straße;;;;;;;Ziegenhain;;;;;;34613
;Burgwaldstraße;;;;;;;Ziegenhain;;;;;;34613
;Carl-Bantzer-Str;;;;;;;Ziegenhain;;;;;;34613
;Ditfurthstraße;;;;;;;Ziegenhain;;;;;;34613
;Eduard-Mörike-Straße;;;;;;;Ziegenhain;;;;;;34613
;Eichendorffweg;;;;;;;Ziegenhain;;;;;;34613
;Eisenacher Str;;;;;;;Ziegenhain;;;;;;34613
;Emil-von-Behring-Straße;;;;;;;Ziegenhain;;;;;;34613
;Erich-Rohde-Straße;;;;;;;Ziegenhain;;;;;;34613
;Ernst-Ihle-Str;;;;;;;Ziegenhain;;;;;;34613
;Festungsstraße;;;;;;;Ziegenhain;;;;;;34613
;Fünftenweg;;;;;;;Ziegenhain;;;;;;34613
;Gartenstraße;;;;;;;Ziegenhain;;;;;;34613
;Gothaer Straße;;;;;;;Ziegenhain;;;;;;34613
;Hans-Christian-Andersen-Straße;;;;;;;Ziegenhain;;;;;;34613
;Heinrich-von-Kleist-Straße;;;;;;;Ziegenhain;;;;;;34613
;Hessenallee;;;;;;;Ziegenhain;;;;;;34613
;Holzgraben;;;;;;;Ziegenhain;;;;;;34613
;Im Hain;;;;;;;Ziegenhain;;;;;;34613
;In den Auewiesen;;;;;;;Ziegenhain;;;;;;34613
;Jenaer Straße;;;;;;;Ziegenhain;;;;;;34613
;Joh.-Gottfried-Seume-Str.;;;;;;;Ziegenhain;;;;;;34613
;Junker-Hoose-Str;;;;;;;Ziegenhain;;;;;;34613
;Kasseler Straße;;;;;;;Ziegenhain;;;;;;34613
;Kirchgasse;;;;;;;Ziegenhain;;;;;;34613
;Kornhausstraße;;;;;;;Ziegenhain;;;;;;34613
;Krankenhausstr-Z;;;;;;;Ziegenhain;;;;;;34613
;Königsberger Str-Z;;;;;;;Ziegenhain;;;;;;34613
;Landgr-Phil-Str;;;;;;;Ziegenhain;;;;;;34613
;Landsburgstraße;;;;;;;Ziegenhain;;;;;;34613
;Loriolstraße;;;;;;;Ziegenhain;;;;;;34613
;Loshäuser Weg;;;;;;;Ziegenhain;;;;;;34613
;Lüdertor;;;;;;;Ziegenhain;;;;;;34613
;Moldauweg;;;;;;;Ziegenhain;;;;;;34613
;Muhlystraße;;;;;;;Ziegenhain;;;;;;34613
;Neustädter Straße;;;;;;;Ziegenhain;;;;;;34613
;Paradeplatz;;;;;;;Ziegenhain;;;;;;34613
;Paul-Ehrlich-Straße;;;;;;;Ziegenhain;;;;;;34613
;Pommernweg;;;;;;;Ziegenhain;;;;;;34613
;Ratsgäßchen;;;;;;;Ziegenhain;;;;;;34613
;Ringweg;;;;;;;Ziegenhain;;;;;;34613
;Robert-Koch-Straße;;;;;;;Ziegenhain;;;;;;34613
;Rudolf-Diesel-Straße;;;;;;;Ziegenhain;;;;;;34613
;Rörshainer Weg;;;;;;;Ziegenhain;;;;;;34613
;Saure Wiesen;;;;;;;Ziegenhain;;;;;;34613
;Schlesische Str;;;;;;;Ziegenhain;;;;;;34613
;Schmalkaldener Str;;;;;;;Ziegenhain;;;;;;34613
;Schützenwald;;;;;;;Ziegenhain;;;;;;34613
;Sonneberger Str;;;;;;;Ziegenhain;;;;;;34613
;Steinbühlweg;;;;;;;Ziegenhain;;;;;;34613
;Stockwiesen;;;;;;;Ziegenhain;;;;;;34613
;Sudetenstraße-Z;;;;;;;Ziegenhain;;;;;;34613
;Thüringer Straße;;;;;;;Ziegenhain;;;;;;34613
;Tilsiter Straße;;;;;;;Ziegenhain;;;;;;34613
;Treysaer Str-Z;;;;;;;Ziegenhain;;;;;;34613
;Ulrichsteiner Weg;;;;;;;Ziegenhain;;;;;;34613
;Wartburgstraße;;;;;;;Ziegenhain;;;;;;34613
;Wegebach;;;;;;;Ziegenhain;;;;;;34613
;Weichaus;;;;;;;Ziegenhain;;;;;;34613
;Weimarer Straße;;;;;;;Ziegenhain;;;;;;34613
;Wiederholdstraße;;;;;;;Ziegenhain;;;;;;34613
;Wilh.-Conrad-Röntgen-Str.;;;;;;;Ziegenhain;;;;;;34613
;Wilhelm-Busch-Straße;;;;;;;Ziegenhain;;;;;;34613
;Wilhelm-Hauff-Straße;;;;;;;Ziegenhain;;;;;;34613
;Wilhelm-Thielmann-Str;;;;;;;Ziegenhain;;;;;;34613
;Wolfgang-Zeller-Str;;;;;;;Ziegenhain;;;;;;34613
;Zeughof;;;;;;;Ziegenhain;;;;;;34613
;Zur Langen Hecke;;;;;;;Ziegenhain;;;;;;34613
;Zur Schanze;;;;;;;Ziegenhain;;;;;;34613
;Am Alten Tor;;;;;;;Schwarzenborn;;;;;;34639
;Am Berg;;;;;;;Grebenhagen;;;;;;34639
;Am Hommelsberg;;;;;;;Schwarzenborn;;;;;;34639
;Am Knüll;;;;;;;Schwarzenborn;;;;;;34639
;Am Knüllteich;;;;;;;Schwarzenborn;;;;;;34639
;Am Neuen Tor;;;;;;;Schwarzenborn;;;;;;34639
;Am Sonnenhang;;;;;;;Schwarzenborn;;;;;;34639
;Am Spielplatz;;;;;;;Grebenhagen;;;;;;34639
;Amselweg;;;;;;;Schwarzenborn;;;;;;34639
;An den weiten Stöcken;;;;;;;Schwarzenborn;;;;;;34639
;Buchenweg;;;;;;;Schwarzenborn;;;;;;34639
;Eichenweg;;;;;;;Schwarzenborn;;;;;;34639
;Erlenweg;;;;;;;Schwarzenborn;;;;;;34639
;Eselsweg;;;;;;;Schwarzenborn;;;;;;34639
;Forsthausstraße;;;;;;;Schwarzenborn;;;;;;34639
;Fried.-Wilhelm-Bogler Str;;;;;;;Schwarzenborn;;;;;;34639
;Friedhofsweg;;;;;;;Schwarzenborn;;;;;;34639
;Gartenstraße;;;;;;;Schwarzenborn;;;;;;34639
;Gut Kämmershagen;;;;;;;Schwarzenborn;;;;;;34639
;Gäßchen;;;;;;;Schwarzenborn;;;;;;34639
;Hauptstraße;;;;;;;Grebenhagen;;;;;;34639
;Haus Windecke;;;;;;;Schwarzenborn;;;;;;34639
;Hinter den Gärten;;;;;;;Grebenhagen;;;;;;34639
;Hintergasse;;;;;;;Schwarzenborn;;;;;;34639
;Hof Richberg;;;;;;;Schwarzenborn;;;;;;34639
;Im Stift;;;;;;;Grebenhagen;;;;;;34639
;In den Anlagen;;;;;;;Schwarzenborn;;;;;;34639
;Kirchgasse;;;;;;;Schwarzenborn;;;;;;34639
;Kirchweg;;;;;;;Grebenhagen;;;;;;34639
;Laubenweg;;;;;;;Schwarzenborn;;;;;;34639
;Lindenweg;;;;;;;Schwarzenborn;;;;;;34639
;Marktgasse;;;;;;;Schwarzenborn;;;;;;34639
;Marktplatz;;;;;;;Schwarzenborn;;;;;;34639
;Mühlbergweg;;;;;;;Grebenhagen;;;;;;34639
;Neue Straße;;;;;;;Schwarzenborn;;;;;;34639
;Neukirchener Straße;;;;;;;Schwarzenborn;;;;;;34639
;Oberaulaer Straße;;;;;;;Schwarzenborn;;;;;;34639
;Oberstadt;;;;;;;Schwarzenborn;;;;;;34639
;Richbergstraße;;;;;;;Schwarzenborn;;;;;;34639
;Rosenweg;;;;;;;Grebenhagen;;;;;;34639
;Salzberger Straße;;;;;;;Grebenhagen;;;;;;34639
;Sandweg;;;;;;;Schwarzenborn;;;;;;34639
;Schulstraße;;;;;;;Schwarzenborn;;;;;;34639
;Schöne Aussicht;;;;;;;Schwarzenborn;;;;;;34639
;Semmelmühle;;;;;;;Grebenhagen;;;;;;34639
;Steingasse;;;;;;;Schwarzenborn;;;;;;34639
;Steinkreuzweg;;;;;;;Schwarzenborn;;;;;;34639
;Störmerswiesen;;;;;;;Schwarzenborn;;;;;;34639
;Söhreweg;;;;;;;Schwarzenborn;;;;;;34639
;Triftweg;;;;;;;Schwarzenborn;;;;;;34639
;Unterstadt;;;;;;;Schwarzenborn;;;;;;34639
;Weymerod;;;;;;;Schwarzenborn;;;;;;34639
;Zahnsberghof;;;;;;;Grebenhagen;;;;;;34639
;Zu den Winkelwiesen;;;;;;;Schwarzenborn;;;;;;34639
;Alte Straße;;;;;;;Bergheim;;;;;;34286
;Neue Straße;;;;;;;Bergheim;;;;;;34286
;Eubacher Straße;;;;;;;Bergheim;;;;;;34286
;Gernsweg;;;;;;;Bergheim;;;;;;34286
;Grundweg;;;;;;;Bergheim;;;;;;34286
;Höhenweg;;;;;;;Bergheim;;;;;;34286
;Kosberg;;;;;;;Bergheim;;;;;;34286
;Küsterweg;;;;;;;Bergheim;;;;;;34286
;Lerchenweg;;;;;;;Bergheim;;;;;;34286
;Müllersweg;;;;;;;Bergheim;;;;;;34286
;Neuendorfer Straße;;;;;;;Bergheim;;;;;;34286
;Nussgasse;;;;;;;Bergheim;;;;;;34286
;Zur Tanne;;;;;;;Bergheim;;;;;;34286
;Am Ziegenrück;;;;;;;Bergheim;;;;;;34286
;Aueblick;;;;;;;Bergheim;;;;;;34286
;Aueweg;;;;;;;Bergheim;;;;;;34286
;Am Finkelsrain;;;;;;;Bischofferode;;;;;;34286
;Buchenstraße;;;;;;;Bischofferode;;;;;;34286
;Dorfstraße;;;;;;;Bischofferode;;;;;;34286
;Zur Muschel;;;;;;;Bischofferode;;;;;;34286
;Im Labbach;;;;;;;Bischofferode;;;;;;34286
;Im Teichfeld;;;;;;;Bischofferode;;;;;;34286
;Weidelbacher Straße;;;;;;;Bischofferode;;;;;;34286
;Hinter den Höfen;;;;;;;Bischofferode;;;;;;34286
;Blaubach Elbersdorf;;;;;;;Elbersdorf;;;;;;34286
;Höhle;;;;;;;Elbersdorf;;;;;;34286
;Brückenstraße;;;;;;;Elbersdorf;;;;;;34286
;Dorfplatz;;;;;;;Elbersdorf;;;;;;34286
;Goldbachstraße;;;;;;;Elbersdorf;;;;;;34286
;Goldbachwiesenstr.;;;;;;;Elbersdorf;;;;;;34286
;Grüne Str.Elbersd.;;;;;;;Elbersdorf;;;;;;34286
;Heil;;;;;;;Elbersdorf;;;;;;34286
;Hellerbachstraße;;;;;;;Elbersdorf;;;;;;34286
;Jagdhaus Rosenberg;;;;;;;Elbersdorf;;;;;;34286
;Kaltenbacher Straße;;;;;;;Elbersdorf;;;;;;34286
;Kirchhofer Straße;;;;;;;Elbersdorf;;;;;;34286
;Oberdorf;;;;;;;Elbersdorf;;;;;;34286
;Oberer Schleifrain;;;;;;;Elbersdorf;;;;;;34286
;Rollbach;;;;;;;Elbersdorf;;;;;;34286
;Rosestraße;;;;;;;Elbersdorf;;;;;;34286
;Röthestraße;;;;;;;Elbersdorf;;;;;;34286
;Rottheil;;;;;;;Elbersdorf;;;;;;34286
;Schleifrainstraße;;;;;;;Elbersdorf;;;;;;34286
;Steinweg;;;;;;;Elbersdorf;;;;;;34286
;Unter dem Heil;;;;;;;Elbersdorf;;;;;;34286
;Unterer Rollbach;;;;;;;Elbersdorf;;;;;;34286
;Zum Rosenberg;;;;;;;Elbersdorf;;;;;;34286
;Zur Schönen Aussicht;;;;;;;Elbersdorf;;;;;;34286
;Sportplatzstraße;;;;;;;Elbersdorf;;;;;;34286
;Auf der Röthe;;;;;;;Elbersdorf;;;;;;34286
;Breslauer Straße;;;;;;;Elbersdorf;;;;;;34286
;Erbengrundstraße;;;;;;;Herlefeld;;;;;;34286
;Fischbachstraße;;;;;;;Herlefeld;;;;;;34286
;Höllgrabenstraße;;;;;;;Herlefeld;;;;;;34286
;Kümmelgasse;;;;;;;Herlefeld;;;;;;34286
;Mühlenstraße;;;;;;;Herlefeld;;;;;;34286
;Wendeweg;;;;;;;Herlefeld;;;;;;34286
;Rotenburger Weg;;;;;;;Herlefeld;;;;;;34286
;Sandstraße;;;;;;;Herlefeld;;;;;;34286
;Stölzinger Straße;;;;;;;Herlefeld;;;;;;34286
;Struthweg;;;;;;;Herlefeld;;;;;;34286
;Weingartenstraße;;;;;;;Herlefeld;;;;;;34286
;Oberguder Straße;;;;;;;Herlefeld;;;;;;34286
;Am Wall;;;;;;;Landefeld;;;;;;34286
;An der Lande;;;;;;;Landefeld;;;;;;34286
;Ellenbachstraße;;;;;;;Landefeld;;;;;;34286
;Zum Steinbach;;;;;;;Landefeld;;;;;;34286
;Metzebacher Straße;;;;;;;Landefeld;;;;;;34286
;Zum Eiberg;;;;;;;Landefeld;;;;;;34286
;Zum Hasenkopf;;;;;;;Landefeld;;;;;;34286
;Im Gründchen;;;;;;;Landefeld;;;;;;34286
;Am Lindeberg;;;;;;;Metzebach;;;;;;34286
;Am Mühlberg;;;;;;;Metzebach;;;;;;34286
;Am Sonnenhang;;;;;;;Metzebach;;;;;;34286
;Gudeweg;;;;;;;Metzebach;;;;;;34286
;Kirschweg;;;;;;;Metzebach;;;;;;34286
;Knobelsweg;;;;;;;Metzebach;;;;;;34286
;Brunnenstraße;;;;;;;Metzebach;;;;;;34286
;Alter Haltepunkt;;;;;;;Mörshausen;;;;;;34286
;Am Brühbach;;;;;;;Mörshausen;;;;;;34286
;Auf dem Stein;;;;;;;Mörshausen;;;;;;34286
;Hauptstraße;;;;;;;Mörshausen;;;;;;34286
;Zum Schöneberg;;;;;;;Mörshausen;;;;;;34286
;Neuer Weg;;;;;;;Mörshausen;;;;;;34286
;Pfarrstraße;;;;;;;Mörshausen;;;;;;34286
;Wiesenweg;;;;;;;Mörshausen;;;;;;34286
;Wildsbergstraße;;;;;;;Mörshausen;;;;;;34286
;Lindenstraße;;;;;;;Mörshausen;;;;;;34286
;Alheimer Straße;;;;;;;Nausis;;;;;;34286
;Kirchberg;;;;;;;Nausis;;;;;;34286
;Bornacker;;;;;;;Nausis;;;;;;34286
;Zum Pfieffer Berg;;;;;;;Nausis;;;;;;34286
;Landestraße;;;;;;;Nausis;;;;;;34286
;Sandgrabenstraße;;;;;;;Nausis;;;;;;34286
;Tannenweg;;;;;;;Nausis;;;;;;34286
;Landefelder Weg;;;;;;;Nausis;;;;;;34286
;Adam-Schenk-Straße;;;;;;;Ortsteil 1;;;;;;34286
;Am Steinkopf;;;;;;;Ortsteil 1;;;;;;34286
;Am Galgenberg;;;;;;;Ortsteil 1;;;;;;34286
;Am Schartenberg;;;;;;;Ortsteil 1;;;;;;34286
;Am Schloßberg;;;;;;;Ortsteil 1;;;;;;34286
;Am Steinbruch;;;;;;;Ortsteil 1;;;;;;34286
;Am Wäscheborn;;;;;;;Ortsteil 1;;;;;;34286
;Am Bahnhof;;;;;;;Ortsteil 1;;;;;;34286
;Bahnhofstraße;;;;;;;Ortsteil 1;;;;;;34286
;Berliner Straße;;;;;;;Ortsteil 1;;;;;;34286
;Dörnbach;;;;;;;Ortsteil 1;;;;;;34286
;Esseweg;;;;;;;Ortsteil 1;;;;;;34286
;Fliederweg;;;;;;;Ortsteil 1;;;;;;34286
;Gartenstraße;;;;;;;Ortsteil 1;;;;;;34286
;Gemeindeberg;;;;;;;Ortsteil 1;;;;;;34286
;Hch.-Bender-Straße;;;;;;;Ortsteil 1;;;;;;34286
;Jägerstraße;;;;;;;Ortsteil 1;;;;;;34286
;Jahnstraße;;;;;;;Ortsteil 1;;;;;;34286
;Kapellenmüllerweg;;;;;;;Ortsteil 1;;;;;;34286
;Kirchwiesenbogen;;;;;;;Ortsteil 1;;;;;;34286
;Klosterstraße;;;;;;;Ortsteil 1;;;;;;34286
;Lilienweg;;;;;;;Ortsteil 1;;;;;;34286
;Lochmühle;;;;;;;Ortsteil 1;;;;;;34286
;L.-Salzmann-Straße;;;;;;;Ortsteil 1;;;;;;34286
;Malsbergstraße;;;;;;;Ortsteil 1;;;;;;34286
;Melsunger Straße;;;;;;;Ortsteil 1;;;;;;34286
;Morscher Weg;;;;;;;Ortsteil 1;;;;;;34286
;Platzgasse;;;;;;;Ortsteil 1;;;;;;34286
;Schafgasse;;;;;;;Ortsteil 1;;;;;;34286
;Teichberg;;;;;;;Ortsteil 1;;;;;;34286
;Tulpenweg;;;;;;;Ortsteil 1;;;;;;34286
;Verladestraße;;;;;;;Ortsteil 1;;;;;;34286
;Von-Müldner-Straße;;;;;;;Ortsteil 1;;;;;;34286
;Waldstraße;;;;;;;Ortsteil 1;;;;;;34286
;Zum Giersgrund;;;;;;;Ortsteil 1;;;;;;34286
;Zum Großen Stein;;;;;;;Ortsteil 1;;;;;;34286
;An der Körsche;;;;;;;Ortsteil 1;;;;;;34286
;Heideweg;;;;;;;Ortsteil 1;;;;;;34286
;Nelkenweg;;;;;;;Ortsteil 1;;;;;;34286
;Heinrich-Stein-Straße;;;;;;;Ortsteil 1;;;;;;34286
;Mörshäuser Weg;;;;;;;Ortsteil 1;;;;;;34286
;Bergheimer Straße;;;;;;;Ortsteil 1;;;;;;34286
;Blaubach;;;;;;;Ortsteil 1;;;;;;34286
;Grüne Straße;;;;;;;Ortsteil 2;;;;;;34286
;Am Hang;;;;;;;Ortsteil 2;;;;;;34286
;Am Herrenland;;;;;;;Ortsteil 2;;;;;;34286
;Am Liebenbach;;;;;;;Ortsteil 2;;;;;;34286
;Auf der Lehmkaute;;;;;;;Ortsteil 2;;;;;;34286
;Amselweg;;;;;;;Ortsteil 2;;;;;;34286
;Bädergasse;;;;;;;Ortsteil 2;;;;;;34286
;Beieröde;;;;;;;Ortsteil 2;;;;;;34286
;Bergstraße;;;;;;;Ortsteil 2;;;;;;34286
;Brauhausplatz;;;;;;;Ortsteil 2;;;;;;34286
;Burgsitz;;;;;;;Ortsteil 2;;;;;;34286
;Burgstraße;;;;;;;Ortsteil 2;;;;;;34286
;Finkenweg;;;;;;;Ortsteil 2;;;;;;34286
;Frühmessergasse;;;;;;;Ortsteil 2;;;;;;34286
;Glasebachweg;;;;;;;Ortsteil 2;;;;;;34286
;Gut Halbersdorf;;;;;;;Ortsteil 2;;;;;;34286
;Haingasse;;;;;;;Ortsteil 2;;;;;;34286
;Heiliges Kreuz;;;;;;;Ortsteil 2;;;;;;34286
;Hinter der Mauer;;;;;;;Ortsteil 2;;;;;;34286
;In der Schloßdelle;;;;;;;Ortsteil 2;;;;;;34286
;Kirchplatz;;;;;;;Ortsteil 2;;;;;;34286
;Lammbergsweg;;;;;;;Ortsteil 2;;;;;;34286
;Lange Gasse;;;;;;;Ortsteil 2;;;;;;34286
;Liebenbachstraße;;;;;;;Ortsteil 2;;;;;;34286
;Lochhofsweg;;;;;;;Ortsteil 2;;;;;;34286
;Marktplatz;;;;;;;Ortsteil 2;;;;;;34286
;Mittelgasse;;;;;;;Ortsteil 2;;;;;;34286
;Neustadt;;;;;;;Ortsteil 2;;;;;;34286
;Obergasse;;;;;;;Ortsteil 2;;;;;;34286
;Oberhain;;;;;;;Ortsteil 2;;;;;;34286
;Pfieffer Straße;;;;;;;Ortsteil 2;;;;;;34286
;Rathausstraße;;;;;;;Ortsteil 2;;;;;;34286
;Scheideweg;;;;;;;Ortsteil 2;;;;;;34286
;Schnellröder Straße;;;;;;;Ortsteil 2;;;;;;34286
;Schöffhöfen;;;;;;;Ortsteil 2;;;;;;34286
;Schloß;;;;;;;Ortsteil 2;;;;;;34286
;Untergasse;;;;;;;Ortsteil 2;;;;;;34286
;Unterhain;;;;;;;Ortsteil 2;;;;;;34286
;Zum Schloß;;;;;;;Ortsteil 2;;;;;;34286
;Forsth. Lammberg;;;;;;;Ortsteil 2;;;;;;34286
;Karl-Engelhardt-Straße;;;;;;;Ortsteil 2;;;;;;34286
;Am Bromsberg;;;;;;;Ortsteil 2;;;;;;34286
;Am Pfaffenbach;;;;;;;Pfieffe;;;;;;34286
;Zum Alten Bahnhof;;;;;;;Pfieffe;;;;;;34286
;Birkenstraße;;;;;;;Pfieffe;;;;;;34286
;Fichtenweg;;;;;;;Pfieffe;;;;;;34286
;Forsthausstraße;;;;;;;Pfieffe;;;;;;34286
;Heckenrain;;;;;;;Pfieffe;;;;;;34286
;Heisterstraße;;;;;;;Pfieffe;;;;;;34286
;Im Kesselgraben;;;;;;;Pfieffe;;;;;;34286
;Klaushof;;;;;;;Pfieffe;;;;;;34286
;Klaushofsweg;;;;;;;Pfieffe;;;;;;34286
;Märzgasse;;;;;;;Pfieffe;;;;;;34286
;Moseweg;;;;;;;Pfieffe;;;;;;34286
;Nausiser Straße;;;;;;;Pfieffe;;;;;;34286
;Poststraße;;;;;;;Pfieffe;;;;;;34286
;Schrebergärten;;;;;;;Pfieffe;;;;;;34286
;Schulstraße;;;;;;;Pfieffe;;;;;;34286
;Städterain;;;;;;;Pfieffe;;;;;;34286
;Waldkappler Straße;;;;;;;Pfieffe;;;;;;34286
;Weißenburgstraße;;;;;;;Pfieffe;;;;;;34286
;Zur Schrecke;;;;;;;Pfieffe;;;;;;34286
;Am Wehr;;;;;;;Pfieffe;;;;;;34286
;Am Alten Graben;;;;;;;Schnellrode;;;;;;34286
;Am Erlenborn;;;;;;;Schnellrode;;;;;;34286
;Am Hilgen Hof;;;;;;;Schnellrode;;;;;;34286
;Am Ziegenberg;;;;;;;Schnellrode;;;;;;34286
;Auf dem Scharfen;;;;;;;Schnellrode;;;;;;34286
;Auf dem Lohe;;;;;;;Schnellrode;;;;;;34286
;Im Tal;;;;;;;Schnellrode;;;;;;34286
;In der Gasse;;;;;;;Schnellrode;;;;;;34286
;Spangenberger Str.;;;;;;;Schnellrode;;;;;;34286
;Zum Laudenberg;;;;;;;Schnellrode;;;;;;34286
;Zum Schönfeld;;;;;;;Schnellrode;;;;;;34286
;Iberg;;;;;;;Schnellrode;;;;;;34286
;An der Vocke;;;;;;;Vockerode-Dinkelberg;;;;;;34286
;Bachweg;;;;;;;Vockerode-Dinkelberg;;;;;;34286
;Dinkelberger Straße;;;;;;;Vockerode-Dinkelberg;;;;;;34286
;Zum Jägerborn;;;;;;;Vockerode-Dinkelberg;;;;;;34286
;Wickersröder Straße;;;;;;;Vockerode-Dinkelberg;;;;;;34286
;Zur Eselsdelle;;;;;;;Vockerode-Dinkelberg;;;;;;34286
;Zur Hainbuche;;;;;;;Vockerode-Dinkelberg;;;;;;34286
;In der Ecke;;;;;;;Vockerode-Dinkelberg;;;;;;34286
;Am Berg;;;;;;;Weidelbach;;;;;;34286
;Am Steinberg;;;;;;;Weidelbach;;;;;;34286
;Bischofferöder Str.;;;;;;;Weidelbach;;;;;;34286
;Fasanenweg;;;;;;;Weidelbach;;;;;;34286
;Pflichthaus;;;;;;;Weidelbach;;;;;;34286
;Torhof;;;;;;;Weidelbach;;;;;;34286
;Tränkeweg;;;;;;;Weidelbach;;;;;;34286
;Vockenbergsweg;;;;;;;Weidelbach;;;;;;34286
;Kirchweg;;;;;;;Weidelbach;;;;;;34286
;Adamsweg;;;;;;;Wabern;;;;;;34590
;Ahornweg;;;;;;;Wabern;;;;;;34590
;Alsfelder Straße;;;;;;;Wabern;;;;;;34590
;Alte Kasseler Straße;;;;;;;Wabern;;;;;;34590
;Alte Linde;;;;;;;Wabern;;;;;;34590
;Am Althausgarten;;;;;;;Wabern;;;;;;34590
;Am Backhaus;;;;;;;Wabern;;;;;;34590
;Am Berg;;;;;;;Wabern;;;;;;34590
;Am Brudersrain;;;;;;;Wabern;;;;;;34590
;Am Bösel;;;;;;;Wabern;;;;;;34590
;Am Eck;;;;;;;Wabern;;;;;;34590
;Am Feldgarten;;;;;;;Wabern;;;;;;34590
;Am Gerngarten;;;;;;;Wabern;;;;;;34590
;Am Goldacker;;;;;;;Wabern;;;;;;34590
;Am Gänsemarkt;;;;;;;Wabern;;;;;;34590
;Am Hang;;;;;;;Wabern;;;;;;34590
;Am Hofacker;;;;;;;Wabern;;;;;;34590
;Am Markt;;;;;;;Wabern;;;;;;34590
;Am Otlenacker;;;;;;;Wabern;;;;;;34590
;Am Rain;;;;;;;Wabern;;;;;;34590
;Am Raingarten;;;;;;;Wabern;;;;;;34590
;Am Schlossberg;;;;;;;Wabern;;;;;;34590
;Am Schlossgarten;;;;;;;Wabern;;;;;;34590
;Am Siechen;;;;;;;Wabern;;;;;;34590
;Am Sportplatz;;;;;;;Wabern;;;;;;34590
;Am Weinberg;;;;;;;Wabern;;;;;;34590
;Amselweg;;;;;;;Wabern;;;;;;34590
;An den Gärten;;;;;;;Wabern;;;;;;34590
;An der Kirche;;;;;;;Wabern;;;;;;34590
;An der Lehmgrube;;;;;;;Wabern;;;;;;34590
;Asternweg;;;;;;;Wabern;;;;;;34590
;Auerhahnweg;;;;;;;Wabern;;;;;;34590
;Aueweg;;;;;;;Wabern;;;;;;34590
;Auf dem Kreuz;;;;;;;Wabern;;;;;;34590
;Auf den Stämmen;;;;;;;Wabern;;;;;;34590
;Auf der Teichwiese;;;;;;;Wabern;;;;;;34590
;Aussiedlerhoefe;;;;;;;Wabern;;;;;;34590
;Aussiger Straße;;;;;;;Wabern;;;;;;34590
;Bachstraße;;;;;;;Wabern;;;;;;34590
;Bahnhofstraße;;;;;;;Wabern;;;;;;34590
;Bammesweg;;;;;;;Wabern;;;;;;34590
;Bauerngasse;;;;;;;Wabern;;;;;;34590
;Bergstraße;;;;;;;Wabern;;;;;;34590
;Berliner Straße;;;;;;;Wabern;;;;;;34590
;Bindeweg;;;;;;;Wabern;;;;;;34590
;Birkenweg;;;;;;;Wabern;;;;;;34590
;Bleichweg;;;;;;;Wabern;;;;;;34590
;Blumenweg;;;;;;;Wabern;;;;;;34590
;Borkener Ring;;;;;;;Wabern;;;;;;34590
;Bornstraße;;;;;;;Wabern;;;;;;34590
;Breslauer Straße;;;;;;;Wabern;;;;;;34590
;Brunnenweg;;;;;;;Wabern;;;;;;34590
;Brückenhaus;;;;;;;Wabern;;;;;;34590
;Buchenweg;;;;;;;Wabern;;;;;;34590
;Burgweg;;;;;;;Wabern;;;;;;34590
;Cappeler Straße;;;;;;;Wabern;;;;;;34590
;Chattenstraße;;;;;;;Wabern;;;;;;34590
;Christgasse;;;;;;;Wabern;;;;;;34590
;Drosselweg;;;;;;;Wabern;;;;;;34590
;Eckernweg;;;;;;;Wabern;;;;;;34590
;Ederweg;;;;;;;Wabern;;;;;;34590
;Efzestraße;;;;;;;Wabern;;;;;;34590
;Efzeweg;;;;;;;Wabern;;;;;;34590
;Eichenweg;;;;;;;Wabern;;;;;;34590
;Eisfeld;;;;;;;Wabern;;;;;;34590
;Elsterweg;;;;;;;Wabern;;;;;;34590
;Enge Gasse;;;;;;;Wabern;;;;;;34590
;Engelstraße;;;;;;;Wabern;;;;;;34590
;Eschenweg;;;;;;;Wabern;;;;;;34590
;Falkenberger Strasse;;;;;;;Wabern;;;;;;34590
;Falkenhöhe;;;;;;;Wabern;;;;;;34590
;Fasanenweg;;;;;;;Wabern;;;;;;34590
;Felsberger Strasse;;;;;;;Wabern;;;;;;34590
;Fichtenweg;;;;;;;Wabern;;;;;;34590
;Finkenweg;;;;;;;Wabern;;;;;;34590
;Fliederweg;;;;;;;Wabern;;;;;;34590
;Flurweg;;;;;;;Wabern;;;;;;34590
;Forststrasse;;;;;;;Wabern;;;;;;34590
;Frankfurter Strasse;;;;;;;Wabern;;;;;;34590
;Friedensstrasse;;;;;;;Wabern;;;;;;34590
;Friedhofsweg;;;;;;;Wabern;;;;;;34590
;Frielendorfer Str;;;;;;;Wabern;;;;;;34590
;Fritzlarer Str;;;;;;;Wabern;;;;;;34590
;Gartenstrasse;;;;;;;Wabern;;;;;;34590
;Gensunger Straße;;;;;;;Wabern;;;;;;34590
;Ginsterweg;;;;;;;Wabern;;;;;;34590
;Gippes;;;;;;;Wabern;;;;;;34590
;Glockengasse;;;;;;;Wabern;;;;;;34590
;Griesweg;;;;;;;Wabern;;;;;;34590
;Großenengliser Straße;;;;;;;Wabern;;;;;;34590
;Gruener Weg;;;;;;;Wabern;;;;;;34590
;Grünhof;;;;;;;Wabern;;;;;;34590
;Gumpertstrasse;;;;;;;Wabern;;;;;;34590
;Harler Muehle;;;;;;;Wabern;;;;;;34590
;Harler Weg;;;;;;;Wabern;;;;;;34590
;Hauptstrasse;;;;;;;Wabern;;;;;;34590
;Hebeler Weg;;;;;;;Wabern;;;;;;34590
;Heckenrosenweg;;;;;;;Wabern;;;;;;34590
;Heerstrasse;;;;;;;Wabern;;;;;;34590
;Heideweg;;;;;;;Wabern;;;;;;34590
;Heinrichstrasse;;;;;;;Wabern;;;;;;34590
;Heisterweg;;;;;;;Wabern;;;;;;34590
;Herbergsweg;;;;;;;Wabern;;;;;;34590
;Herler Weg;;;;;;;Wabern;;;;;;34590
;Hermannsburg;;;;;;;Wabern;;;;;;34590
;Hersfelder Strasse;;;;;;;Wabern;;;;;;34590
;Hessenweg;;;;;;;Wabern;;;;;;34590
;Hesseroder Straße;;;;;;;Wabern;;;;;;34590
;Hindenburgstrasse;;;;;;;Wabern;;;;;;34590
;Hinter den Hartwiesen;;;;;;;Wabern;;;;;;34590
;Hinter der Hute;;;;;;;Wabern;;;;;;34590
;Hintergasse;;;;;;;Wabern;;;;;;34590
;Hofstrasse;;;;;;;Wabern;;;;;;34590
;Holunderweg;;;;;;;Wabern;;;;;;34590
;Homberger Strasse;;;;;;;Wabern;;;;;;34590
;Hopfenberg;;;;;;;Wabern;;;;;;34590
;Hundegasse;;;;;;;Wabern;;;;;;34590
;Hungerberg;;;;;;;Wabern;;;;;;34590
;Im Aehrenfeld;;;;;;;Wabern;;;;;;34590
;Im Dreieck;;;;;;;Wabern;;;;;;34590
;Im Niederfeld;;;;;;;Wabern;;;;;;34590
;Im Oberdorf;;;;;;;Wabern;;;;;;34590
;Im Ring;;;;;;;Wabern;;;;;;34590
;Im Winkel;;;;;;;Wabern;;;;;;34590
;In den Sälen;;;;;;;Wabern;;;;;;34590
;Jaegerstrasse;;;;;;;Wabern;;;;;;34590
;Jugendherberge;;;;;;;Wabern;;;;;;34590
;Karlstrasse;;;;;;;Wabern;;;;;;34590
;Kasseler Strasse;;;;;;;Wabern;;;;;;34590
;Kastanienweg;;;;;;;Wabern;;;;;;34590
;Kiefernweg;;;;;;;Wabern;;;;;;34590
;Kirchplatz;;;;;;;Wabern;;;;;;34590
;Konrad von Hebel Str;;;;;;;Wabern;;;;;;34590
;Korbacher Strasse;;;;;;;Wabern;;;;;;34590
;Kuellbergsweg;;;;;;;Wabern;;;;;;34590
;Kurfürstenstraße;;;;;;;Wabern;;;;;;34590
;Kurzer Weg;;;;;;;Wabern;;;;;;34590
;Landgrafenstraße;;;;;;;Wabern;;;;;;34590
;Lange Strasse;;;;;;;Wabern;;;;;;34590
;Lehrgasse;;;;;;;Wabern;;;;;;34590
;Lendorfer Strasse;;;;;;;Wabern;;;;;;34590
;Lerchenweg;;;;;;;Wabern;;;;;;34590
;Lilienstrasse;;;;;;;Wabern;;;;;;34590
;Lindenweg;;;;;;;Wabern;;;;;;34590
;Lohweg;;;;;;;Wabern;;;;;;34590
;Lormaisonstrasse;;;;;;;Wabern;;;;;;34590
;Mainzer Strasse;;;;;;;Wabern;;;;;;34590
;Marburger Strasse;;;;;;;Wabern;;;;;;34590
;Meisenweg;;;;;;;Wabern;;;;;;34590
;Melsunger Strasse;;;;;;;Wabern;;;;;;34590
;Mittelstraße;;;;;;;Wabern;;;;;;34590
;Moenchhofstrasse;;;;;;;Wabern;;;;;;34590
;Mosenbergsweg;;;;;;;Wabern;;;;;;34590
;Muehlenweg;;;;;;;Wabern;;;;;;34590
;Muellergasse;;;;;;;Wabern;;;;;;34590
;Neue Strasse;;;;;;;Wabern;;;;;;34590
;Nordstrasse;;;;;;;Wabern;;;;;;34590
;Obergasse;;;;;;;Wabern;;;;;;34590
;Opferwiese;;;;;;;Wabern;;;;;;34590
;Ostlandstrasse;;;;;;;Wabern;;;;;;34590
;Otratring;;;;;;;Wabern;;;;;;34590
;Ottostrasse;;;;;;;Wabern;;;;;;34590
;Pappelweg;;;;;;;Wabern;;;;;;34590
;Parkstrasse;;;;;;;Wabern;;;;;;34590
;Pestalozzistrasse;;;;;;;Wabern;;;;;;34590
;Pfadwiesen;;;;;;;Wabern;;;;;;34590
;Pflichthaus;;;;;;;Wabern;;;;;;34590
;Platanenweg;;;;;;;Wabern;;;;;;34590
;Prinzenstrasse;;;;;;;Wabern;;;;;;34590
;Querweg;;;;;;;Wabern;;;;;;34590
;Raiffeisenstrasse;;;;;;;Wabern;;;;;;34590
;Reiherwaldweg;;;;;;;Wabern;;;;;;34590
;Reinhardslindenweg;;;;;;;Wabern;;;;;;34590
;Riegelsweg;;;;;;;Wabern;;;;;;34590
;Ringstrasse;;;;;;;Wabern;;;;;;34590
;Rosenstrasse;;;;;;;Wabern;;;;;;34590
;Ruhholz;;;;;;;Wabern;;;;;;34590
;Saalweg;;;;;;;Wabern;;;;;;34590
;Sackgasse;;;;;;;Wabern;;;;;;34590
;Saelzerweg;;;;;;;Wabern;;;;;;34590
;Sandweg;;;;;;;Wabern;;;;;;34590
;Sankt Georg Ring;;;;;;;Wabern;;;;;;34590
;Schaefergasse;;;;;;;Wabern;;;;;;34590
;Schafgasse;;;;;;;Wabern;;;;;;34590
;Schaufelsgraben;;;;;;;Wabern;;;;;;34590
;Schilfweg;;;;;;;Wabern;;;;;;34590
;Schloss-Strasse;;;;;;;Wabern;;;;;;34590
;Schmiedeweg;;;;;;;Wabern;;;;;;34590
;Schoene Aussicht;;;;;;;Wabern;;;;;;34590
;Schulstrasse;;;;;;;Wabern;;;;;;34590
;Schwalmstrasse;;;;;;;Wabern;;;;;;34590
;Siedlerstrasse;;;;;;;Wabern;;;;;;34590
;Sommerweg;;;;;;;Wabern;;;;;;34590
;Steinkaute;;;;;;;Wabern;;;;;;34590
;Steinweg;;;;;;;Wabern;;;;;;34590
;Strandweg;;;;;;;Wabern;;;;;;34590
;Suedring;;;;;;;Wabern;;;;;;34590
;Suedstrasse;;;;;;;Wabern;;;;;;34590
;Talstrasse;;;;;;;Wabern;;;;;;34590
;Tannenbergstrasse;;;;;;;Wabern;;;;;;34590
;Tannenweg;;;;;;;Wabern;;;;;;34590
;Teichstrasse;;;;;;;Wabern;;;;;;34590
;Tiefenbachweg;;;;;;;Wabern;;;;;;34590
;Trieschweg;;;;;;;Wabern;;;;;;34590
;Truschelweg;;;;;;;Wabern;;;;;;34590
;Tränkeweg;;;;;;;Wabern;;;;;;34590
;Turmstrasse;;;;;;;Wabern;;;;;;34590
;Udenborner Strasse;;;;;;;Wabern;;;;;;34590
;Ulmenweg;;;;;;;Wabern;;;;;;34590
;Unter dem Hagen;;;;;;;Wabern;;;;;;34590
;Uttershäuser Straße;;;;;;;Wabern;;;;;;34590
;Vor den Erlen;;;;;;;Wabern;;;;;;34590
;Waberner Weg;;;;;;;Wabern;;;;;;34590
;Waldecker Str;;;;;;;Wabern;;;;;;34590
;Waldweg;;;;;;;Wabern;;;;;;34590
;Webergasse;;;;;;;Wabern;;;;;;34590
;Wehrstrasse;;;;;;;Wabern;;;;;;34590
;Weidenweg;;;;;;;Wabern;;;;;;34590
;Wiesenhof;;;;;;;Wabern;;;;;;34590
;Wiesenweg;;;;;;;Wabern;;;;;;34590
;Wildunger Str;;;;;;;Wabern;;;;;;34590
;Wilh Dilich Str;;;;;;;Wabern;;;;;;34590
;Wilhelmshöher Straße;;;;;;;Wabern;;;;;;34590
;Wilhelmstraße;;;;;;;Wabern;;;;;;34590
;Wimmer;;;;;;;Wabern;;;;;;34590
;Winteräcker;;;;;;;Wabern;;;;;;34590
;Wolfhager Str;;;;;;;Wabern;;;;;;34590
;Zennerwiesen;;;;;;;Wabern;;;;;;34590
;Zeppelinstrasse;;;;;;;Wabern;;;;;;34590
;Ziegenhainer Strasse;;;;;;;Wabern;;;;;;34590
;Zur Weissen Bruecke;;;;;;;Wabern;;;;;;34590
;Adolf-Lins-Straße;;;;;;;Willingshausen;;;;;;34628
;Im Antrefftal;;;;;;;Willingshausen;;;;;;34628
;Landfahrer-Lager;;;;;;;Willingshausen;;;;;;34628
;Pflichthaus;;;;;;;Willingshausen;;;;;;34628
;Zellaer Straße;;;;;;;Gungelshausen;;;;;;34628
;Zur Mühle;;;;;;;Gungelshausen;;;;;;34628
;Am Backhaus;;;;;;;Loshausen;;;;;;34628
;Am Schildgarten;;;;;;;Loshausen;;;;;;34628
;Am Storchennest;;;;;;;Loshausen;;;;;;34628
;An der Walsbach;;;;;;;Loshausen;;;;;;34628
;Auhofweg;;;;;;;Loshausen;;;;;;34628
;Bahnhofstraße;;;;;;;Loshausen;;;;;;34628
;Berliner Straße;;;;;;;Loshausen;;;;;;34628
;Dresdener Straße;;;;;;;Loshausen;;;;;;34628
;Erfurter Straße;;;;;;;Loshausen;;;;;;34628
;Fettecke;;;;;;;Loshausen;;;;;;34628
;Fischgasse;;;;;;;Loshausen;;;;;;34628
;Gartenstraße;;;;;;;Loshausen;;;;;;34628
;Hintergasse;;;;;;;Loshausen;;;;;;34628
;Holzkaute;;;;;;;Loshausen;;;;;;34628
;Im Nonnenfeld;;;;;;;Loshausen;;;;;;34628
;Im Oberdorf;;;;;;;Loshausen;;;;;;34628
;Jahnstraße;;;;;;;Loshausen;;;;;;34628
;Kasseler Straße;;;;;;;Loshausen;;;;;;34628
;Kinderberg;;;;;;;Loshausen;;;;;;34628
;Kirchweg;;;;;;;Loshausen;;;;;;34628
;Leipziger Straße;;;;;;;Loshausen;;;;;;34628
;Raiffeisenstraße;;;;;;;Loshausen;;;;;;34628
;Ransbacher Straße;;;;;;;Loshausen;;;;;;34628
;Schuhmacherstraße;;;;;;;Loshausen;;;;;;34628
;Steingasse;;;;;;;Loshausen;;;;;;34628
;Wasenlängen;;;;;;;Loshausen;;;;;;34628
;Wolfskaute;;;;;;;Loshausen;;;;;;34628
;Zur Klinkenmühle;;;;;;;Loshausen;;;;;;34628
;Zur Schellgasse;;;;;;;Loshausen;;;;;;34628
;Zur Schwarzen Brücke;;;;;;;Loshausen;;;;;;34628
;Am Forsthaus;;;;;;;Merzhausen;;;;;;34628
;Am Mühlfeld;;;;;;;Merzhausen;;;;;;34628
;An der Erl;;;;;;;Merzhausen;;;;;;34628
;An der Galgenhecke;;;;;;;Merzhausen;;;;;;34628
;Bergstraße;;;;;;;Merzhausen;;;;;;34628
;Birkenweg;;;;;;;Merzhausen;;;;;;34628
;Brunnenweg;;;;;;;Merzhausen;;;;;;34628
;Brückenweg;;;;;;;Merzhausen;;;;;;34628
;Burggasse;;;;;;;Merzhausen;;;;;;34628
;Eichenweg;;;;;;;Merzhausen;;;;;;34628
;Erbsengasse;;;;;;;Merzhausen;;;;;;34628
;Finkenweg;;;;;;;Merzhausen;;;;;;34628
;Fischbacher Straße;;;;;;;Merzhausen;;;;;;34628
;Heidelsgasse;;;;;;;Merzhausen;;;;;;34628
;Hermann-Löns-Straße;;;;;;;Merzhausen;;;;;;34628
;Im Steinfeld;;;;;;;Merzhausen;;;;;;34628
;Judengasse;;;;;;;Merzhausen;;;;;;34628
;Kaiserstraße;;;;;;;Merzhausen;;;;;;34628
;Lindenweg;;;;;;;Merzhausen;;;;;;34628
;Lustgarten;;;;;;;Merzhausen;;;;;;34628
;Lärchenweg;;;;;;;Merzhausen;;;;;;34628
;Rietweg;;;;;;;Merzhausen;;;;;;34628
;Rosenweg;;;;;;;Merzhausen;;;;;;34628
;Röllshäuser Straße;;;;;;;Merzhausen;;;;;;34628
;Schäfergasse;;;;;;;Merzhausen;;;;;;34628
;Tränkgasse;;;;;;;Merzhausen;;;;;;34628
;Waldstraße;;;;;;;Merzhausen;;;;;;34628
;Ziegenhainer Straße;;;;;;;Merzhausen;;;;;;34628
;Zum Wipperstein;;;;;;;Merzhausen;;;;;;34628
;Zur Hohle;;;;;;;Merzhausen;;;;;;34628
;Dorfstraße;;;;;;;Ransbach;;;;;;34628
;Am Ruhestein;;;;;;;Steina;;;;;;34628
;Badeweg;;;;;;;Steina;;;;;;34628
;Borkweg;;;;;;;Steina;;;;;;34628
;Pflanzgarten;;;;;;;Steina;;;;;;34628
;Schulgasse;;;;;;;Steina;;;;;;34628
;Schwalmtalstraße;;;;;;;Steina;;;;;;34628
;Steinatal;;;;;;;Steina;;;;;;34628
;Steinatalstraße;;;;;;;Steina;;;;;;34628
;Über der Mühle;;;;;;;Steina;;;;;;34628
;Am Alten Pflaster;;;;;;;Wasenberg;;;;;;34628
;Am Alten Sportplatz;;;;;;;Wasenberg;;;;;;34628
;Am Berg;;;;;;;Wasenberg;;;;;;34628
;Am Eichbach;;;;;;;Wasenberg;;;;;;34628
;Am Feuerwehrhaus;;;;;;;Wasenberg;;;;;;34628
;Am Krappeacker;;;;;;;Wasenberg;;;;;;34628
;Am Pfarrhaus;;;;;;;Wasenberg;;;;;;34628
;Am Ransrain;;;;;;;Wasenberg;;;;;;34628
;Am Schwimmbad;;;;;;;Wasenberg;;;;;;34628
;Am Steinacker;;;;;;;Wasenberg;;;;;;34628
;Am Tanzplatz;;;;;;;Wasenberg;;;;;;34628
;Am Teich;;;;;;;Wasenberg;;;;;;34628
;Am Unterteich;;;;;;;Wasenberg;;;;;;34628
;Am Zimmerplatz;;;;;;;Wasenberg;;;;;;34628
;An den Gärten;;;;;;;Wasenberg;;;;;;34628
;Bachweg;;;;;;;Wasenberg;;;;;;34628
;Backgasse;;;;;;;Wasenberg;;;;;;34628
;Baumstraße;;;;;;;Wasenberg;;;;;;34628
;Blumenweg;;;;;;;Wasenberg;;;;;;34628
;Enggasse;;;;;;;Wasenberg;;;;;;34628
;Fliederstraße;;;;;;;Wasenberg;;;;;;34628
;Friedhofstraße;;;;;;;Wasenberg;;;;;;34628
;Gartenäcker;;;;;;;Wasenberg;;;;;;34628
;Hauptstraße;;;;;;;Wasenberg;;;;;;34628
;Homberger Straße;;;;;;;Wasenberg;;;;;;34628
;Im Elsegarten;;;;;;;Wasenberg;;;;;;34628
;Im Wiesengrund;;;;;;;Wasenberg;;;;;;34628
;In der Gasse;;;;;;;Wasenberg;;;;;;34628
;Kirchstraße;;;;;;;Wasenberg;;;;;;34628
;Knüllblick;;;;;;;Wasenberg;;;;;;34628
;Kurzer Weg;;;;;;;Wasenberg;;;;;;34628
;Lauterbacher Straße;;;;;;;Wasenberg;;;;;;34628
;Leimbacher Weg;;;;;;;Wasenberg;;;;;;34628
;Loshäuser Weg;;;;;;;Wasenberg;;;;;;34628
;Marburger Straße;;;;;;;Wasenberg;;;;;;34628
;Obergasse;;;;;;;Wasenberg;;;;;;34628
;Obertriesch;;;;;;;Wasenberg;;;;;;34628
;Oppergärten;;;;;;;Wasenberg;;;;;;34628
;Ostblick;;;;;;;Wasenberg;;;;;;34628
;Postweg;;;;;;;Wasenberg;;;;;;34628
;Rimbergstraße;;;;;;;Wasenberg;;;;;;34628
;Schatteröder Weg;;;;;;;Wasenberg;;;;;;34628
;Schreinergasse;;;;;;;Wasenberg;;;;;;34628
;Schulweg;;;;;;;Wasenberg;;;;;;34628
;Schwalmblick;;;;;;;Wasenberg;;;;;;34628
;Siedlung;;;;;;;Wasenberg;;;;;;34628
;Sportplatzstraße;;;;;;;Wasenberg;;;;;;34628
;Tannenstraße;;;;;;;Wasenberg;;;;;;34628
;Taubenweg;;;;;;;Wasenberg;;;;;;34628
;Treysaer Straße;;;;;;;Wasenberg;;;;;;34628
;Tulpenweg;;;;;;;Wasenberg;;;;;;34628
;Windmühlenweg;;;;;;;Wasenberg;;;;;;34628
;Zu den Auewiesen;;;;;;;Wasenberg;;;;;;34628
;Zum Langeloh;;;;;;;Wasenberg;;;;;;34628
;Zum Rohnstrauch;;;;;;;Wasenberg;;;;;;34628
;Zum Untertriesch;;;;;;;Wasenberg;;;;;;34628
;Alsfelder Straße;;;;;;;Willingshausen;;;;;;34628
;Alte Straße;;;;;;;Willingshausen;;;;;;34628
;Aueweg;;;;;;;Willingshausen;;;;;;34628
;Bernsburger Straße;;;;;;;Willingshausen;;;;;;34628
;Brüder-Grimm-Straße;;;;;;;Willingshausen;;;;;;34628
;Danziger Straße;;;;;;;Willingshausen;;;;;;34628
;Dilmarksweg;;;;;;;Willingshausen;;;;;;34628
;Dr.-Georg-Thamer-Str;;;;;;;Willingshausen;;;;;;34628
;Dr.-Wilh.-Schoof-Straße;;;;;;;Willingshausen;;;;;;34628
;Fahringshäuser Weg;;;;;;;Willingshausen;;;;;;34628
;Friedrich-Steinmeyer-Str.;;;;;;;Willingshausen;;;;;;34628
;Gartenweg;;;;;;;Willingshausen;;;;;;34628
;Grüner Weg;;;;;;;Willingshausen;;;;;;34628
;Günter-Heinemann-Straße;;;;;;;Willingshausen;;;;;;34628
;Hans-von-Volkmann-Platz;;;;;;;Willingshausen;;;;;;34628
;Hermann-Metz-Straße;;;;;;;Willingshausen;;;;;;34628
;Kreuzgasse;;;;;;;Willingshausen;;;;;;34628
;Merzhäuser Straße;;;;;;;Willingshausen;;;;;;34628
;Mittelgasse;;;;;;;Willingshausen;;;;;;34628
;Mühlengasse;;;;;;;Willingshausen;;;;;;34628
;Neustädter Straße;;;;;;;Willingshausen;;;;;;34628
;Pfarrweg;;;;;;;Willingshausen;;;;;;34628
;Prof.-Carl-Bantzer-Str.;;;;;;;Willingshausen;;;;;;34628
;Prof.-Karl-Hanusch-Str.;;;;;;;Willingshausen;;;;;;34628
;Prof.-Ludwig-Knaus-Straße;;;;;;;Willingshausen;;;;;;34628
;Prof.-W.-Thielmann-Str.;;;;;;;Willingshausen;;;;;;34628
;Querweg;;;;;;;Willingshausen;;;;;;34628
;Schloßgasse;;;;;;;Willingshausen;;;;;;34628
;Steinfeldsweg;;;;;;;Willingshausen;;;;;;34628
;Stettiner Straße;;;;;;;Willingshausen;;;;;;34628
;Untergasse;;;;;;;Willingshausen;;;;;;34628
;Wasenberger Straße;;;;;;;Willingshausen;;;;;;34628
;Wieraer Weg;;;;;;;Willingshausen;;;;;;34628
;Wolfgang-Zeller-Str.;;;;;;;Willingshausen;;;;;;34628
;Über der Hohle;;;;;;;Willingshausen;;;;;;34628
;Am Stück;;;;;;;Zella;;;;;;34628
;An der Kirche;;;;;;;Zella;;;;;;34628
;Bornleidstraße;;;;;;;Zella;;;;;;34628
;Eckweg;;;;;;;Zella;;;;;;34628
;Gassengärten;;;;;;;Zella;;;;;;34628
;Holzburger Straße;;;;;;;Zella;;;;;;34628
;Kurhessenstraße;;;;;;;Zella;;;;;;34628
;Mühlenweg;;;;;;;Zella;;;;;;34628
;Rasengasse;;;;;;;Zella;;;;;;34628
;Scheitlach;;;;;;;Zella;;;;;;34628
;Tongasse;;;;;;;Zella;;;;;;34628
;Valersgarten;;;;;;;Zella;;;;;;34628
;Vor der Brücke;;;;;;;Zella;;;;;;34628
;Zum Kühlen Grund;;;;;;;Zella;;;;;;34628
;Zur Antreff;;;;;;;Zella;;;;;;34628
