Straßennummer;Straßenname;Folge;Hausnr. (von);Zusatz zur Hausnr (von);Hausnr. (bis);Zusatz zur Hausnr (bis);Ortsbezirk;Stadtteil Name;Stadtbezirk;Stadtbezirksvorst;Schiedsamtsbezirk;Sozialrathausbezirk;Sozialbezirk;Polizeirevier;Postleitzahl
1;"Abtsgäßchen";"";"";"";"";"";"5 ";"Sachsenhausen-Nord";"300";"5.31";"5A";"A6";20;"8";60594
2;"Achenbachstraße";"";"";"";"";"";"5 ";"Sachsenhausen-Nord";"322";"5.33";"5A";"A6";21;"8";60596
3;"Ackermannstraße";"";"";"";"";"";"1 ";"Gallus";"154";"1.05";" 1";"A3";8;"16";60326
4;"Adalbert-Stifter-Straße";"gerade";"";"";"";"";"9 ";"Dornbusch";"442";"9.68";" 9";"B3";38;"12";60431
4;"Adalbert-Stifter-Straße";"ungerade";"";"";"";"";"9 ";"Ginnheim";"441";"9.67";" 9";"A2";38;"12";60431
5;"Adalbertstraße";"gerade";"";"";"";"";"2 ";"Bockenheim";"350";"2.13";" 2";"A4";25;"13";60486
5;"Adalbertstraße";"ungerade";"";"";"";"";"2 ";"Bockenheim";"341";"2.13";" 2";"A4";25;"13";60486
6;"Adam-Opel-Straße";"";"";"";"";"";"11";"Fechenheim";"510";"11.77";"11";"A1";48;"18";60386
7;"Adelheidstraße";"";"";"";"";"";"9 ";"Dornbusch";"462";"9.69";" 9";"B3";41;"12";60433
8;"Adelonstraße";"";"";"";"";"";"6 ";"Höchst";"570";"6.44";"6C";"A7";54;"17";65929
9;"Adickesallee";"gerade";"";"";"";"";"3 ";"Nordend-West";"202";"3.16";" 3";"B3";11;"3";60322
9;"Adickesallee";"ungerade";"";"";"";"";"3 ";"Nordend-West";"203";"3.16";" 3";"B3";11;"3";60322
10;"Adlerflychtplatz";"";"";"";"";"";"3 ";"Nordend-West";"201";"3.21";" 3";"B3";11;"3";60318
11;"Adlerflychtstraße";"";"";"";"";"";"3 ";"Nordend-West";"201";"3.21";" 3";"B3";11;"3";60318
12;"Adolf-Haeuser-Straße";"";"";"";"";"";"6 ";"Höchst";"591";"6.46";"6C";"A7";54;"17";65929
13;"Adolf-Miersch-Straße";"";"";"";"";"";"5 ";"Niederrad";"372";"5.36";"5B";"A6";28;"10";60528
14;"Adolf-Reichwein-Straße";"";"";"";"";"";"9 ";"Dornbusch";"462";"9.69";" 9";"B3";41;"12";60320
15;"Adolfstraße";"";"";"";"";"";"5 ";"Niederrad";"372";"5.36";"5B";"A6";28;"10";60528
16;"Adolph-von-Holzhausen-Park";"";"";"";"";"";"3 ";"Nordend-West";"203";"3.16";" 3";"B3";11;"3";60322
17;"Ährenstraße";"";"";"";"";"";"1 ";"Gutleutviertel";"151";"1.04";" 1";"A3";2;"4";60327
18;"Affentorplatz";"gerade";"";"";"";"";"5 ";"Sachsenhausen-Nord";"300";"5.31";"5A";"A6";20;"8";60594
18;"Affentorplatz";"ungerade";"1";"";"";"";"5 ";"Sachsenhausen-Nord";"300";"5.31";"5A";"A6";20;"8";60594
18;"Affentorplatz";"ungerade";"5";"";"7";"";"5 ";"Sachsenhausen-Nord";"331";"5.31";"5A";"A6";20;"8";60594
19;"Ahornstraße";"";"";"";"";"";"6 ";"Griesheim";"552";"6.41";"6A";"A3";52;"16";65933
20;"Ahrtalstraße";"";"";"";"";"";"6 ";"Schwanheim";"531";"6.38";"6A";"A6";50;"10";60529
21;"Akazienstraße";"";"";"";"";"";"6 ";"Griesheim";"552";"6.41";"6A";"A3";52;"16";65933
22;"Albanusstraße";"";"";"";"";"";"6 ";"Höchst";"591";"6.46";"6C";"A7";54;"17";65929
23;"Albert-Blank-Straße";"";"";"";"";"";"6 ";"Sindlingen";"602";"6.48";"6B";"A7";55;"17";65931
24;"Albert-Linel-Straße";"";"";"";"";"";"2 ";"Bockenheim";"163";"2.15";" 2";"A4";10;"13";60486
25;"Albusstraße";"";"";"";"";"";"1 ";"Innenstadt";"070";"1.01";" 1";"A1";1;"1";60313
26;"Alemannenweg";"";"";"";"";"";"6 ";"Unterliederbach";"622";"6.52";"6C";"A7";57;"17";65929
27;"Alexanderstraße";"gerade";"2";"";"34";"";"7 ";"Rödelheim";"402";"7.56";" 7";"A4";33;"11";60489
27;"Alexanderstraße";"gerade";"36";"";"126";"";"7 ";"Rödelheim";"401";"7.55";" 7";"A4";32;"11";60489
27;"Alexanderstraße";"ungerade";"1";"";"29";"";"7 ";"Rödelheim";"402";"7.56";" 7";"A4";33;"11";60489
27;"Alexanderstraße";"ungerade";"31";"";"97";"";"7 ";"Rödelheim";"401";"7.55";" 7";"A4";32;"11";60489
28;"Alfred-Brehm-Platz";"";"";"";"";"";"4 ";"Ostend";"140";"4.26";" 4";"A1";6;"5";60316
29;"Allendorfer Straße";"gerade";"18";"";"50";"";"9 ";"Dornbusch";"462";"9.69";" 9";"B3";41;"12";60433
29;"Allendorfer Straße";"gerade";"52";"";"76";"";"9 ";"Eschersheim";"452";"9.66";" 9";"B3";39;"12";60433
29;"Allendorfer Straße";"ungerade";"1";"";"23";"";"9 ";"Dornbusch";"462";"9.69";" 9";"B3";41;"12";60433
29;"Allendorfer Straße";"ungerade";"37";"";"85";"";"9 ";"Eschersheim";"452";"9.66";" 9";"B3";39;"12";60433
30;"Allerheiligenstraße";"gerade";"";"";"";"";"1 ";"Innenstadt";"070";"1.01";" 1";"A1";1;"1";60313
30;"Allerheiligenstraße";"ungerade";"";"";"";"";"1 ";"Innenstadt";"080";"1.01";" 1";"A1";1;"1";60313
31;"Allerheiligentor";"gerade";"";"";"";"";"1 ";"Innenstadt";"080";"1.01";" 1";"A1";1;"1";60311
31;"Allerheiligentor";"ungerade";"";"";"";"";"1 ";"Innenstadt";"070";"1.01";" 1";"A1";1;"1";60311
32;"Allesinastraße";"";"";"";"";"";"6 ";"Sindlingen";"601";"6.47";"6B";"A7";55;"17";65931
33;"Allmeygang";"";"";"";"";"";"6 ";"Höchst";"580";"6.45";"6C";"A7";54;"17";65929
34;"Alpenroder Straße";"";"";"";"";"";"6 ";"Sossenheim";"631";"6.53";"6C";"A7";58;"17";65936
35;"Alsfelder Straße";"";"";"";"";"";"11";"Seckbach";"390";"11.75";"11";"A1";31;"6";60389
36;"Alt-Bonames";"";"";"";"";"";"10";"Bonames";"491";"10.70";"10";"A2";45;"14";60437
37;"Alt-Bornheim";"";"";"";"";"";"4 ";"Bornheim";"272";"4.22";" 4";"A1";18;"6";60385
38;"I. Altebergsgäßchen";"";"";"";"";"";"5 ";"Sachsenhausen-Süd";"332";"5.29";"5A";"A6";24;"8";60599
39;"II. Altebergsgäßchen";"";"";"";"";"";"5 ";"Sachsenhausen-Süd";"332";"5.29";"5A";"A6";24;"8";60599
40;"Altebergsweg";"gerade";"";"";"";"";"5 ";"Sachsenhausen-Süd";"332";"5.29";"5A";"A6";24;"8";60599
40;"Altebergsweg";"ungerade";"31";"";"";"";"5 ";"Sachsenhausen-Süd";"332";"5.29";"5A";"A6";24;"8";60599
40;"Altebergsweg";"ungerade";"99";"";"119";"";"5 ";"Oberrad";"380";"5.28";"5A";"A6";30;"8";60599
41;"Altebergs-Zwerchgäßchen";"";"";"";"";"";"5 ";"Sachsenhausen-Süd";"332";"5.29";"5A";"A6";24;"8";60599
42;"Altebornstraße";"";"";"";"";"";"11";"Seckbach";"390";"11.75";"11";"A1";31;"6";60389
43;"Alte Brücke";"";"";"";"";"";"5 ";"Sachsenhausen-Nord";"300";"5.31";"5A";"A6";20;"8";60594
44;"Alte Falterstraße";"gerade";"";"";"";"";"6 ";"Griesheim";"551";"6.39";"6A";"A3";52;"16";65933
44;"Alte Falterstraße";"ungerade";"";"";"";"";"6 ";"Griesheim";"541";"6.39";"6A";"A3";52;"16";65933
45;"Alte Gasse";"";"";"";"";"";"1 ";"Innenstadt";"060";"1.02";" 1";"A1";1;"1";60313
47;"Alte Mainzer Gasse";"";"";"";"";"";"1 ";"Altstadt";"010";"1.01";" 1";"A1";1;"1";60311
48;"Altenburger Weg";"";"";"";"";"";"6 ";"Zeilsheim";"611";"6.49";"6B";"A7";56;"17";65931
49;"Alte Niddabrücke";"";"";"";"";"";"6 ";"Nied";"561";"6.42";"6A";"A7";53;"16";65934
49;"Alte Niddabrücke";"";"";"";"";"";"6 ";"Nied";"561";"6.42";"6A";"A7";53;"17";65934
51;"Alte Rothofstraße";"";"";"";"";"";"1 ";"Innenstadt";"050";"1.02";" 1";"A1";1;"1";60313
52;"Alter Schulpfad";"";"";"";"";"";"6 ";"Nied";"561";"6.42";"6A";"A7";53;"16";65934
53;"Alt-Eschersheim";"gerade";"2";"";"10";"";"9 ";"Eschersheim";"452";"9.66";" 9";"B3";39;"12";60433
53;"Alt-Eschersheim";"gerade";"20";"";"84";"";"9 ";"Eschersheim";"451";"9.65";" 9";"B3";39;"12";60433
53;"Alt-Eschersheim";"ungerade";"17";"";"91";"";"9 ";"Eschersheim";"451";"9.65";" 9";"B3";39;"12";60433
53;"Alt-Eschersheim";"ungerade";"3";"";"7";"";"9 ";"Eschersheim";"452";"9.66";" 9";"B3";39;"12";60433
57;"Altes Schützenhüttengäßchen";"";"";"";"";"";"5 ";"Sachsenhausen-Süd";"332";"5.29";"5A";"A6";24;"8";60599
58;"Alt-Fechenheim";"gerade";"102";"";"138";"";"11";"Fechenheim";"520";"11.78";"11";"A1";49;"18";60386
58;"Alt-Fechenheim";"gerade";"32";"";"98";"";"11";"Fechenheim";"510";"11.77";"11";"A1";48;"18";60386
58;"Alt-Fechenheim";"ungerade";"103";"";"131";"";"11";"Fechenheim";"520";"11.78";"11";"A1";49;"18";60386
58;"Alt-Fechenheim";"ungerade";"31";"";"101";"";"11";"Fechenheim";"510";"11.77";"11";"A1";48;"18";60386
59;"Alt-Ginnheim";"";"";"";"";"";"9 ";"Ginnheim";"441";"9.67";" 9";"A2";38;"12";60431
60;"Alt-Griesheim";"gerade";"2";"";"38";"";"6 ";"Griesheim";"541";"6.39";"6A";"A3";52;"16";65933
60;"Alt-Griesheim";"gerade";"44";"";"90";"A";"6 ";"Griesheim";"551";"6.39";"6A";"A3";52;"16";65933
60;"Alt-Griesheim";"ungerade";"1";"";"19";"";"6 ";"Griesheim";"541";"6.39";"6A";"A3";52;"16";65933
60;"Alt-Griesheim";"ungerade";"23";"";"77";"";"6 ";"Griesheim";"551";"6.39";"6A";"A3";52;"16";65933
61;"Alt-Hausen";"";"";"";"";"";"7 ";"Hausen";"410";"7.58";" 7";"A4";26;"11";60488
62;"Alt-Heddernheim";"";"";"";"";"";"8 ";"Heddernheim";"431";"8.61";" 8";"A2";37;"14";60439
63;"Altheimstraße";"";"";"";"";"";"9 ";"Eschersheim";"452";"9.66";" 9";"B3";39;"12";60431
64;"Alt-Höchst";"";"";"";"";"";"6 ";"Höchst";"591";"6.46";"6C";"A7";54;"17";65929
65;"Altkönigstraße";"";"";"";"";"";"2 ";"Westend-Süd";"180";"2.10";" 2";"A4";4;"3";60323
66;"Alt-Nied";"";"";"";"";"";"6 ";"Nied";"561";"6.42";"6A";"A7";53;"16";65934
67;"Alt-Niederursel";"";"";"";"";"";"8 ";"Niederursel";"481";"8.63";" 8";"A2";43;"14";60439
68;"Alt-Praunheim";"";"";"";"";"";"7 ";"Praunheim";"425";"7.60";" 7";"A4";35;"14";60488
69;"Alt-Preungesheim";"";"";"";"";"";"10";"Preungesheim";"470";"10.73";"10";"B3";42;"12";60435
70;"Alt-Rödelheim";"gerade";"";"";"";"";"7 ";"Rödelheim";"401";"7.55";" 7";"A4";32;"11";60489
70;"Alt-Rödelheim";"ungerade";"";"";"";"";"7 ";"Rödelheim";"402";"7.56";" 7";"A4";33;"11";60489
71;"Alt-Schwanheim";"";"";"";"";"";"6 ";"Schwanheim";"531";"6.38";"6A";"A6";50;"10";60529
72;"Alt-Seckbach";"";"";"";"";"";"11";"Seckbach";"390";"11.75";"11";"A1";31;"6";60389
73;"Alt-Sindlingen";"";"";"";"";"";"6 ";"Sindlingen";"601";"6.47";"6B";"A7";55;"17";65931
74;"Alt-Sossenheim";"gerade";"2";"";"32";"";"6 ";"Sossenheim";"632";"6.54";"6C";"A7";58;"17";65936
74;"Alt-Sossenheim";"gerade";"34";"";"84";"";"6 ";"Sossenheim";"631";"6.53";"6C";"A7";58;"17";65936
74;"Alt-Sossenheim";"ungerade";"3";"";"51";"";"6 ";"Sossenheim";"632";"6.54";"6C";"A7";58;"17";65936
74;"Alt-Sossenheim";"ungerade";"57";"";"87";"";"6 ";"Sossenheim";"631";"6.53";"6C";"A7";58;"17";65936
75;"Alt-Zeilsheim";"gerade";"2";"";"48";"A";"6 ";"Zeilsheim";"611";"6.49";"6B";"A7";56;"17";65931
75;"Alt-Zeilsheim";"gerade";"54";"";"76";"";"6 ";"Zeilsheim";"612";"6.50";"6B";"A7";56;"17";65931
75;"Alt-Zeilsheim";"ungerade";"";"";"";"";"6 ";"Zeilsheim";"611";"6.49";"6B";"A7";56;"17";65931
76;"Alzeyer Straße";"";"";"";"";"";"6 ";"Nied";"561";"6.42";"6A";"A7";53;"16";65934
77;"Am Abtshof";"";"";"";"";"";"6 ";"Schwanheim";"531";"6.38";"6A";"A6";50;"10";60529
79;"Am Alten Schloß";"";"";"";"";"";"8 ";"Praunheim";"426";"8.62";" 7";"A2";36;"14";60439
80;"Am Alten See";"";"";"";"";"";"7 ";"Rödelheim";"401";"7.55";" 7";"A4";32;"11";60489
81;"Am Ameisenberg";"";"";"";"";"";"4 ";"Bornheim";"272";"4.22";" 4";"A1";18;"6";60385
83;"Am Atzelberg";"";"";"";"";"";"11";"Seckbach";"390";"11.75";"11";"A1";31;"6";60389
84;"Am Auerborn";"";"";"";"";"";"6 ";"Schwanheim";"532";"6.37";"6A";"A6";51;"10";60529
85;"Am Bachberg";"";"";"";"";"";"10";"Preungesheim";"470";"10.73";"10";"B3";42;"12";60435
88;"Am Börnchen";"";"";"";"";"";"6 ";"Schwanheim";"532";"6.37";"6A";"A6";51;"10";60529
89;"Am Bornheimer Hang";"gerade";"10";"";"";"";"4 ";"Bornheim";"290";"4.22";" 4";"A1";18;"6";60386
89;"Am Bornheimer Hang";"gerade";"2";"";"6";"";"4 ";"Bornheim";"281";"4.24";" 4";"A1";19;"6";60386
91;"Am Brennhaus";"";"";"";"";"";"6 ";"Griesheim";"541";"6.39";"6A";"A3";52;"16";65933
92;"Am Brückengarten";"";"";"";"";"";"9 ";"Eschersheim";"452";"9.66";" 9";"B3";39;"12";60431
93;"Am Buchwald";"ungerade";"1";"";"7";"";"4 ";"Ostend";"252";"4.25";" 4";"A1";16;"5";60385
93;"Am Buchwald";"ungerade";"15";"";"";"";"4 ";"Bornheim";"282";"4.24";" 4";"A1";19;"5";60385
94;"Am Burghof";"gerade";"";"";"";"";"10";"Bonames";"491";"10.70";"10";"A2";45;"14";60437
94;"Am Burghof";"ungerade";"3";"";"49";"";"10";"Bonames";"491";"10.70";"10";"A2";45;"14";60437
94;"Am Burghof";"ungerade";"53";"";"55";"";"12";"Kalbach-Riedberg";"650";"12.79";"12";"A2";60;"14";60437
95;"Am Dachsberg";"gerade";"114";"";"204";"";"10";"Preungesheim";"470";"10.73";"10";"B3";42;"14";60435
95;"Am Dachsberg";"gerade";"14";"";"110";"C";"10";"Berkersheim";"500";"10.74";"10";"A2";47;"14";60435
95;"Am Dachsberg";"ungerade";"1";"";"105";"";"10";"Berkersheim";"500";"10.74";"10";"A2";47;"14";60435
95;"Am Dachsberg";"ungerade";"107";"";"129";"";"10";"Preungesheim";"470";"10.73";"10";"B3";42;"14";60435
96;"Am Dammgraben";"";"";"";"";"";"2 ";"Bockenheim";"163";"2.15";" 2";"A4";10;"13";60486
97;"Am Dorfgarten";"";"";"";"";"";"10";"Preungesheim";"470";"10.73";"10";"B3";42;"12";60435
98;"Am Dornbusch";"gerade";"";"";"";"";"9 ";"Dornbusch";"442";"9.68";" 9";"B3";38;"12";60320
98;"Am Dornbusch";"ungerade";"";"";"";"";"2 ";"Westend-Nord";"192";"2.09";" 2";"B3";4;"12";60320
99;"Am Ebelfeld";"";"";"";"";"";"7 ";"Praunheim";"422";"7.59";" 7";"A4";34;"14";60488
100;"Am Eckenheimer Friedhof";"";"";"";"";"";"10";"Eckenheim";"461";"10.72";"10";"B3";40;"12";60435
101;"Am Eichenloh";"";"";"";"";"";"9 ";"Ginnheim";"441";"9.67";" 9";"A2";38;"12";60431
102;"Am Eisernen Schlag";"";"";"";"";"";"9 ";"Ginnheim";"441";"9.67";" 9";"A2";38;"12";60431
103;"Am Elektrizitätswerk";"";"";"";"";"";"1 ";"Gutleutviertel";"151";"1.04";" 1";"A3";2;"4";60327
104;"Am Ellerfeld";"";"";"";"";"";"7 ";"Hausen";"410";"7.58";" 7";"A4";26;"11";60488
105;"Am Erlenbruch";"gerade";"136";"";"";"";"11";"Fechenheim";"510";"11.77";"11";"A1";48;"18";60386
105;"Am Erlenbruch";"gerade";"2";"";"134";"";"11";"Riederwald";"262";"11.76";"11";"A1";17;"18";60386
105;"Am Erlenbruch";"ungerade";"";"";"";"";"11";"Seckbach";"390";"11.75";"11";"A1";31;"18";60386
107;"Am Faulbrunnen";"";"";"";"";"";"6 ";"Sossenheim";"631";"6.53";"6C";"A7";58;"17";65936
108;"Am Fischstein";"gerade";"2";"";"38";"";"7 ";"Hausen";"410";"7.58";" 7";"A4";26;"11";60488
108;"Am Fischstein";"gerade";"46";"";"70";"";"7 ";"Bockenheim";"343";"7.57";" 2";"A4";26;"11";60487
108;"Am Fischstein";"ungerade";"29";"";"33";"";"7 ";"Hausen";"410";"7.58";" 7";"A4";26;"11";60488
108;"Am Fischstein";"ungerade";"45";"";"69";"";"7 ";"Bockenheim";"343";"7.57";" 2";"A4";26;"11";60487
109;"Am Fischwehr";"";"";"";"";"";"11";"Fechenheim";"510";"11.77";"11";"A1";48;"18";60386
110;"Am Forum";"";"";"";"";"";"8 ";"Heddernheim";"432";"8.62";" 8";"A2";36;"14";60439
111;"Am Gansbühel";"";"";"";"";"";"11";"Fechenheim";"510";"11.77";"11";"A1";48;"18";60386
112;"Am Geistpförtchen";"";"";"";"";"";"1 ";"Altstadt";"010";"1.01";" 1";"A1";1;"1";60311
113;"Am Gemeindegarten";"";"";"";"";"";"6 ";"Griesheim";"541";"6.39";"6A";"A3";52;"16";65933
114;"Am Goldsteinpark";"";"";"";"";"";"6 ";"Schwanheim";"532";"6.37";"6A";"A6";51;"10";60529
115;"Am Graben";"";"";"";"";"";"6 ";"Schwanheim";"531";"6.38";"6A";"A6";50;"10";60529
117;"Am Großen Berge";"";"";"";"";"";"9 ";"Ginnheim";"441";"9.67";" 9";"A2";38;"12";60431
118;"Am Grünen Graben";"";"";"";"";"";"9 ";"Eschersheim";"451";"9.65";" 9";"B3";39;"12";60433
119;"Am Grünhof";"";"";"";"";"";"2 ";"Westend-Nord";"192";"2.09";" 2";"B3";4;"12";60320
120;"Am Hauptbahnhof";"gerade";"";"";"";"";"1 ";"Bahnhofsviertel";"090";"1.03";" 1";"A3";2;"4";60329
120;"Am Hauptbahnhof";"ungerade";"";"";"";"";"1 ";"Gallus";"152";"1.06";" 1";"A3";7;"4";60329
121;"Am Hennsee";"gerade";"";"";"";"";"11";"Fechenheim";"510";"11.77";"11";"A1";48;"18";60386
121;"Am Hennsee";"ungerade";"";"";"";"";"11";"Fechenheim";"520";"11.78";"11";"A1";49;"18";60386
122;"Am Herrenhof";"";"";"";"";"";"10";"Berkersheim";"500";"10.74";"10";"A2";47;"14";60435
123;"Am Hochwehr";"";"";"";"";"";"9 ";"Ginnheim";"441";"9.67";" 9";"A2";38;"12";60431
124;"Am Hofgut";"";"";"";"";"";"7 ";"Praunheim";"422";"7.59";" 7";"A4";34;"14";60488
126;"Am Hohen Weg";"gerade";"10";"";"";"";"7 ";"Bockenheim";"343";"7.57";" 2";"A4";26;"11";60488
126;"Am Hohen Weg";"gerade";"12";"";"30";"";"7 ";"Hausen";"410";"7.58";" 7";"A4";26;"11";60488
126;"Am Hohen Weg";"ungerade";"";"";"";"";"7 ";"Hausen";"410";"7.58";" 7";"A4";26;"11";60488
128;"Am Honigberg";"";"";"";"";"";"10";"Berkersheim";"500";"10.74";"10";"A2";47;"14";60435
129;"Am Hopfengarten";"";"";"";"";"";"7 ";"Rödelheim";"402";"7.56";" 7";"A4";33;"11";60489
130;"Am Hühnerberg";"";"";"";"";"";"6 ";"Nied";"561";"6.42";"6A";"A7";53;"17";65934
131;"Am Industriehof";"gerade";"";"";"";"";"7 ";"Hausen";"410";"7.58";" 7";"A4";26;"11";60487
131;"Am Industriehof";"ungerade";"";"";"";"";"7 ";"Bockenheim";"343";"7.57";" 2";"A4";26;"11";60487
132;"Am Kapellenberg";"";"";"";"";"";"6 ";"Sossenheim";"631";"6.53";"6C";"A7";58;"17";65936
133;"Am Kappelgarten";"";"";"";"";"";"11";"Seckbach";"390";"11.75";"11";"A1";31;"6";60389
134;"Am Kirchberg";"";"";"";"";"";"9 ";"Eschersheim";"452";"9.66";" 9";"B3";39;"12";60431
135;"Am Kirchholz";"";"";"";"";"";"6 ";"Schwanheim";"531";"6.38";"6A";"A6";50;"10";60529
136;"Am Köstrich";"";"";"";"";"";"7 ";"Rödelheim";"401";"7.55";" 7";"A4";32;"11";60489
137;"Am Kreuz";"";"";"";"";"";"6 ";"Sossenheim";"632";"6.54";"6C";"A7";58;"17";65936
138;"Am Kunzengarten";"";"";"";"";"";"6 ";"Sossenheim";"632";"6.54";"6C";"A7";58;"17";65936
139;"Am Lachgraben";"";"";"";"";"";"6 ";"Sindlingen";"601";"6.47";"6B";"A7";55;"17";65931
141;"Am Leinritt";"";"";"";"";"";"11";"Fechenheim";"520";"11.78";"11";"A1";49;"18";60386
142;"Am Leisrain";"";"";"";"";"";"6 ";"Sossenheim";"631";"6.53";"6C";"A7";58;"17";65936
143;"Am Leonhardsbrunn";"";"";"";"";"";"2 ";"Bockenheim";"362";"2.12";" 2";"A4";27;"13";60487
144;"Am Leonhardstor";"";"";"";"";"";"1 ";"Altstadt";"010";"1.01";" 1";"A1";1;"1";60311
145;"Am Lindenbaum";"";"";"";"";"";"9 ";"Eschersheim";"452";"9.66";" 9";"B3";39;"12";60433
146;"Am Lindenfeld";"";"";"";"";"";"6 ";"Griesheim";"552";"6.41";"6A";"A3";52;"16";65933
147;"Am Lohrberg";"";"";"";"";"";"11";"Seckbach";"390";"11.75";"11";"A1";31;"6";60389
148;"Am Mainbörnchen";"";"";"";"";"";"11";"Fechenheim";"520";"11.78";"11";"A1";49;"18";60386
149;"Am Mainplacken";"";"";"";"";"";"6 ";"Nied";"561";"6.42";"6A";"A7";53;"16";65934
150;"Ammelburgstraße";"";"";"";"";"";"9 ";"Dornbusch";"463";"9.69";" 9";"B3";41;"12";60320
151;"Am Mühlgarten";"";"";"";"";"";"9 ";"Ginnheim";"441";"9.67";" 9";"A2";38;"12";60431
152;"Am Mühlgewann";"";"";"";"";"";"6 ";"Griesheim";"542";"6.40";"6A";"A3";52;"16";65933
153;"Am Mühlkanal";"";"";"";"";"";"5 ";"Sachsenhausen-Süd";"332";"5.29";"5A";"A6";24;"8";60599
154;"Am Neuenberg";"";"";"";"";"";"10";"Berkersheim";"500";"10.74";"10";"A2";47;"14";60435
155;"Am Neufeld";"";"";"";"";"";"6 ";"Griesheim";"542";"6.40";"6A";"A3";52;"16";65933
157;"Am Niedwald";"";"";"";"";"";"6 ";"Griesheim";"542";"6.40";"6A";"A3";52;"16";65933
158;"Am Oberforsthaus";"";"";"";"";"";"5 ";"Sachsenhausen-Süd";"325";"5.34";"5A";"A6";23;"10";60528
159;"Amöneburger Straße";"";"";"";"";"";"9 ";"Eschersheim";"452";"9.66";" 9";"B3";39;"12";60433
160;"Amorbacher Weg";"";"";"";"";"";"5 ";"Sachsenhausen-Süd";"332";"5.29";"5A";"A6";24;"8";60599
161;"Ampèrestraße";"";"";"";"";"";"2 ";"Bockenheim";"344";"2.14";" 2";"A4";10;"11";60486
162;"Am Pfingstlohr";"";"";"";"";"";"11";"Seckbach";"390";"11.75";"11";"A1";31;"6";60389
163;"Am Posthorn";"";"";"";"";"";"2 ";"Bockenheim";"344";"2.14";" 2";"A4";10;"11";60486
164;"Am Riederbruch";"";"";"";"";"";"11";"Riederwald";"262";"11.76";"11";"A1";17;"18";60386
165;"Am Rödelheimer Wehr";"";"";"";"";"";"7 ";"Rödelheim";"401";"7.55";" 7";"A4";32;"11";60489
166;"Am Römerhof";"gerade";"2";"";"";"";"2 ";"Bockenheim";"163";"2.15";" 2";"A4";10;"16";60486
166;"Am Römerhof";"gerade";"2";"A";"2";"B";"1 ";"Gallus";"165";"1.08";" 1";"A3";8;"13";60486
166;"Am Römerhof";"gerade";"2";"C";"36";"";"2 ";"Bockenheim";"163";"2.15";" 2";"A4";10;"13";60486
166;"Am Römerhof";"ungerade";"";"";"";"";"2 ";"Bockenheim";"163";"2.15";" 2";"A4";10;"13";60486
167;"Am Rötheneck";"";"";"";"";"";"4 ";"Bornheim";"272";"4.22";" 4";"A1";18;"6";60385
168;"Am Rosenberg";"";"";"";"";"";"6 ";"Nied";"561";"6.42";"6A";"A7";53;"17";65934
169;"Am Rosengarten";"";"";"";"";"";"6 ";"Nied";"561";"6.42";"6A";"A7";53;"16";65934
170;"Am Roten Graben";"";"";"";"";"";"11";"Fechenheim";"510";"11.77";"11";"A1";48;"18";60386
171;"Am Rütschlehen";"";"";"";"";"";"11";"Fechenheim";"510";"11.77";"11";"A1";48;"18";60386
172;"Am Ruhestein";"";"";"";"";"";"6 ";"Schwanheim";"532";"6.37";"6A";"A6";51;"10";60529
173;"Am Saalenbusch";"";"";"";"";"";"11";"Fechenheim";"510";"11.77";"11";"A1";48;"18";60386
174;"Am Salzhaus";"";"";"";"";"";"1 ";"Innenstadt";"040";"1.03";" 1";"A1";1;"1";60311
176;"Am Schieferstein";"";"";"";"";"";"10";"Berkersheim";"500";"10.74";"10";"A2";47;"14";60435
177;"Am Schießrain";"";"";"";"";"";"11";"Seckbach";"390";"11.75";"11";"A1";31;"6";60389
178;"Am Schwalbenschwanz";"gerade";"";"";"";"";"9 ";"Eschersheim";"452";"9.66";" 9";"B3";39;"12";60431
178;"Am Schwalbenschwanz";"ungerade";"1";"";"53";"";"9 ";"Dornbusch";"442";"9.68";" 9";"B3";38;"12";60431
178;"Am Schwalbenschwanz";"ungerade";"59";"";"77";"";"9 ";"Ginnheim";"441";"9.67";" 9";"A2";38;"12";60431
180;"Amselweg";"";"";"";"";"";"6 ";"Unterliederbach";"621";"6.51";"6C";"A7";57;"17";65929
181;"Am Selzerbrunnen";"";"";"";"";"";"6 ";"Nied";"562";"6.43";"6A";"A7";53;"16";65934
182;"Am Siechen";"";"";"";"";"";"6 ";"Schwanheim";"531";"6.38";"6A";"A6";50;"10";60529
185;"Am Spritzenhaus";"";"";"";"";"";"7 ";"Hausen";"410";"7.58";" 7";"A4";26;"11";60488
186;"Am Stadtpark";"";"";"";"";"";"6 ";"Höchst";"580";"6.45";"6C";"A7";54;"17";65929
187;"Am Städelshof";"";"";"";"";"";"1 ";"Innenstadt";"070";"1.01";" 1";"A1";1;"1";60313
188;"Am Steinernen Kreuz";"";"";"";"";"";"6 ";"Griesheim";"542";"6.40";"6A";"A3";52;"16";65933
189;"Am Steinernen Stock";"";"";"";"";"";"9 ";"Dornbusch";"463";"9.69";" 9";"B3";41;"12";60320
191;"Am Stiegelschlag";"";"";"";"";"";"4 ";"Bornheim";"272";"4.22";" 4";"A1";18;"6";60385
192;"Am Stockborn";"";"";"";"";"";"8 ";"Praunheim";"426";"8.62";" 7";"A2";36;"14";60439
193;"Am Strandbad Höchst";"";"";"";"";"";"6 ";"Höchst";"580";"6.45";"6C";"A7";54;"17";65934
195;"Am Tiergarten";"";"";"";"";"";"4 ";"Ostend";"251";"4.25";" 4";"A1";16;"5";60316
196;"Am Traubengarten";"";"";"";"";"";"10";"Berkersheim";"500";"10.74";"10";"A2";47;"14";60435
197;"Am Treutengraben";"";"";"";"";"";"7 ";"Praunheim";"424";"7.60";" 7";"A4";35;"14";60488
198;"Amtsgasse";"";"";"";"";"";"6 ";"Höchst";"580";"6.45";"6C";"A7";54;"17";65929
199;"Am Ulmenrück";"";"";"";"";"";"10";"Frankfurter Berg";"492";"10.71";"10";"A2";46;"14";60433
200;"Am Urselbach";"";"";"";"";"";"8 ";"Niederursel";"481";"8.63";" 8";"A2";43;"14";60439
202;"Am Wasserturm";"";"";"";"";"";"10";"Preungesheim";"470";"10.73";"10";"B3";42;"12";60435
203;"Am Weidenbaum";"";"";"";"";"";"6 ";"Griesheim";"541";"6.39";"6A";"A3";52;"16";65933
204;"Am Weidenbusch";"";"";"";"";"";"9 ";"Ginnheim";"441";"9.67";" 9";"A2";38;"12";60431
204;"Am Weidenbusch";"";"";"";"";"";"9 ";"Dornbusch";"442";"9.68";" 9";"B3";38;"12";60431
205;"Am Weidenwörth";"";"";"";"";"";"6 ";"Schwanheim";"531";"6.38";"6A";"A6";50;"10";60529
206;"Am Weigelsgarten";"";"";"";"";"";"9 ";"Eschersheim";"451";"9.65";" 9";"B3";39;"12";60433
207;"Am Weimarfloß";"";"";"";"";"";"9 ";"Ginnheim";"441";"9.67";" 9";"A2";38;"12";60431
208;"Am Weingarten";"";"";"";"";"";"2 ";"Bockenheim";"361";"2.12";" 2";"A4";27;"13";60487
209;"Am Weißen Stein";"gerade";"";"";"";"";"9 ";"Eschersheim";"451";"9.65";" 9";"B3";39;"12";60431
209;"Am Weißen Stein";"ungerade";"";"";"";"";"9 ";"Eschersheim";"452";"9.66";" 9";"B3";39;"12";60431
210;"Am Wendelsgarten";"";"";"";"";"";"10";"Bonames";"491";"10.70";"10";"A2";45;"14";60437
211;"Am Wiesenhof";"";"";"";"";"";"6 ";"Schwanheim";"532";"6.37";"6A";"A6";51;"10";60529
212;"Am Wiesenrain";"";"";"";"";"";"9 ";"Ginnheim";"441";"9.67";" 9";"A2";38;"12";60431
213;"Am Wingertsgrund";"";"";"";"";"";"6 ";"Griesheim";"541";"6.39";"6A";"A3";52;"16";65933
214;"Am Ziehgraben";"";"";"";"";"";"7 ";"Hausen";"410";"7.58";" 7";"A4";26;"11";60488
215;"An den Drei Brunnen";"";"";"";"";"";"9 ";"Ginnheim";"441";"9.67";" 9";"A2";38;"12";60431
216;"An den Drei Steinen";"";"";"";"";"";"10";"Preungesheim";"470";"10.73";"10";"B3";42;"12";60435
217;"An den Geiselwiesen";"";"";"";"";"";"7 ";"Praunheim";"424";"7.60";" 7";"A4";35;"11";60488
219;"An den Pflanzländern";"";"";"";"";"";"7 ";"Praunheim";"424";"7.60";" 7";"A4";35;"14";60488
220;"An den Postwiesen";"";"";"";"";"";"7 ";"Hausen";"410";"7.58";" 7";"A4";26;"11";60488
221;"An den Riederhöfen";"";"";"";"";"";"4 ";"Ostend";"261";"4.27";" 4";"A1";6;"5";60314
222;"An den Röthen";"";"";"";"";"";"4 ";"Bornheim";"272";"4.22";" 4";"A1";18;"6";60389
223;"An den Schießgärten";"";"";"";"";"";"8 ";"Niederursel";"481";"8.63";" 8";"A2";43;"14";60439
225;"An den Weiden";"";"";"";"";"";"9 ";"Eschersheim";"452";"9.66";" 9";"B3";39;"12";60433
229;"An der Bitz";"gerade";"10";"";"20";"";"7 ";"Praunheim";"425";"7.60";" 7";"A4";35;"14";60488
229;"An der Bitz";"gerade";"2";"";"8";"A";"7 ";"Praunheim";"422";"7.59";" 7";"A4";34;"14";60488
229;"An der Bitz";"ungerade";"1";"";"3";"";"7 ";"Praunheim";"422";"7.59";" 7";"A4";34;"14";60488
229;"An der Bitz";"ungerade";"5";"";"9";"";"7 ";"Praunheim";"425";"7.60";" 7";"A4";35;"14";60488
230;"An der Dammheide";"";"";"";"";"";"2 ";"Bockenheim";"342";"2.14";" 2";"A4";10;"13";60486
231;"An der Fähre";"";"";"";"";"";"6 ";"Griesheim";"541";"6.39";"6A";"A3";52;"16";65933
232;"An der Festeburg";"";"";"";"";"";"11";"Seckbach";"390";"11.75";"11";"A1";31;"6";60389
233;"An der Hauptwache";"gerade";"";"";"";"";"1 ";"Innenstadt";"050";"1.02";" 1";"A1";1;"1";60313
233;"An der Hauptwache";"ungerade";"1";"";"";"";"1 ";"Innenstadt";"040";"1.03";" 1";"A1";1;"1";60313
233;"An der Hauptwache";"ungerade";"3";"";"15";"";"1 ";"Innenstadt";"050";"1.02";" 1";"A1";1;"1";60313
234;"An der Herrenwiese";"";"";"";"";"";"6 ";"Schwanheim";"532";"6.37";"6A";"A6";51;"10";60529
235;"An der Kleinmarkthalle";"";"";"";"";"";"1 ";"Altstadt";"010";"1.01";" 1";"A1";1;"1";60311
236;"An der Kreuzheck";"";"";"";"";"";"6 ";"Schwanheim";"531";"6.38";"6A";"A6";50;"10";60529
237;"An der Mainkur";"";"";"";"";"";"11";"Fechenheim";"510";"11.77";"11";"A1";48;"18";60386
238;"An der Mannsfaust";"";"";"";"";"";"5 ";"Oberrad";"380";"5.28";"5A";"A6";30;"8";60599
239;"An der Nidda";"";"";"";"";"";"6 ";"Sossenheim";"632";"6.54";"6C";"A7";58;"17";65936
240;"An der Oberen Lache";"";"";"";"";"";"6 ";"Griesheim";"542";"6.40";"6A";"A3";52;"16";65933
241;"An der Praunheimer Mühle";"";"";"";"";"";"7 ";"Praunheim";"425";"7.60";" 7";"A4";35;"14";60488
242;"An der Ringmauer";"";"";"";"";"";"8 ";"Heddernheim";"432";"8.62";" 8";"A2";36;"14";60439
244;"An der Sandelmühle";"";"";"";"";"";"8 ";"Heddernheim";"431";"8.61";" 8";"A2";37;"14";60439
245;"An der Schwarzbachmühle";"";"";"";"";"";"6 ";"Schwanheim";"532";"6.37";"6A";"A6";51;"10";60529
246;"An der Seehecke";"";"";"";"";"";"11";"Fechenheim";"510";"11.77";"11";"A1";48;"18";60386
247;"Andersenweg";"";"";"";"";"";"9 ";"Ginnheim";"441";"9.67";" 9";"A2";38;"12";60431
248;"An der Steinmühle";"";"";"";"";"";"6 ";"Nied";"561";"6.42";"6A";"A7";53;"17";65934
249;"An der Tillylinde";"";"";"";"";"";"6 ";"Schwanheim";"531";"6.38";"6A";"A6";50;"10";60529
250;"An der Wildhube";"";"";"";"";"";"6 ";"Schwanheim";"531";"6.38";"6A";"A6";50;"10";60529
251;"An der Wörthspitze";"";"";"";"";"";"6 ";"Nied";"561";"6.42";"6A";"A7";53;"16";65934
252;"An der Wolfsweide";"";"";"";"";"";"10";"Preungesheim";"470";"10.73";"10";"B3";42;"12";60435
253;"An der Zingelswiese";"";"";"";"";"";"6 ";"Griesheim";"552";"6.41";"6A";"A3";52;"16";65933
254;"Andreaestraße";"gerade";"2";"";"6";"";"4 ";"Bornheim";"281";"4.24";" 4";"A1";19;"5";60385
254;"Andreaestraße";"gerade";"8";"";"24";"";"4 ";"Bornheim";"281";"4.24";" 4";"A1";19;"6";60385
254;"Andreaestraße";"ungerade";"";"";"";"";"4 ";"Bornheim";"281";"4.24";" 4";"A1";19;"6";60385
255;"Andreasplatz";"";"";"";"";"";"6 ";"Höchst";"580";"6.45";"6C";"A7";54;"17";65929
256;"Andreasstraße";"";"";"";"";"";"6 ";"Höchst";"580";"6.45";"6C";"A7";54;"17";65929
257;"Anemonenpfad";"";"";"";"";"";"6 ";"Griesheim";"542";"6.40";"6A";"A3";52;"16";65933
258;"Ankergasse";"";"";"";"";"";"11";"Fechenheim";"520";"11.78";"11";"A1";49;"18";60386
259;"Annabergstraße";"gerade";"";"";"";"";"6 ";"Zeilsheim";"611";"6.49";"6B";"A7";56;"17";65931
259;"Annabergstraße";"ungerade";"";"";"";"";"6 ";"Zeilsheim";"604";"6.49";"6B";"A7";56;"17";65931
260;"Annastraße";"";"";"";"";"";"3 ";"Nordend-West";"203";"3.16";" 3";"B3";11;"3";60322
261;"Anne-Frank-Straße";"";"";"";"";"";"9 ";"Eschersheim";"451";"9.65";" 9";"B3";39;"12";60433
262;"Anspacher Straße";"";"";"";"";"";"1 ";"Gallus";"165";"1.08";" 1";"A3";8;"4";60326
263;"Anton-Burger-Weg";"";"";"";"";"";"5 ";"Sachsenhausen-Süd";"332";"5.29";"5A";"A6";24;"8";60599
264;"Antoninusstraße";"gerade";"4";"";"38";"";"8 ";"Heddernheim";"431";"8.61";" 8";"A2";37;"14";60439
264;"Antoninusstraße";"gerade";"42";"";"84";"";"8 ";"Heddernheim";"432";"8.62";" 8";"A2";36;"14";60439
264;"Antoninusstraße";"ungerade";"39";"";"119";"";"8 ";"Heddernheim";"432";"8.62";" 8";"A2";36;"14";60439
264;"Antoninusstraße";"ungerade";"5";"";"37";"";"8 ";"Heddernheim";"431";"8.61";" 8";"A2";37;"14";60439
265;"Antoniterstraße";"";"";"";"";"";"6 ";"Höchst";"591";"6.46";"6C";"A7";54;"17";65929
266;"Anton-Radl-Pfad";"";"";"";"";"";"5 ";"Sachsenhausen-Süd";"332";"5.29";"5A";"A6";24;"8";60599
268;"Anzengruberstraße";"";"";"";"";"";"9 ";"Dornbusch";"442";"9.68";" 9";"B3";38;"12";60320
269;"Apoldaer Weg";"";"";"";"";"";"6 ";"Zeilsheim";"611";"6.49";"6B";"A7";56;"17";65931
270;"Apostelstraße";"";"";"";"";"";"5 ";"Niederrad";"372";"5.36";"5B";"A6";28;"10";60528
271;"Appelsgasse";"";"";"";"";"";"2 ";"Bockenheim";"350";"2.13";" 2";"A4";25;"13";60487
273;"Arndtstraße";"gerade";"";"";"";"";"2 ";"Westend-Süd";"100";"2.11";" 2";"A4";3;"13";60325
273;"Arndtstraße";"ungerade";"";"";"";"";"2 ";"Westend-Süd";"170";"2.11";" 2";"A4";3;"13";60325
274;"Arnsburger Straße";"gerade";"2";"";"24";"";"4 ";"Ostend";"252";"4.25";" 4";"A1";16;"5";60385
274;"Arnsburger Straße";"gerade";"32";"";"78";"";"4 ";"Bornheim";"282";"4.24";" 4";"A1";19;"5";60385
274;"Arnsburger Straße";"ungerade";"";"";"";"";"4 ";"Bornheim";"240";"4.23";" 4";"A1";15;"5";60385
275;"Arnstädter Weg";"gerade";"";"";"";"";"6 ";"Zeilsheim";"611";"6.49";"6B";"A7";56;"17";65931
275;"Arnstädter Weg";"ungerade";"1";"";"9";"";"6 ";"Zeilsheim";"604";"6.49";"6B";"A7";56;"17";65931
275;"Arnstädter Weg";"ungerade";"11";"";"29";"";"6 ";"Zeilsheim";"611";"6.49";"6B";"A7";56;"17";65931
276;"Arnsteiner Straße";"";"";"";"";"";"3 ";"Nordend-Ost";"222";"3.18";" 3";"A1";13;"6";60389
277;"Aschaffenburger Straße";"";"";"";"";"";"5 ";"Sachsenhausen-Süd";"332";"5.29";"5A";"A6";24;"8";60599
279;"Assenheimer Straße";"";"";"";"";"";"7 ";"Rödelheim";"401";"7.55";" 7";"A4";32;"11";60489
280;"Assmannshäuser Weg";"";"";"";"";"";"6 ";"Schwanheim";"531";"6.38";"6A";"A6";50;"10";60529
281;"Astronomenweg";"";"";"";"";"";"6 ";"Unterliederbach";"621";"6.51";"6C";"A7";57;"17";65929
282;"Auerfeldstraße";"";"";"";"";"";"11";"Seckbach";"390";"11.75";"11";"A1";31;"6";60389
283;"Auerhahnstraße";"";"";"";"";"";"6 ";"Griesheim";"552";"6.41";"6A";"A3";52;"16";65933
284;"Auerstraße";"";"";"";"";"";"6 ";"Höchst";"580";"6.45";"6C";"A7";54;"17";65929
285;"Auerswaldstraße";"";"";"";"";"";"4 ";"Ostend";"252";"4.25";" 4";"A1";16;"5";60385
286;"Auerweg";"";"";"";"";"";"11";"Seckbach";"390";"11.75";"11";"A1";31;"6";60389
287;"Auf dem Berg";"";"";"";"";"";"6 ";"Nied";"562";"6.43";"6A";"A7";53;"16";65934
288;"Auf dem Gleichen";"";"";"";"";"";"6 ";"Nied";"562";"6.43";"6A";"A7";53;"16";65934
289;"Auf dem Lohr";"";"";"";"";"";"11";"Seckbach";"390";"11.75";"11";"A1";31;"6";60389
290;"Auf dem Mühlberg";"";"";"";"";"";"5 ";"Sachsenhausen-Süd";"332";"5.29";"5A";"A6";24;"8";60599
291;"Auf dem Schafberg";"";"";"";"";"";"6 ";"Griesheim";"541";"6.39";"6A";"A3";52;"16";65933
293;"Auf der Beun";"";"";"";"";"";"6 ";"Griesheim";"551";"6.39";"6A";"A3";52;"16";65933
294;"Auf der Insel";"";"";"";"";"";"7 ";"Rödelheim";"401";"7.55";" 7";"A4";32;"11";60489
295;"Auf der Körnerwiese";"";"";"";"";"";"2 ";"Westend-Nord";"191";"2.09";" 2";"B3";4;"3";60322
296;"Auf der Kuhr";"";"";"";"";"";"10";"Berkersheim";"500";"10.74";"10";"A2";47;"14";60435
297;"Auf der Lindenhöhe";"";"";"";"";"";"9 ";"Eschersheim";"452";"9.66";" 9";"B3";39;"12";60433
298;"Auf der Platte";"";"";"";"";"";"10";"Preungesheim";"470";"10.73";"10";"B3";42;"12";60435
299;"Auf der Sandeller";"";"";"";"";"";"10";"Berkersheim";"500";"10.74";"10";"A2";47;"14";60435
300;"Auf der Schanz";"";"";"";"";"";"6 ";"Sossenheim";"631";"6.53";"6C";"A7";58;"17";65936
303;"Auf die Bach";"";"";"";"";"";"6 ";"Sindlingen";"601";"6.47";"6B";"A7";55;"17";65931
304;"Augrabenweg";"";"";"";"";"";"6 ";"Unterliederbach";"621";"6.51";"6C";"A7";57;"17";65929
305;"August-Bebel-Straße";"";"";"";"";"";"6 ";"Griesheim";"541";"6.39";"6A";"A3";52;"16";65933
306;"Augustenburgstraße";"";"";"";"";"";"7 ";"Praunheim";"425";"7.60";" 7";"A4";35;"14";60488
307;"August-Euler-Straße";"";"";"";"";"";"2 ";"Bockenheim";"163";"2.15";" 2";"A4";10;"13";60486
308;"August-Schanz-Straße";"gerade";"2";"";"32";"";"10";"Preungesheim";"470";"10.73";"10";"B3";42;"14";60433
308;"August-Schanz-Straße";"gerade";"36";"";"";"";"10";"Berkersheim";"500";"10.74";"10";"A2";47;"14";60433
308;"August-Schanz-Straße";"gerade";"38";"";"82";"";"10";"Preungesheim";"470";"10.73";"10";"B3";42;"14";60433
308;"August-Schanz-Straße";"ungerade";"";"";"";"";"10";"Preungesheim";"470";"10.73";"10";"B3";42;"14";60433
309;"August-Scheidel-Straße";"";"";"";"";"";"9 ";"Ginnheim";"441";"9.67";" 9";"A2";38;"12";60431
310;"August-Siebert-Straße";"";"";"";"";"";"2 ";"Westend-Nord";"191";"2.09";" 2";"B3";4;"3";60323
311;"Augustusstraße";"";"";"";"";"";"8 ";"Heddernheim";"431";"8.61";" 8";"A2";37;"14";60439
313;"Aussiger Straße";"";"";"";"";"";"5 ";"Sachsenhausen-Süd";"326";"5.34";"5A";"A6";23;"8";60598
316;"Autogenstraße";"";"";"";"";"";"6 ";"Griesheim";"551";"6.39";"6A";"A3";52;"16";65933
318;"Aystettstraße";"";"";"";"";"";"3 ";"Nordend-West";"203";"3.16";" 3";"B3";11;"3";60322
319;"Babenhäuser Landstraße";"";"";"";"";"";"5 ";"Sachsenhausen-Süd";"332";"5.29";"5A";"A6";24;"8";60599
320;"Bachflussweg";"";"";"";"";"";"5 ";"Oberrad";"380";"5.28";"5A";"A6";30;"8";60599
321;"Bachmannstraße";"";"";"";"";"";"7 ";"Hausen";"410";"7.58";" 7";"A4";26;"11";60488
322;"Bachstelzenweg";"";"";"";"";"";"6 ";"Unterliederbach";"621";"6.51";"6C";"A7";57;"17";65929
323;"Bachwiesenstraße";"";"";"";"";"";"5 ";"Oberrad";"380";"5.28";"5A";"A6";30;"8";60599
325;"Badstubengasse";"";"";"";"";"";"6 ";"Höchst";"580";"6.45";"6C";"A7";54;"17";65929
326;"Bäckergasse";"";"";"";"";"";"5 ";"Sachsenhausen-Nord";"300";"5.31";"5A";"A6";20;"8";60594
327;"Bäckerweg";"";"";"";"";"";"3 ";"Nordend-Ost";"130";"3.20";" 3";"A1";5;"3";60316
328;"Bärenstraße";"gerade";"12";"";"14";"";"4 ";"Ostend";"251";"4.25";" 4";"A1";16;"5";60316
328;"Bärenstraße";"gerade";"2";"";"4";"";"4 ";"Ostend";"261";"4.27";" 4";"A1";6;"5";60316
328;"Bärenstraße";"ungerade";"1";"";"5";"";"4 ";"Ostend";"261";"4.27";" 4";"A1";6;"5";60316
328;"Bärenstraße";"ungerade";"13";"";"";"";"4 ";"Ostend";"251";"4.25";" 4";"A1";16;"5";60316
329;"Baeyerstraße";"";"";"";"";"";"6 ";"Griesheim";"551";"6.39";"6A";"A3";52;"16";65933
373;"Balduinstraße";"gerade";"62";"";"";"";"5 ";"Sachsenhausen-Süd";"332";"5.29";"5A";"A6";24;"8";60599
373;"Balduinstraße";"gerade";"64";"";"116";"";"5 ";"Oberrad";"380";"5.28";"5A";"A6";30;"8";60599
373;"Balduinstraße";"ungerade";"";"";"";"";"5 ";"Oberrad";"380";"5.28";"5A";"A6";30;"8";60599
374;"Barchfeldstraße";"";"";"";"";"";"10";"Eckenheim";"461";"10.72";"10";"B3";40;"12";60435
375;"Barckhausstraße";"gerade";"18";"";"";"";"2 ";"Westend-Süd";"100";"2.11";" 2";"A4";3;"3";60325
375;"Barckhausstraße";"gerade";"2";"";"16";"";"2 ";"Westend-Süd";"100";"2.11";" 2";"A4";3;"13";60325
375;"Barckhausstraße";"ungerade";"";"";"";"";"2 ";"Westend-Süd";"100";"2.11";" 2";"A4";3;"13";60325
376;"Bartholomäusgasse";"";"";"";"";"";"6 ";"Zeilsheim";"611";"6.49";"6B";"A7";56;"17";65931
377;"Basaltstraße";"";"";"";"";"";"2 ";"Bockenheim";"361";"2.12";" 2";"A4";27;"13";60487
378;"Baseler Platz";"";"";"";"";"";"1 ";"Gutleutviertel";"151";"1.04";" 1";"A3";2;"4";60329
379;"Baseler Straße";"";"";"";"";"";"1 ";"Gutleutviertel";"151";"1.04";" 1";"A3";2;"4";60329
380;"Battenberger Weg";"";"";"";"";"";"7 ";"Rödelheim";"402";"7.56";" 7";"A4";33;"11";60489
381;"Batterie";"";"";"";"";"";"6 ";"Höchst";"580";"6.45";"6C";"A7";54;"17";65929
382;"Battonnstraße";"gerade";"2";"";"40";"";"1 ";"Innenstadt";"080";"1.01";" 1";"A1";1;"1";60311
382;"Battonnstraße";"gerade";"50";"";"66";"";"1 ";"Altstadt";"010";"1.01";" 1";"A1";1;"1";60311
382;"Battonnstraße";"ungerade";"5";"";"47";"";"1 ";"Innenstadt";"080";"1.01";" 1";"A1";1;"1";60311
382;"Battonnstraße";"ungerade";"57";"";"65";"";"1 ";"Altstadt";"010";"1.01";" 1";"A1";1;"1";60311
383;"Bauhofstraße";"";"";"";"";"";"6 ";"Höchst";"580";"6.45";"6C";"A7";54;"17";65929
384;"Baumertstraße";"gerade";"2";"";"32";"";"11";"Fechenheim";"510";"11.77";"11";"A1";48;"18";60386
384;"Baumertstraße";"gerade";"38";"";"88";"";"11";"Fechenheim";"520";"11.78";"11";"A1";49;"18";60386
384;"Baumertstraße";"ungerade";"1";"";"29";"";"11";"Fechenheim";"510";"11.77";"11";"A1";48;"18";60386
384;"Baumertstraße";"ungerade";"37";"";"81";"";"11";"Fechenheim";"520";"11.78";"11";"A1";49;"18";60386
385;"Baumweg";"gerade";"2";"";"42";"";"3 ";"Nordend-Ost";"130";"3.20";" 3";"A1";14;"3";60316
385;"Baumweg";"gerade";"44";"";"50";"";"3 ";"Nordend-Ost";"130";"3.20";" 3";"A1";5;"3";60316
385;"Baumweg";"ungerade";"1";"";"39";"";"3 ";"Nordend-Ost";"130";"3.20";" 3";"A1";14;"3";60316
385;"Baumweg";"ungerade";"41";"";"57";"";"3 ";"Nordend-Ost";"130";"3.20";" 3";"A1";5;"3";60316
386;"Baustraße";"";"";"";"";"";"3 ";"Nordend-West";"201";"3.21";" 3";"B3";11;"3";60322
387;"Bebraer Straße";"";"";"";"";"";"11";"Fechenheim";"510";"11.77";"11";"A1";48;"18";60386
388;"Bechtenwaldstraße";"";"";"";"";"";"6 ";"Zeilsheim";"612";"6.50";"6B";"A7";56;"17";65931
390;"Beethovenplatz";"";"";"";"";"";"2 ";"Westend-Süd";"170";"2.11";" 2";"A4";3;"13";60325
391;"Beethovenstraße";"";"";"";"";"";"2 ";"Westend-Süd";"170";"2.11";" 2";"A4";3;"13";60325
392;"Belchenstraße";"";"";"";"";"";"5 ";"Niederrad";"371";"5.35";"5B";"A6";28;"10";60528
393;"Bendelgasse";"";"";"";"";"";"8 ";"Heddernheim";"431";"8.61";" 8";"A2";37;"14";60439
396;"Berger Straße";"gerade";"126";"";"190";"";"4 ";"Bornheim";"240";"4.23";" 4";"A1";15;"6";60385
396;"Berger Straße";"gerade";"194";"";"206";"";"4 ";"Bornheim";"282";"4.24";" 4";"A1";19;"6";60385
396;"Berger Straße";"gerade";"212";"";"296";"";"4 ";"Bornheim";"281";"4.24";" 4";"A1";19;"6";60385
396;"Berger Straße";"gerade";"308";"";"458";"";"4 ";"Bornheim";"290";"4.22";" 4";"A1";18;"6";60385
396;"Berger Straße";"gerade";"4";"";"42";"";"3 ";"Nordend-Ost";"130";"3.20";" 3";"A1";14;"3";60316
396;"Berger Straße";"gerade";"46";"";"124";"B";"3 ";"Nordend-Ost";"230";"3.20";" 3";"A1";14;"3";60316
396;"Berger Straße";"ungerade";"107";"";"179";"";"4 ";"Bornheim";"240";"4.23";" 4";"A1";15;"6";60385
396;"Berger Straße";"ungerade";"15";"";"41";"";"3 ";"Nordend-Ost";"130";"3.20";" 3";"A1";5;"3";60316
396;"Berger Straße";"ungerade";"183";"";"225";"";"4 ";"Bornheim";"271";"4.23";" 4";"A1";15;"6";60385
396;"Berger Straße";"ungerade";"233";"";"387";"";"4 ";"Bornheim";"272";"4.22";" 4";"A1";18;"6";60385
396;"Berger Straße";"ungerade";"47";"";"101";"";"3 ";"Nordend-Ost";"230";"3.20";" 3";"A1";14;"3";60316
397;"Berger Weg";"";"";"";"";"";"11";"Seckbach";"390";"11.75";"11";"A1";31;"6";60389
398;"Bergesgrundweg";"";"";"";"";"";"5 ";"Sachsenhausen-Süd";"332";"5.29";"5A";"A6";24;"8";60599
399;"Bergmannweg";"";"";"";"";"";"6 ";"Nied";"562";"6.43";"6A";"A7";53;"16";65934
400;"Berkersheimer Bahnstraße";"";"";"";"";"";"10";"Berkersheim";"500";"10.74";"10";"A2";47;"14";60435
401;"Berkersheimer Hohl";"";"";"";"";"";"10";"Berkersheim";"500";"10.74";"10";"A2";47;"14";60435
402;"Berkersheimer Obergasse";"";"";"";"";"";"10";"Berkersheim";"500";"10.74";"10";"A2";47;"14";60435
403;"Berkersheimer Untergasse";"";"";"";"";"";"10";"Berkersheim";"500";"10.74";"10";"A2";47;"14";60435
404;"Berkersheimer Weg";"gerade";"104";"";"120";"";"9 ";"Eschersheim";"451";"9.65";" 9";"B3";39;"12";60433
404;"Berkersheimer Weg";"gerade";"2";"A";"102";"";"10";"Frankfurter Berg";"492";"10.71";"10";"A2";46;"14";60433
404;"Berkersheimer Weg";"ungerade";"163";"";"205";"";"9 ";"Eschersheim";"451";"9.65";" 9";"B3";39;"12";60433
404;"Berkersheimer Weg";"ungerade";"7";"";"155";"";"10";"Frankfurter Berg";"492";"10.71";"10";"A2";46;"14";60433
405;"Berliner Straße";"gerade";"2";"";"72";"";"1 ";"Altstadt";"010";"1.01";" 1";"A1";1;"1";60311
405;"Berliner Straße";"gerade";"74";"";"";"";"1 ";"Innenstadt";"040";"1.03";" 1";"A1";1;"1";60311
405;"Berliner Straße";"ungerade";"";"";"";"";"1 ";"Altstadt";"010";"1.01";" 1";"A1";1;"1";60311
406;"Bernadottestraße";"gerade";"";"";"";"";"8 ";"Praunheim";"426";"8.62";" 7";"A2";36;"14";60439
406;"Bernadottestraße";"ungerade";"";"";"";"";"8 ";"Heddernheim";"432";"8.62";" 8";"A2";36;"14";60439
407;"Bernburger Weg";"";"";"";"";"";"6 ";"Zeilsheim";"611";"6.49";"6B";"A7";56;"17";65931
408;"Bernhard-Mannfeld-Weg";"";"";"";"";"";"5 ";"Sachsenhausen-Süd";"332";"5.29";"5A";"A6";24;"8";60599
409;"Bernusstraße";"";"";"";"";"";"2 ";"Bockenheim";"362";"2.12";" 2";"A4";27;"13";60487
410;"Bertha-von-Suttner-Ring";"";"";"";"";"";"5 ";"Sachsenhausen-Süd";"323";"5.30";"5A";"A6";22;"8";60598
411;"Bertholdstraße";"";"";"";"";"";"8 ";"Praunheim";"426";"8.62";" 7";"A2";36;"14";60439
413;"Bertramstraße";"gerade";"14";"";"26";"";"9 ";"Dornbusch";"463";"9.69";" 9";"B3";41;"12";60320
413;"Bertramstraße";"gerade";"2";"";"8";"";"3 ";"Nordend-West";"202";"3.16";" 3";"B3";11;"12";60320
413;"Bertramstraße";"ungerade";"21";"";"45";"";"3 ";"Nordend-West";"202";"3.16";" 3";"B3";11;"12";60320
413;"Bertramstraße";"ungerade";"49";"";"95";"";"9 ";"Dornbusch";"462";"9.69";" 9";"B3";41;"12";60320
414;"Bertramswiese";"";"";"";"";"";"3 ";"Nordend-West";"202";"3.16";" 3";"B3";11;"12";60320
415;"Beselerstraße";"";"";"";"";"";"4 ";"Ostend";"252";"4.25";" 4";"A1";16;"5";60385
416;"Bethmann-Hollweg-Straße";"";"";"";"";"";"5 ";"Oberrad";"380";"5.28";"5A";"A6";30;"8";60599
417;"Bethmannstraße";"gerade";"2";"";"10";"";"1 ";"Altstadt";"010";"1.01";" 1";"A1";1;"1";60311
417;"Bethmannstraße";"gerade";"50";"";"58";"";"1 ";"Innenstadt";"040";"1.03";" 1";"A1";1;"1";60311
417;"Bethmannstraße";"ungerade";"23";"";"41";"";"1 ";"Innenstadt";"040";"1.03";" 1";"A1";1;"1";60311
417;"Bethmannstraße";"ungerade";"3";"";"19";"";"1 ";"Altstadt";"010";"1.01";" 1";"A1";1;"1";60311
418;"Bettinaplatz";"";"";"";"";"";"2 ";"Westend-Süd";"170";"2.11";" 2";"A4";3;"13";60325
419;"Bettinastraße";"gerade";"";"";"";"";"2 ";"Westend-Süd";"100";"2.11";" 2";"A4";3;"13";60325
419;"Bettinastraße";"ungerade";"";"";"";"";"2 ";"Westend-Süd";"170";"2.11";" 2";"A4";3;"13";60325
420;"Betzdorfer Straße";"";"";"";"";"";"6 ";"Sossenheim";"632";"6.54";"6C";"A7";58;"17";65936
421;"Beunestraße";"";"";"";"";"";"6 ";"Nied";"561";"6.42";"6A";"A7";53;"16";65934
422;"Beuthener Straße";"";"";"";"";"";"5 ";"Sachsenhausen-Süd";"326";"5.34";"5A";"A6";23;"8";60598
423;"Biebergasse";"";"";"";"";"";"1 ";"Innenstadt";"050";"1.02";" 1";"A1";1;"1";60313
424;"Biedenkopfer Weg";"";"";"";"";"";"7 ";"Rödelheim";"402";"7.56";" 7";"A4";33;"11";60489
425;"Biegweg";"";"";"";"";"";"2 ";"Bockenheim";"344";"2.14";" 2";"A4";10;"11";60486
426;"Bielefelder Straße";"gerade";"2";"";"22";"";"6 ";"Zeilsheim";"611";"6.49";"6B";"A7";56;"17";65931
426;"Bielefelder Straße";"gerade";"24";"";"138";"";"6 ";"Zeilsheim";"604";"6.49";"6B";"A7";56;"17";65931
426;"Bielefelder Straße";"ungerade";"1";"";"35";"";"6 ";"Zeilsheim";"611";"6.49";"6B";"A7";56;"17";65931
426;"Bielefelder Straße";"ungerade";"37";"";"91";"";"6 ";"Zeilsheim";"604";"6.49";"6B";"A7";56;"17";65931
427;"Bildäckerstraße";"";"";"";"";"";"6 ";"Nied";"561";"6.42";"6A";"A7";53;"16";65934
428;"Billtalstraße";"";"";"";"";"";"6 ";"Höchst";"580";"6.45";"6C";"A7";54;"17";65929
429;"Bilsteinweg";"";"";"";"";"";"10";"Preungesheim";"470";"10.73";"10";"B3";42;"12";60435
430;"Bindingstraße";"";"";"";"";"";"5 ";"Sachsenhausen-Süd";"323";"5.30";"5A";"A6";22;"8";60598
431;"Bingelsweg";"gerade";"102";"";"114";"";"6 ";"Griesheim";"552";"6.41";"6A";"A3";52;"16";65933
431;"Bingelsweg";"gerade";"40";"";"80";"";"6 ";"Griesheim";"542";"6.40";"6A";"A3";52;"16";65933
431;"Bingelsweg";"ungerade";"";"";"";"";"6 ";"Griesheim";"542";"6.40";"6A";"A3";52;"16";65933
432;"Birkenweg";"";"";"";"";"";"2 ";"Bockenheim";"342";"2.14";" 2";"A4";10;"13";60486
433;"Birkholzweg";"";"";"";"";"";"9 ";"Eschersheim";"451";"9.65";" 9";"B3";39;"12";60433
435;"Birsteiner Straße";"";"";"";"";"";"11";"Fechenheim";"510";"11.77";"11";"A1";48;"18";60386
436;"Bischofsheimer Platz";"";"";"";"";"";"1 ";"Gallus";"164";"1.08";" 1";"A3";8;"16";60326
437;"Bischofsheimer Straße";"";"";"";"";"";"1 ";"Gallus";"164";"1.08";" 1";"A3";8;"16";60326
438;"Bischofsweg";"gerade";"32";"";"62";"";"5 ";"Sachsenhausen-Süd";"323";"5.30";"5A";"A6";22;"8";60598
438;"Bischofsweg";"gerade";"6";"";"12";"";"5 ";"Sachsenhausen-Süd";"326";"5.34";"5A";"A6";23;"8";60598
438;"Bischofsweg";"ungerade";"1";"";"19";"C";"5 ";"Sachsenhausen-Süd";"326";"5.34";"5A";"A6";23;"8";60598
438;"Bischofsweg";"ungerade";"25";"";"65";"";"5 ";"Sachsenhausen-Süd";"323";"5.30";"5A";"A6";22;"8";60598
439;"Bitterfelder Weg";"";"";"";"";"";"6 ";"Zeilsheim";"611";"6.49";"6B";"A7";56;"17";65931
440;"Blanchardstraße";"";"";"";"";"";"2 ";"Bockenheim";"362";"2.12";" 2";"A4";27;"13";60487
441;"Blankenburger Weg";"";"";"";"";"";"6 ";"Zeilsheim";"611";"6.49";"6B";"A7";56;"17";65931
442;"Blankenheimer Straße";"";"";"";"";"";"6 ";"Schwanheim";"531";"6.38";"6A";"A6";50;"10";60529
443;"Blauenstraße";"";"";"";"";"";"5 ";"Niederrad";"371";"5.35";"5B";"A6";28;"10";60528
444;"Blauhandgasse";"";"";"";"";"";"1 ";"Altstadt";"010";"1.01";" 1";"A1";1;"1";60311
445;"Blauländchenstraße";"";"";"";"";"";"6 ";"Zeilsheim";"611";"6.49";"6B";"A7";56;"17";65931
446;"Bleichstraße";"";"";"";"";"";"1 ";"Innenstadt";"060";"1.02";" 1";"A1";1;"1";60313
447;"Bleidenstraße";"";"";"";"";"";"1 ";"Altstadt";"010";"1.01";" 1";"A1";1;"1";60311
448;"Bleiweißstraße";"";"";"";"";"";"5 ";"Oberrad";"380";"5.28";"5A";"A6";30;"8";60599
450;"Blumenstraße";"";"";"";"";"";"3 ";"Nordend-West";"120";"3.21";" 3";"A1";5;"3";60318
451;"Bockenheimer Anlage";"";"";"";"";"";"2 ";"Westend-Süd";"110";"2.10";" 2";"A4";4;"3";60322
452;"Bockenheimer Landstraße";"gerade";"124";"";"";"";"2 ";"Westend-Süd";"180";"2.10";" 2";"A4";4;"3";60325
452;"Bockenheimer Landstraße";"gerade";"2";"";"4";"";"2 ";"Westend-Süd";"110";"2.10";" 2";"A4";4;"3";60306
452;"Bockenheimer Landstraße";"gerade";"6";"";"42";"";"2 ";"Westend-Süd";"110";"2.10";" 2";"A4";4;"3";60323
452;"Bockenheimer Landstraße";"gerade";"64";"";"108";"";"2 ";"Westend-Süd";"180";"2.10";" 2";"A4";4;"3";60323
452;"Bockenheimer Landstraße";"ungerade";"131";"";"135";"";"2 ";"Westend-Süd";"170";"2.11";" 2";"A4";3;"13";60325
452;"Bockenheimer Landstraße";"ungerade";"79";"";"111";"";"2 ";"Westend-Süd";"170";"2.11";" 2";"A4";3;"3";60325
452;"Bockenheimer Landstraße";"ungerade";"9";"";"77";"";"2 ";"Westend-Süd";"100";"2.11";" 2";"A4";3;"3";60325
454;"Bockenheimer Wiesenweg";"";"";"";"";"";"2 ";"Bockenheim";"362";"2.12";" 2";"A4";27;"13";60487
455;"Bodelschwinghstraße";"gerade";"2";"";"30";"";"11";"Fechenheim";"510";"11.77";"11";"A1";48;"18";60386
455;"Bodelschwinghstraße";"gerade";"34";"";"38";"";"11";"Fechenheim";"520";"11.78";"11";"A1";49;"18";60386
455;"Bodelschwinghstraße";"ungerade";"";"";"";"";"11";"Fechenheim";"510";"11.77";"11";"A1";48;"18";60386
456;"Bodenbacher Weg";"";"";"";"";"";"5 ";"Sachsenhausen-Süd";"326";"5.34";"5A";"A6";23;"8";60598
457;"Bodenseestraße";"";"";"";"";"";"11";"Fechenheim";"510";"11.77";"11";"A1";48;"18";60386
458;"Bodenstedtstraße";"";"";"";"";"";"5 ";"Sachsenhausen-Nord";"324";"5.32";"5A";"A6";21;"8";60594
459;"Böcklinstraße";"";"";"";"";"";"5 ";"Sachsenhausen-Nord";"322";"5.33";"5A";"A6";21;"8";60596
460;"Boehlepark";"";"";"";"";"";"5 ";"Sachsenhausen-Süd";"323";"5.30";"5A";"A6";22;"8";60598
461;"Böhmerstraße";"";"";"";"";"";"2 ";"Westend-Nord";"191";"2.09";" 2";"B3";4;"3";60322
462;"Bönstädter Straße";"";"";"";"";"";"4 ";"Bornheim";"272";"4.22";" 4";"A1";18;"6";60385
463;"An der Staufenmauer";"";"";"";"";"";"1 ";"Altstadt";"010";"1.01";" 1";"A1";1;"1";60311
464;"Börsenplatz";"";"";"";"";"";"1 ";"Innenstadt";"050";"1.02";" 1";"A1";1;"1";60313
465;"Börsenstraße";"";"";"";"";"";"1 ";"Innenstadt";"050";"1.02";" 1";"A1";1;"1";60313
466;"Böttgerstraße";"";"";"";"";"";"3 ";"Nordend-Ost";"222";"3.18";" 3";"A1";13;"6";60389
467;"Bolongarostraße";"gerade";"130";"";"186";"";"6 ";"Höchst";"591";"6.46";"6C";"A7";54;"17";65929
467;"Bolongarostraße";"gerade";"2";"";"68";"";"6 ";"Nied";"561";"6.42";"6A";"A7";53;"17";65934
467;"Bolongarostraße";"gerade";"82";"";"128";"";"6 ";"Höchst";"580";"6.45";"6C";"A7";54;"17";65929
467;"Bolongarostraße";"ungerade";"23";"";"75";"";"6 ";"Nied";"561";"6.42";"6A";"A7";53;"17";65934
467;"Bolongarostraße";"ungerade";"83";"";"189";"";"6 ";"Höchst";"580";"6.45";"6C";"A7";54;"17";65929
468;"Bommersheimer Straße";"";"";"";"";"";"7 ";"Praunheim";"422";"7.59";" 7";"A4";34;"14";60488
469;"Bonameser Hainstraße";"";"";"";"";"";"10";"Bonames";"491";"10.70";"10";"A2";45;"14";60437
470;"Bonameser Hintergasse";"";"";"";"";"";"10";"Bonames";"491";"10.70";"10";"A2";45;"14";60437
471;"Bonameser Mittelgasse";"";"";"";"";"";"10";"Bonames";"491";"10.70";"10";"A2";45;"14";60437
473;"Bonameser Straße";"gerade";"2";"";"44";"";"9 ";"Eschersheim";"451";"9.65";" 9";"B3";39;"12";60433
473;"Bonameser Straße";"gerade";"92";"";"198";"";"9 ";"Eschersheim";"451";"9.65";" 9";"B3";39;"14";60433
473;"Bonameser Straße";"ungerade";"";"";"";"";"9 ";"Eschersheim";"451";"9.65";" 9";"B3";39;"12";60433
475;"Bornemannstraße";"";"";"";"";"";"5 ";"Sachsenhausen-Süd";"332";"5.29";"5A";"A6";24;"8";60599
476;"Bornheimer Landstraße";"gerade";"2";"";"38";"";"3 ";"Nordend-Ost";"230";"3.20";" 3";"A1";14;"3";60316
476;"Bornheimer Landstraße";"gerade";"42";"";"64";"";"3 ";"Nordend-Ost";"221";"3.19";" 3";"A1";13;"3";60316
476;"Bornheimer Landstraße";"ungerade";"1";"";"45";"";"3 ";"Nordend-Ost";"230";"3.20";" 3";"A1";14;"3";60316
476;"Bornheimer Landstraße";"ungerade";"49";"";"79";"";"3 ";"Nordend-Ost";"130";"3.20";" 3";"A1";5;"3";60316
477;"Bornheimer Landwehr";"gerade";"";"";"";"";"4 ";"Ostend";"252";"4.25";" 4";"A1";16;"5";60385
477;"Bornheimer Landwehr";"ungerade";"";"";"";"";"4 ";"Bornheim";"282";"4.24";" 4";"A1";19;"5";60385
478;"Bornwiesenweg";"gerade";"18";"";"34";"";"3 ";"Nordend-West";"201";"3.21";" 3";"B3";11;"3";60322
478;"Bornwiesenweg";"gerade";"2";"";"14";"";"3 ";"Nordend-West";"120";"3.21";" 3";"A1";5;"3";60322
478;"Bornwiesenweg";"ungerade";"43";"";"55";"";"3 ";"Nordend-West";"120";"3.21";" 3";"A1";5;"3";60322
478;"Bornwiesenweg";"ungerade";"61";"";"81";"";"3 ";"Nordend-West";"201";"3.21";" 3";"B3";11;"3";60322
479;"Borsigallee";"gerade";"2";"";"24";"C";"11";"Seckbach";"390";"11.75";"11";"A1";31;"18";60388
479;"Borsigallee";"gerade";"26";"";"40";"";"16";"Bergen-Enkheim";"680";"16.83";"16";"A1";64;"18";60388
479;"Borsigallee";"ungerade";"33";"";"69";"";"16";"Bergen-Enkheim";"680";"16.83";"16";"A1";64;"18";60388
479;"Borsigallee";"ungerade";"9";"";"31";"";"11";"Seckbach";"390";"11.75";"11";"A1";31;"18";60388
480;"Boseweg";"";"";"";"";"";"6 ";"Schwanheim";"532";"6.37";"6A";"A6";51;"10";60529
481;"Boßstraße";"";"";"";"";"";"10";"Preungesheim";"470";"10.73";"10";"B3";42;"12";60435
482;"Bottenhorner Weg";"";"";"";"";"";"7 ";"Rödelheim";"402";"7.56";" 7";"A4";33;"11";60489
483;"Brahmsstraße";"";"";"";"";"";"3 ";"Nordend-West";"212";"3.17";" 3";"A1";12;"3";60318
484;"Brand";"";"";"";"";"";"6 ";"Höchst";"591";"6.46";"6C";"A7";54;"17";65929
485;"Braubachstraße";"";"";"";"";"";"1 ";"Altstadt";"010";"1.01";" 1";"A1";1;"1";60311
486;"Braumannstraße";"";"";"";"";"";"10";"Preungesheim";"470";"10.73";"10";"B3";42;"12";60435
487;"Braunfelsstraße";"";"";"";"";"";"2 ";"Bockenheim";"163";"2.15";" 2";"A4";10;"13";60486
488;"Braunschweiger Weg";"";"";"";"";"";"6 ";"Zeilsheim";"611";"6.49";"6B";"A7";56;"17";65931
489;"Bregenzer Straße";"";"";"";"";"";"11";"Fechenheim";"520";"11.78";"11";"A1";49;"18";60386
490;"Breidensteiner Weg";"";"";"";"";"";"7 ";"Rödelheim";"402";"7.56";" 7";"A4";33;"11";60489
491;"Breite Gasse";"";"";"";"";"";"1 ";"Innenstadt";"070";"1.01";" 1";"A1";1;"1";60313
492;"Breitenbachbrücke";"";"";"";"";"";"2 ";"Bockenheim";"350";"2.13";" 2";"A4";25;"13";60487
492;"Breitenbachbrücke";"";"";"";"";"";"2 ";"Bockenheim";"362";"2.12";" 2";"A4";27;"13";60487
492;"Breitenbachbrücke";"";"";"";"";"";"7 ";"Bockenheim";"343";"7.57";" 2";"A4";26;"11";60487
492;"Breitenbachbrücke";"";"";"";"";"";"7 ";"Bockenheim";"343";"7.57";" 2";"A4";26;"13";60487
493;"Breitenbachstraße";"";"";"";"";"";"7 ";"Bockenheim";"343";"7.57";" 2";"A4";26;"11";60487
494;"Breitlacherstraße";"";"";"";"";"";"7 ";"Rödelheim";"402";"7.56";" 7";"A4";33;"11";60489
495;"Bremer Platz";"";"";"";"";"";"2 ";"Westend-Nord";"191";"2.09";" 2";"B3";4;"3";60322
496;"Bremer Straße";"gerade";"";"";"";"";"2 ";"Westend-Nord";"191";"2.09";" 2";"B3";4;"3";60322
496;"Bremer Straße";"ungerade";"";"";"";"";"2 ";"Westend-Nord";"191";"2.09";" 2";"B3";4;"3";60323
497;"Brendelstraße";"";"";"";"";"";"7 ";"Hausen";"410";"7.58";" 7";"A4";26;"11";60488
498;"Brentanopark";"";"";"";"";"";"7 ";"Rödelheim";"401";"7.55";" 7";"A4";32;"11";60489
499;"Brentanostraße";"gerade";"18";"A";"";"";"2 ";"Westend-Süd";"100";"2.11";" 2";"A4";3;"3";60325
499;"Brentanostraße";"gerade";"2";"";"18";"";"2 ";"Westend-Süd";"100";"2.11";" 2";"A4";3;"13";60325
499;"Brentanostraße";"ungerade";"";"";"";"";"2 ";"Westend-Süd";"100";"2.11";" 2";"A4";3;"13";60325
500;"Breslauer Straße";"";"";"";"";"";"5 ";"Sachsenhausen-Süd";"326";"5.34";"5A";"A6";23;"8";60598
501;"Breubergstraße";"";"";"";"";"";"5 ";"Niederrad";"371";"5.35";"5B";"A6";28;"10";60528
502;"Breuerwiesenstraße";"";"";"";"";"";"6 ";"Höchst";"580";"6.45";"6C";"A7";54;"17";65929
503;"Breulsweg";"";"";"";"";"";"5 ";"Sachsenhausen-Süd";"332";"5.29";"5A";"A6";24;"8";60599
504;"Briandring";"";"";"";"";"";"5 ";"Sachsenhausen-Süd";"323";"5.30";"5A";"A6";22;"8";60598
505;"Brönnerstraße";"";"";"";"";"";"1 ";"Innenstadt";"060";"1.02";" 1";"A1";1;"1";60313
506;"Brohltalstraße";"";"";"";"";"";"6 ";"Schwanheim";"531";"6.38";"6A";"A6";50;"10";60529
507;"Brombeerpfad";"";"";"";"";"";"6 ";"Griesheim";"542";"6.40";"6A";"A3";52;"16";65933
508;"Brommstraße";"";"";"";"";"";"9 ";"Dornbusch";"463";"9.69";" 9";"B3";41;"12";60320
509;"Broßstraße";"";"";"";"";"";"2 ";"Bockenheim";"362";"2.12";" 2";"A4";27;"13";60487
510;"Bruchfeldplatz";"";"";"";"";"";"5 ";"Niederrad";"371";"5.35";"5B";"A6";28;"10";60528
511;"Bruchfeldstraße";"";"";"";"";"";"5 ";"Niederrad";"371";"5.35";"5B";"A6";28;"10";60528
512;"Bruchstraße";"";"";"";"";"";"5 ";"Sachsenhausen-Nord";"324";"5.32";"5A";"A6";21;"8";60594
513;"Brückenstraße";"gerade";"32";"";"60";"";"5 ";"Sachsenhausen-Nord";"300";"5.31";"5A";"A6";20;"8";60594
513;"Brückenstraße";"gerade";"66";"";"94";"";"5 ";"Sachsenhausen-Nord";"324";"5.32";"5A";"A6";21;"8";60594
513;"Brückenstraße";"ungerade";"3";"";"41";"";"5 ";"Sachsenhausen-Nord";"300";"5.31";"5A";"A6";20;"8";60594
513;"Brückenstraße";"ungerade";"43";"";"79";"";"5 ";"Sachsenhausen-Nord";"324";"5.32";"5A";"A6";21;"8";60594
514;"Brückhofstraße";"";"";"";"";"";"1 ";"Innenstadt";"080";"1.01";" 1";"A1";1;"1";60311
515;"Brüder-Grimm-Straße";"gerade";"20";"";"66";"";"4 ";"Ostend";"252";"4.25";" 4";"A1";16;"5";60385
515;"Brüder-Grimm-Straße";"gerade";"8";"";"16";"";"4 ";"Ostend";"251";"4.25";" 4";"A1";16;"5";60314
515;"Brüder-Grimm-Straße";"ungerade";"3";"";"13";"";"4 ";"Ostend";"251";"4.25";" 4";"A1";16;"5";60314
515;"Brüder-Grimm-Straße";"ungerade";"31";"";"61";"";"4 ";"Ostend";"252";"4.25";" 4";"A1";16;"5";60385
516;"Brühlfeld";"";"";"";"";"";"8 ";"Heddernheim";"431";"8.61";" 8";"A2";37;"14";60439
517;"Brühlstraße";"";"";"";"";"";"8 ";"Heddernheim";"431";"8.61";" 8";"A2";37;"14";60439
518;"Brüningstraße";"gerade";"2";"";"38";"";"6 ";"Höchst";"591";"6.46";"6C";"A7";54;"17";65929
518;"Brüningstraße";"gerade";"50";"";"62";"";"6 ";"Höchst";"592";"6.46";"6C";"A7";54;"17";65929
518;"Brüningstraße";"ungerade";"3";"";"27";"";"6 ";"Höchst";"591";"6.46";"6C";"A7";54;"17";65929
518;"Brüningstraße";"ungerade";"45";"";"";"";"6 ";"Höchst";"592";"6.46";"6C";"A7";54;"17";65929
519;"Brunnenpfad";"";"";"";"";"";"6 ";"Nied";"562";"6.43";"6A";"A7";53;"16";65934
520;"Brunnenstraße";"";"";"";"";"";"5 ";"Oberrad";"380";"5.28";"5A";"A6";30;"8";60599
521;"Buchbornstraße";"";"";"";"";"";"7 ";"Praunheim";"422";"7.59";" 7";"A4";34;"14";60488
522;"Buchenrodestraße";"";"";"";"";"";"5 ";"Niederrad";"371";"5.35";"5B";"A6";28;"10";60528
523;"Buchenstraße";"";"";"";"";"";"6 ";"Griesheim";"552";"6.41";"6A";"A3";52;"16";65933
524;"Buchgasse";"";"";"";"";"";"1 ";"Altstadt";"010";"1.01";" 1";"A1";1;"1";60311
525;"Buchrainstraße";"gerade";"2";"";"84";"";"5 ";"Oberrad";"380";"5.28";"5A";"A6";30;"8";60599
525;"Buchrainstraße";"gerade";"94";"";"200";"";"5 ";"Sachsenhausen-Süd";"332";"5.29";"5A";"A6";24;"8";60599
525;"Buchrainstraße";"ungerade";"101";"";"";"";"5 ";"Sachsenhausen-Süd";"332";"5.29";"5A";"A6";24;"8";60599
525;"Buchrainstraße";"ungerade";"3";"";"97";"";"5 ";"Oberrad";"380";"5.28";"5A";"A6";30;"8";60599
526;"Buchwaldstraße";"gerade";"";"";"";"";"4 ";"Bornheim";"281";"4.24";" 4";"A1";19;"6";60385
526;"Buchwaldstraße";"ungerade";"";"";"";"";"4 ";"Bornheim";"290";"4.22";" 4";"A1";18;"6";60385
528;"Bückeburger Weg";"";"";"";"";"";"6 ";"Zeilsheim";"611";"6.49";"6B";"A7";56;"17";65931
529;"Büdinger Straße";"";"";"";"";"";"10";"Eckenheim";"461";"10.72";"10";"B3";40;"12";60435
530;"Bürgeler Straße";"";"";"";"";"";"11";"Fechenheim";"520";"11.78";"11";"A1";49;"18";60386
532;"Bundenweg";"";"";"";"";"";"9 ";"Dornbusch";"463";"9.69";" 9";"B3";41;"12";60320
574;"Burgenlandweg";"gerade";"";"";"";"";"5 ";"Sachsenhausen-Süd";"332";"5.29";"5A";"A6";24;"8";60599
574;"Burgenlandweg";"ungerade";"";"";"";"";"5 ";"Oberrad";"380";"5.28";"5A";"A6";30;"8";60599
575;"Burgfriedenstraße";"";"";"";"";"";"7 ";"Rödelheim";"402";"7.56";" 7";"A4";33;"11";60489
576;"Burggraben";"";"";"";"";"";"6 ";"Höchst";"580";"6.45";"6C";"A7";54;"17";65929
577;"Burgholzer Platz";"";"";"";"";"";"9 ";"Eschersheim";"452";"9.66";" 9";"B3";39;"12";60433
578;"Burgholzer Straße";"";"";"";"";"";"9 ";"Eschersheim";"452";"9.66";" 9";"B3";39;"12";60433
579;"Burglehen";"";"";"";"";"";"11";"Fechenheim";"520";"11.78";"11";"A1";49;"18";60386
580;"Burgstraße";"gerade";"136";"";"142";"";"4 ";"Bornheim";"271";"4.23";" 4";"A1";15;"6";60389
580;"Burgstraße";"gerade";"2";"";"60";"";"3 ";"Nordend-Ost";"230";"3.20";" 3";"A1";14;"3";60316
580;"Burgstraße";"gerade";"68";"";"134";"";"4 ";"Bornheim";"240";"4.23";" 4";"A1";15;"6";60389
580;"Burgstraße";"ungerade";"3";"";"43";"";"3 ";"Nordend-Ost";"221";"3.19";" 3";"A1";13;"3";60316
580;"Burgstraße";"ungerade";"45";"";"95";"";"3 ";"Nordend-Ost";"222";"3.18";" 3";"A1";13;"6";60389
581;"Burgunderweg";"";"";"";"";"";"6 ";"Unterliederbach";"622";"6.52";"6C";"A7";57;"17";65929
582;"Burnitzstraße";"";"";"";"";"";"5 ";"Sachsenhausen-Nord";"322";"5.33";"5A";"A6";21;"8";60596
583;"Butzbacher Straße";"";"";"";"";"";"3 ";"Nordend-Ost";"222";"3.18";" 3";"A1";13;"6";60389
584;"Butznickelweg";"";"";"";"";"";"6 ";"Zeilsheim";"612";"6.50";"6B";"A7";56;"17";65931
585;"Buzzistraße";"";"";"";"";"";"2 ";"Bockenheim";"163";"2.15";" 2";"A4";10;"13";60486
586;"Cäcilienstraße";"";"";"";"";"";"9 ";"Eschersheim";"451";"9.65";" 9";"B3";39;"12";60433
587;"Camberger Straße";"gerade";"10";"";"12";"";"1 ";"Gallus";"152";"1.06";" 1";"A3";7;"4";60327
587;"Camberger Straße";"gerade";"4";"";"";"";"1 ";"Gutleutviertel";"151";"1.04";" 1";"A3";2;"4";60327
587;"Camberger Straße";"ungerade";"";"";"";"";"1 ";"Gallus";"153";"1.05";" 1";"A3";7;"4";60327
588;"Camillo-Sitte-Weg";"";"";"";"";"";"7 ";"Praunheim";"422";"7.59";" 7";"A4";34;"14";60488
589;"Carl-Goerdeler-Straße";"";"";"";"";"";"9 ";"Dornbusch";"462";"9.69";" 9";"B3";41;"12";60320
590;"Carl-Heicke-Weg";"";"";"";"";"";"4 ";"Ostend";"252";"4.25";" 4";"A1";16;"5";60385
591;"Carl-Sonnenschein-Straße";"";"";"";"";"";"6 ";"Sossenheim";"632";"6.54";"6C";"A7";58;"17";65936
592;"Carl-Ulrich-Brücke";"";"";"";"";"";"11";"Fechenheim";"520";"11.78";"11";"A1";49;"18";60386
593;"Carl-von-Weinberg-Park";"";"";"";"";"";"5 ";"Niederrad";"372";"5.36";"5B";"A6";28;"10";60528
594;"Carl-von-Weinberg-Straße";"";"";"";"";"";"2 ";"Westend-Nord";"192";"2.09";" 2";"B3";4;"12";60320
595;"Casparistraße";"";"";"";"";"";"10";"Eckenheim";"461";"10.72";"10";"B3";40;"12";60435
596;"Cassellastraße";"";"";"";"";"";"11";"Fechenheim";"510";"11.77";"11";"A1";48;"18";60386
597;"Chamissostraße";"gerade";"";"";"";"";"9 ";"Dornbusch";"442";"9.68";" 9";"B3";38;"12";60431
597;"Chamissostraße";"ungerade";"";"";"";"";"9 ";"Ginnheim";"441";"9.67";" 9";"A2";38;"12";60431
598;"Chattenweg";"";"";"";"";"";"6 ";"Unterliederbach";"622";"6.52";"6C";"A7";57;"17";65929
599;"Cheruskerweg";"";"";"";"";"";"6 ";"Unterliederbach";"622";"6.52";"6C";"A7";57;"17";65929
600;"Cimbernweg";"";"";"";"";"";"6 ";"Unterliederbach";"622";"6.52";"6C";"A7";57;"17";65929
601;"Clementineweg";"";"";"";"";"";"4 ";"Ostend";"252";"4.25";" 4";"A1";16;"5";60385
602;"Coburger Weg";"";"";"";"";"";"6 ";"Zeilsheim";"611";"6.49";"6B";"A7";56;"17";65931
603;"Cohausenstraße";"gerade";"";"";"";"";"8 ";"Heddernheim";"431";"8.61";" 8";"A2";37;"14";60439
603;"Cohausenstraße";"ungerade";"1";"";"27";"";"8 ";"Heddernheim";"431";"8.61";" 8";"A2";37;"14";60439
603;"Cohausenstraße";"ungerade";"29";"";"87";"";"8 ";"Heddernheim";"432";"8.62";" 8";"A2";36;"14";60439
604;"Comeniusstraße";"gerade";"";"";"";"";"4 ";"Bornheim";"271";"4.23";" 4";"A1";15;"6";60389
604;"Comeniusstraße";"ungerade";"";"";"";"";"3 ";"Nordend-Ost";"222";"3.18";" 3";"A1";13;"6";60389
605;"Cordierstraße";"";"";"";"";"";"1 ";"Gallus";"154";"1.05";" 1";"A3";8;"16";60326
606;"Corneliusstraße";"";"";"";"";"";"2 ";"Westend-Süd";"170";"2.11";" 2";"A4";3;"13";60325
607;"Cranachstraße";"";"";"";"";"";"5 ";"Sachsenhausen-Nord";"321";"5.32";"5A";"A6";21;"8";60596
608;"Cretzschmarstraße";"";"";"";"";"";"2 ";"Bockenheim";"362";"2.12";" 2";"A4";27;"13";60487
609;"Cronstettenstraße";"";"";"";"";"";"3 ";"Nordend-West";"203";"3.16";" 3";"B3";11;"3";60322
610;"Cuxhavener Straße";"";"";"";"";"";"6 ";"Griesheim";"542";"6.40";"6A";"A3";52;"16";65933
611;"Däumling";"";"";"";"";"";"6 ";"Sossenheim";"631";"6.53";"6C";"A7";58;"17";65936
612;"Dahlmannstraße";"";"";"";"";"";"4 ";"Ostend";"252";"4.25";" 4";"A1";16;"5";60385
613;"Daimlerstraße";"";"";"";"";"";"4 ";"Ostend";"261";"4.27";" 4";"A1";6;"5";60314
614;"Dalbergstraße";"";"";"";"";"";"6 ";"Höchst";"591";"6.46";"6C";"A7";54;"17";65929
615;"Damaschkeanger";"";"";"";"";"";"7 ";"Praunheim";"422";"7.59";" 7";"A4";34;"14";60488
616;"Dammstraße";"";"";"";"";"";"5 ";"Sachsenhausen-Nord";"331";"5.31";"5A";"A6";20;"8";60594
617;"Danneckerstraße";"";"";"";"";"";"5 ";"Sachsenhausen-Nord";"324";"5.32";"5A";"A6";21;"8";60594
618;"Dantestraße";"";"";"";"";"";"2 ";"Westend-Süd";"170";"2.11";" 2";"A4";3;"13";60325
619;"Danziger Platz";"gerade";"12";"";"";"";"4 ";"Ostend";"252";"4.25";" 4";"A1";16;"5";60314
619;"Danziger Platz";"gerade";"2";"";"4";"";"4 ";"Ostend";"261";"4.27";" 4";"A1";6;"5";60314
619;"Danziger Platz";"ungerade";"";"";"";"";"4 ";"Ostend";"261";"4.27";" 4";"A1";6;"5";60314
620;"Darmstädter Landstraße";"gerade";"10";"";"50";"";"5 ";"Sachsenhausen-Nord";"324";"5.32";"5A";"A6";21;"8";60594
620;"Darmstädter Landstraße";"gerade";"4";"";"6";"";"5 ";"Sachsenhausen-Nord";"300";"5.31";"5A";"A6";20;"8";60594
620;"Darmstädter Landstraße";"gerade";"62";"";"66";"";"5 ";"Sachsenhausen-Nord";"324";"5.32";"5A";"A6";21;"8";60598
620;"Darmstädter Landstraße";"gerade";"730";"";"";"";"5 ";"Sachsenhausen-Süd";"323";"5.30";"5A";"A6";22;"";63263
620;"Darmstädter Landstraße";"gerade";"78";"";"412";"";"5 ";"Sachsenhausen-Süd";"323";"5.30";"5A";"A6";22;"8";60598
620;"Darmstädter Landstraße";"ungerade";"1";"";"23";"";"5 ";"Sachsenhausen-Nord";"331";"5.31";"5A";"A6";20;"8";60594
620;"Darmstädter Landstraße";"ungerade";"27";"";"35";"";"5 ";"Sachsenhausen-Nord";"331";"5.31";"5A";"A6";20;"8";60598
620;"Darmstädter Landstraße";"ungerade";"741";"";"";"";"5 ";"Sachsenhausen-Süd";"332";"5.29";"5A";"A6";24;"";63263
620;"Darmstädter Landstraße";"ungerade";"75";"";"339";"";"5 ";"Sachsenhausen-Süd";"332";"5.29";"5A";"A6";24;"8";60598
621;"David-Stempel-Straße";"";"";"";"";"";"5 ";"Sachsenhausen-Nord";"324";"5.32";"5A";"A6";21;"8";60594
622;"De-Bary-Straße";"";"";"";"";"";"3 ";"Nordend-West";"202";"3.16";" 3";"B3";11;"12";60320
623;"Dehnhardtstraße";"gerade";"2";"";"28";"";"9 ";"Dornbusch";"462";"9.69";" 9";"B3";41;"12";60433
623;"Dehnhardtstraße";"gerade";"30";"";"84";"";"9 ";"Eschersheim";"452";"9.66";" 9";"B3";39;"12";60433
623;"Dehnhardtstraße";"ungerade";"";"";"";"";"9 ";"Eschersheim";"452";"9.66";" 9";"B3";39;"12";60433
624;"De-Neufville-Straße";"";"";"";"";"";"5 ";"Oberrad";"380";"5.28";"5A";"A6";30;"8";60599
625;"Denisweg";"gerade";"202";"";"226";"";"6 ";"Griesheim";"542";"6.40";"6A";"A3";52;"16";65933
625;"Denisweg";"gerade";"234";"";"238";"";"6 ";"Nied";"562";"6.43";"6A";"A7";53;"16";65934
625;"Denisweg";"ungerade";"185";"";"225";"";"6 ";"Griesheim";"542";"6.40";"6A";"A3";52;"16";65933
625;"Denisweg";"ungerade";"235";"";"239";"";"6 ";"Nied";"562";"6.43";"6A";"A7";53;"16";65934
626;"Denzerstraße";"";"";"";"";"";"6 ";"Nied";"561";"6.42";"6A";"A7";53;"16";65934
627;"De-Ridder-Weg";"";"";"";"";"";"6 ";"Unterliederbach";"621";"6.51";"6C";"A7";57;"17";65929
628;"Dessauer Weg";"";"";"";"";"";"6 ";"Zeilsheim";"611";"6.49";"6B";"A7";56;"17";65931
629;"Detmolder Platz";"";"";"";"";"";"6 ";"Zeilsheim";"611";"6.49";"6B";"A7";56;"17";65931
630;"Deutschherrnbrücke";"";"";"";"";"";"4 ";"Ostend";"261";"4.27";" 4";"A1";6;"5";60314
630;"Deutschherrnbrücke";"";"";"";"";"";"5 ";"Sachsenhausen-Nord";"331";"5.31";"5A";"A6";20;"8";60594
631;"Deutschherrnufer";"gerade";"12";"";"";"";"5 ";"Sachsenhausen-Nord";"300";"5.31";"5A";"A6";20;"8";60594
631;"Deutschherrnufer";"gerade";"28";"";"52";"";"5 ";"Sachsenhausen-Nord";"331";"5.31";"5A";"A6";20;"8";60594
631;"Deutschherrnufer";"ungerade";"17";"";"19";"";"5 ";"Sachsenhausen-Nord";"300";"5.31";"5A";"A6";20;"8";60594
631;"Deutschherrnufer";"ungerade";"27";"";"51";"";"5 ";"Sachsenhausen-Nord";"331";"5.31";"5A";"A6";20;"8";60594
633;"Deutschordenstraße";"";"";"";"";"";"5 ";"Niederrad";"371";"5.35";"5B";"A6";28;"10";60528
635;"Diebsgrundweg";"";"";"";"";"";"2 ";"Bockenheim";"362";"2.12";" 2";"A4";27;"13";60487
636;"Dieburger Straße";"";"";"";"";"";"11";"Fechenheim";"520";"11.78";"11";"A1";49;"18";60386
637;"Dielmannstraße";"";"";"";"";"";"5 ";"Sachsenhausen-Süd";"332";"5.29";"5A";"A6";24;"8";60599
638;"Diemelstraße";"";"";"";"";"";"2 ";"Bockenheim";"350";"2.13";" 2";"A4";25;"13";60486
639;"Dieselstraße";"gerade";"2";"";"40";"";"4 ";"Ostend";"261";"4.27";" 4";"A1";6;"5";60314
639;"Dieselstraße";"gerade";"50";"";"52";"";"11";"Fechenheim";"510";"11.77";"11";"A1";48;"5";60314
639;"Dieselstraße";"ungerade";"";"";"";"";"4 ";"Ostend";"261";"4.27";" 4";"A1";6;"5";60314
640;"Diesterwegplatz";"";"";"";"";"";"5 ";"Sachsenhausen-Nord";"324";"5.32";"5A";"A6";21;"8";60594
641;"Diesterwegstraße";"";"";"";"";"";"5 ";"Sachsenhausen-Nord";"324";"5.32";"5A";"A6";21;"8";60594
642;"Dietesheimer Straße";"";"";"";"";"";"11";"Fechenheim";"520";"11.78";"11";"A1";49;"18";60386
643;"Dietrichstraße";"";"";"";"";"";"8 ";"Praunheim";"426";"8.62";" 7";"A2";36;"14";60439
644;"Diezer Straße";"";"";"";"";"";"8 ";"Heddernheim";"431";"8.61";" 8";"A2";37;"14";60439
645;"Dillenburger Straße";"";"";"";"";"";"8 ";"Heddernheim";"431";"8.61";" 8";"A2";37;"14";60439
646;"Dillgasse";"";"";"";"";"";"8 ";"Heddernheim";"431";"8.61";" 8";"A2";37;"14";60439
647;"Distelrasen";"";"";"";"";"";"11";"Fechenheim";"510";"11.77";"11";"A1";48;"18";60386
648;"Ditmarstraße";"";"";"";"";"";"2 ";"Bockenheim";"362";"2.12";" 2";"A4";27;"13";60487
649;"Dörnigheimer Straße";"";"";"";"";"";"4 ";"Ostend";"261";"4.27";" 4";"A1";6;"5";60314
650;"Dörrwiesenstraße";"";"";"";"";"";"7 ";"Rödelheim";"402";"7.56";" 7";"A4";33;"11";60489
651;"Dominikanergasse";"";"";"";"";"";"1 ";"Altstadt";"010";"1.01";" 1";"A1";1;"1";60311
652;"Börneplatz";"";"";"";"";"";"1 ";"Innenstadt";"080";"1.01";" 1";"A1";1;"1";60311
653;"Domitianstraße";"";"";"";"";"";"8 ";"Heddernheim";"431";"8.61";" 8";"A2";37;"14";60439
654;"Domplatz";"";"";"";"";"";"1 ";"Altstadt";"010";"1.01";" 1";"A1";1;"1";60311
655;"Domstraße";"";"";"";"";"";"1 ";"Altstadt";"010";"1.01";" 1";"A1";1;"1";60311
656;"Donnersbergstraße";"";"";"";"";"";"5 ";"Niederrad";"371";"5.35";"5B";"A6";28;"10";60528
657;"Dorfelder Straße";"";"";"";"";"";"4 ";"Bornheim";"271";"4.23";" 4";"A1";15;"6";60385
658;"Dorfwiesenweg";"";"";"";"";"";"8 ";"Niederursel";"481";"8.63";" 8";"A2";43;"14";60439
659;"Dornholzhäuser Straße";"";"";"";"";"";"10";"Bonames";"491";"10.70";"10";"A2";45;"14";60437
660;"Dortelweiler Straße";"gerade";"";"";"";"";"4 ";"Bornheim";"272";"4.22";" 4";"A1";18;"6";60389
660;"Dortelweiler Straße";"ungerade";"49";"";"143";"";"3 ";"Nordend-Ost";"222";"3.18";" 3";"A1";13;"6";60389
660;"Dortelweiler Straße";"ungerade";"7";"";"39";"";"4 ";"Bornheim";"272";"4.22";" 4";"A1";18;"6";60389
661;"Dottenfeldstraße";"";"";"";"";"";"6 ";"Sossenheim";"632";"6.54";"6C";"A7";58;"17";65936
662;"Draisbornstraße";"";"";"";"";"";"11";"Seckbach";"390";"11.75";"11";"A1";31;"6";60389
663;"Dreieichstraße";"gerade";"2";"";"34";"";"5 ";"Sachsenhausen-Nord";"300";"5.31";"5A";"A6";20;"8";60594
663;"Dreieichstraße";"gerade";"42";"";"54";"";"5 ";"Sachsenhausen-Nord";"331";"5.31";"5A";"A6";20;"8";60594
663;"Dreieichstraße";"ungerade";"";"";"";"";"5 ";"Sachsenhausen-Nord";"331";"5.31";"5A";"A6";20;"8";60594
664;"Dreihäusergasse";"";"";"";"";"";"9 ";"Eschersheim";"451";"9.65";" 9";"B3";39;"12";60433
665;"Dreikönigsstraße";"";"";"";"";"";"5 ";"Sachsenhausen-Nord";"300";"5.31";"5A";"A6";20;"8";60594
667;"Dreispitzstraße";"";"";"";"";"";"7 ";"Rödelheim";"402";"7.56";" 7";"A4";33;"11";60489
668;"Drosselweg";"";"";"";"";"";"6 ";"Unterliederbach";"621";"6.51";"6C";"A7";57;"17";65929
669;"Droysenstraße";"";"";"";"";"";"4 ";"Ostend";"252";"4.25";" 4";"A1";16;"5";60385
671;"Dürerstraße";"";"";"";"";"";"5 ";"Sachsenhausen-Nord";"321";"5.32";"5A";"A6";21;"8";60596
672;"Dürkheimer Straße";"";"";"";"";"";"6 ";"Nied";"561";"6.42";"6A";"A7";53;"16";65934
673;"Düsseldorfer Straße";"gerade";"";"";"";"";"1 ";"Bahnhofsviertel";"090";"1.03";" 1";"A3";2;"4";60329
673;"Düsseldorfer Straße";"ungerade";"";"";"";"";"1 ";"Gallus";"152";"1.06";" 1";"A3";7;"4";60329
675;"Dufourstraße";"";"";"";"";"";"6 ";"Sossenheim";"631";"6.53";"6C";"A7";58;"17";65936
676;"Duisbergstraße";"";"";"";"";"";"2 ";"Westend-Nord";"192";"2.09";" 2";"B3";4;"12";60320
678;"Dunantring";"";"";"";"";"";"6 ";"Sossenheim";"631";"6.53";"6C";"A7";58;"17";65936
679;"Dunckerstraße";"";"";"";"";"";"11";"Riederwald";"262";"11.76";"11";"A1";17;"18";60386
680;"Ebereschenweg";"";"";"";"";"";"10";"Frankfurter Berg";"492";"10.71";"10";"A2";46;"14";60433
681;"Eberhardstraße";"";"";"";"";"";"4 ";"Bornheim";"281";"4.24";" 4";"A1";19;"6";60385
682;"Ebersheimstraße";"";"";"";"";"";"9 ";"Dornbusch";"463";"9.69";" 9";"B3";41;"12";60320
683;"Eberstadtstraße";"";"";"";"";"";"7 ";"Praunheim";"422";"7.59";" 7";"A4";34;"14";60488
684;"Eckenheimer Landstraße";"gerade";"114";"";"184";"";"3 ";"Nordend-West";"212";"3.17";" 3";"A1";12;"3";60318
684;"Eckenheimer Landstraße";"gerade";"188";"";"196";"";"3 ";"Nordend-West";"213";"3.17";" 3";"A1";12;"12";60320
684;"Eckenheimer Landstraße";"gerade";"2";"";"52";"";"3 ";"Nordend-West";"120";"3.21";" 3";"A1";5;"3";60318
684;"Eckenheimer Landstraße";"gerade";"220";"";"246";"";"10";"Eckenheim";"461";"10.72";"10";"B3";40;"12";60320
684;"Eckenheimer Landstraße";"gerade";"250";"";"376";"";"10";"Eckenheim";"461";"10.72";"10";"B3";40;"12";60435
684;"Eckenheimer Landstraße";"gerade";"56";"";"102";"";"3 ";"Nordend-West";"211";"3.19";" 3";"A1";12;"3";60318
684;"Eckenheimer Landstraße";"ungerade";"165";"";"";"";"3 ";"Nordend-West";"203";"3.16";" 3";"B3";11;"3";60322
684;"Eckenheimer Landstraße";"ungerade";"183";"";"277";"";"3 ";"Nordend-West";"202";"3.16";" 3";"B3";11;"12";60320
684;"Eckenheimer Landstraße";"ungerade";"279";"";"339";"";"9 ";"Dornbusch";"463";"9.69";" 9";"B3";41;"12";60320
684;"Eckenheimer Landstraße";"ungerade";"3";"";"45";"";"3 ";"Nordend-West";"120";"3.21";" 3";"A1";5;"3";60318
684;"Eckenheimer Landstraße";"ungerade";"341";"";"505";"";"10";"Eckenheim";"461";"10.72";"10";"B3";40;"12";60435
684;"Eckenheimer Landstraße";"ungerade";"47";"";"71";"";"3 ";"Nordend-West";"201";"3.21";" 3";"B3";11;"3";60318
684;"Eckenheimer Landstraße";"ungerade";"73";"";"143";"";"3 ";"Nordend-West";"203";"3.16";" 3";"B3";11;"3";60318
685;"Eckenheimer Schulstraße";"";"";"";"";"";"10";"Eckenheim";"461";"10.72";"10";"B3";40;"12";60435
686;"Eckernförder Straße";"";"";"";"";"";"10";"Eckenheim";"461";"10.72";"10";"B3";40;"12";60435
688;"Edenkobener Straße";"";"";"";"";"";"6 ";"Sindlingen";"602";"6.48";"6B";"A7";55;"17";65931
689;"Ederstraße";"";"";"";"";"";"2 ";"Bockenheim";"350";"2.13";" 2";"A4";25;"13";60486
691;"Eduard-Bernstein-Weg";"";"";"";"";"";"8 ";"Niederursel";"481";"8.63";" 8";"A2";43;"14";60439
692;"Eduard-Rüppell-Straße";"";"";"";"";"";"9 ";"Dornbusch";"462";"9.69";" 9";"B3";41;"12";60320
693;"Egelsbacher Straße";"";"";"";"";"";"5 ";"Niederrad";"371";"5.35";"5B";"A6";28;"10";60528
694;"Egenolffstraße";"";"";"";"";"";"3 ";"Nordend-Ost";"221";"3.19";" 3";"A1";13;"3";60316
695;"Egestraße";"";"";"";"";"";"7 ";"Praunheim";"423";"7.59";" 7";"A4";34;"11";60488
696;"Ehingerstraße";"";"";"";"";"";"1 ";"Gallus";"154";"1.05";" 1";"A3";8;"16";60326
697;"Eichendorffstraße";"";"";"";"";"";"9 ";"Dornbusch";"442";"9.68";" 9";"B3";38;"12";60320
698;"Eichenstraße";"";"";"";"";"";"6 ";"Griesheim";"552";"6.41";"6A";"A3";52;"16";65933
699;"Eichhörnchenpfad";"";"";"";"";"";"6 ";"Griesheim";"552";"6.41";"6A";"A3";52;"16";65933
700;"Eichwaldstraße";"gerade";"2";"";"20";"";"4 ";"Bornheim";"282";"4.24";" 4";"A1";19;"5";60385
700;"Eichwaldstraße";"gerade";"26";"";"68";"";"4 ";"Bornheim";"240";"4.23";" 4";"A1";15;"6";60385
700;"Eichwaldstraße";"gerade";"74";"";"84";"";"3 ";"Nordend-Ost";"222";"3.18";" 3";"A1";13;"6";60389
700;"Eichwaldstraße";"ungerade";"25";"";"71";"";"4 ";"Bornheim";"240";"4.23";" 4";"A1";15;"6";60385
700;"Eichwaldstraße";"ungerade";"3";"";"15";"";"4 ";"Bornheim";"282";"4.24";" 4";"A1";19;"5";60385
700;"Eichwaldstraße";"ungerade";"73";"";"77";"";"3 ";"Nordend-Ost";"222";"3.18";" 3";"A1";13;"6";60389
701;"Eifelstraße";"";"";"";"";"";"6 ";"Schwanheim";"531";"6.38";"6A";"A6";50;"10";60529
703;"Einbaumstraße";"";"";"";"";"";"6 ";"Griesheim";"541";"6.39";"6A";"A3";52;"16";65933
704;"Einbiglerweg";"";"";"";"";"";"11";"Fechenheim";"520";"11.78";"11";"A1";49;"18";60386
705;"Einsiedlerstraße";"";"";"";"";"";"8 ";"Niederursel";"481";"8.63";" 8";"A2";43;"14";60439
706;"Eisenacher Weg";"";"";"";"";"";"6 ";"Zeilsheim";"611";"6.49";"6B";"A7";56;"17";65931
707;"Eiserfelder Straße";"";"";"";"";"";"6 ";"Sossenheim";"632";"6.54";"6C";"A7";58;"17";65936
708;"Eiserne Hand";"";"";"";"";"";"3 ";"Nordend-West";"120";"3.21";" 3";"A1";5;"3";60318
709;"Eiserner Steg";"";"";"";"";"";"1 ";"Altstadt";"010";"1.01";" 1";"A1";1;"1";60311
709;"Eiserner Steg";"";"";"";"";"";"5 ";"Sachsenhausen-Nord";"300";"5.31";"5A";"A6";20;"8";60594
709;"Eiserner Steg";"";"";"";"";"";"5 ";"Sachsenhausen-Nord";"324";"5.32";"5A";"A6";21;"8";60594
710;"Elbestraße";"";"";"";"";"";"1 ";"Bahnhofsviertel";"090";"1.03";" 1";"A3";2;"4";60329
711;"Elbinger Straße";"";"";"";"";"";"7 ";"Bockenheim";"343";"7.57";" 2";"A4";26;"11";60487
712;"Elefantengasse";"";"";"";"";"";"1 ";"Innenstadt";"060";"1.02";" 1";"A1";1;"1";60313
713;"Elektronstraße";"gerade";"2";"";"40";"";"6 ";"Griesheim";"551";"6.39";"6A";"A3";52;"16";65933
713;"Elektronstraße";"gerade";"58";"";"100";"";"6 ";"Griesheim";"552";"6.41";"6A";"A3";52;"16";65933
713;"Elektronstraße";"ungerade";"1";"";"29";"";"6 ";"Griesheim";"551";"6.39";"6A";"A3";52;"16";65933
713;"Elektronstraße";"ungerade";"31";"";"89";"";"6 ";"Griesheim";"552";"6.41";"6A";"A3";52;"16";65933
714;"Elisabethenplatz";"";"";"";"";"";"2 ";"Bockenheim";"350";"2.13";" 2";"A4";25;"13";60486
715;"Elisabethenstraße";"";"";"";"";"";"5 ";"Sachsenhausen-Nord";"300";"5.31";"5A";"A6";20;"8";60594
716;"Elkenbachstraße";"gerade";"2";"";"36";"";"3 ";"Nordend-Ost";"130";"3.20";" 3";"A1";5;"3";60316
716;"Elkenbachstraße";"gerade";"40";"";"64";"";"3 ";"Nordend-Ost";"230";"3.20";" 3";"A1";14;"3";60316
716;"Elkenbachstraße";"ungerade";"";"";"";"";"3 ";"Nordend-Ost";"130";"3.20";" 3";"A1";5;"3";60316
717;"Ellerstraße";"";"";"";"";"";"11";"Seckbach";"390";"11.75";"11";"A1";31;"6";60389
718;"Elmer Weg";"";"";"";"";"";"11";"Fechenheim";"510";"11.77";"11";"A1";48;"18";60386
720;"Else-Alken-Straße";"";"";"";"";"";"5 ";"Niederrad";"372";"5.36";"5B";"A6";28;"10";60528
722;"Elsheimerstraße";"";"";"";"";"";"2 ";"Westend-Süd";"110";"2.10";" 2";"A4";4;"3";60322
723;"Elsterstraße";"";"";"";"";"";"6 ";"Griesheim";"552";"6.41";"6A";"A3";52;"16";65933
724;"Eltviller Straße";"";"";"";"";"";"6 ";"Sossenheim";"631";"6.53";"6C";"A7";58;"17";65936
725;"Emdener Straße";"";"";"";"";"";"6 ";"Griesheim";"542";"6.40";"6A";"A3";52;"16";65933
726;"Emil-Claar-Straße";"";"";"";"";"";"2 ";"Westend-Süd";"110";"2.10";" 2";"A4";4;"3";60322
727;"Emil-Sulzbach-Straße";"";"";"";"";"";"2 ";"Westend-Süd";"170";"2.11";" 2";"A4";3;"13";60486
728;"Emmerich-Josef-Straße";"gerade";"2";"";"22";"";"6 ";"Höchst";"580";"6.45";"6C";"A7";54;"17";65929
728;"Emmerich-Josef-Straße";"gerade";"22";"A";"70";"";"6 ";"Höchst";"591";"6.46";"6C";"A7";54;"17";65929
728;"Emmerich-Josef-Straße";"ungerade";"1";"";"19";"";"6 ";"Höchst";"580";"6.45";"6C";"A7";54;"17";65929
728;"Emmerich-Josef-Straße";"ungerade";"27";"";"69";"";"6 ";"Höchst";"591";"6.46";"6C";"A7";54;"17";65929
729;"Emsdorfer Straße";"";"";"";"";"";"9 ";"Eschersheim";"452";"9.66";" 9";"B3";39;"12";60433
730;"Emser Straße";"";"";"";"";"";"2 ";"Bockenheim";"341";"2.13";" 2";"A4";25;"13";60486
731;"Endsbornstraße";"";"";"";"";"";"9 ";"Eschersheim";"451";"9.65";" 9";"B3";39;"12";60433
732;"Enge Gasse";"";"";"";"";"";"9 ";"Eschersheim";"451";"9.65";" 9";"B3";39;"12";60433
734;"Engelsplatz";"";"";"";"";"";"11";"Riederwald";"262";"11.76";"11";"A1";17;"18";60386
735;"Engelsruhe";"";"";"";"";"";"6 ";"Unterliederbach";"622";"6.52";"6C";"A7";57;"17";65929
736;"Engelthaler Straße";"";"";"";"";"";"10";"Eckenheim";"461";"10.72";"10";"B3";40;"12";60435
737;"Enkheimer Straße";"";"";"";"";"";"4 ";"Bornheim";"290";"4.22";" 4";"A1";18;"6";60385
738;"Eppenhainer Straße";"gerade";"";"";"";"";"1 ";"Gallus";"165";"1.08";" 1";"A3";8;"4";60326
738;"Eppenhainer Straße";"ungerade";"1";"";"15";"";"1 ";"Gallus";"165";"1.08";" 1";"A3";8;"4";60326
738;"Eppenhainer Straße";"ungerade";"67";"";"";"";"1 ";"Gallus";"165";"1.08";" 1";"A3";8;"4";60486
739;"Eppsteiner Straße";"";"";"";"";"";"2 ";"Westend-Süd";"180";"2.10";" 2";"A4";4;"3";60323
740;"Eptingweg";"";"";"";"";"";"6 ";"Unterliederbach";"621";"6.51";"6C";"A7";57;"17";65929
741;"Erbacher Straße";"";"";"";"";"";"5 ";"Oberrad";"380";"5.28";"5A";"A6";30;"8";60599
742;"Erbbaustraße";"";"";"";"";"";"1 ";"Gallus";"164";"1.08";" 1";"A3";8;"16";60326
743;"Erbsengasse";"";"";"";"";"";"8 ";"Niederursel";"481";"8.63";" 8";"A2";43;"14";60439
744;"Erfurter Weg";"";"";"";"";"";"6 ";"Zeilsheim";"611";"6.49";"6B";"A7";56;"17";65931
745;"Erich-Ollenhauer-Ring";"";"";"";"";"";"8 ";"Heddernheim";"432";"8.62";" 8";"A2";36;"14";60439
746;"Erlenbacher Straße";"";"";"";"";"";"3 ";"Nordend-Ost";"222";"3.18";" 3";"A1";13;"6";60389
747;"Erlenstraße";"gerade";"16";"";"";"";"2 ";"Westend-Süd";"170";"2.11";" 2";"A4";3;"13";60325
747;"Erlenstraße";"gerade";"2";"";"8";"";"2 ";"Westend-Süd";"100";"2.11";" 2";"A4";3;"13";60325
747;"Erlenstraße";"ungerade";"";"";"";"";"2 ";"Westend-Süd";"100";"2.11";" 2";"A4";3;"13";60325
748;"Ernst-Heinkel-Straße";"";"";"";"";"";"11";"Fechenheim";"510";"11.77";"11";"A1";48;"18";60386
749;"Ernst-Kahn-Straße";"";"";"";"";"";"8 ";"Heddernheim";"432";"8.62";" 8";"A2";36;"14";60439
750;"Ernst-Schwendler-Straße";"";"";"";"";"";"2 ";"Westend-Nord";"192";"2.09";" 2";"B3";4;"12";60320
751;"Erntestraße";"";"";"";"";"";"1 ";"Gutleutviertel";"151";"1.04";" 1";"A3";2;"4";60327
752;"Erzbergerstraße";"";"";"";"";"";"6 ";"Griesheim";"541";"6.39";"6A";"A3";52;"16";65933
753;"Eschborner Landstraße";"";"";"";"";"";"7 ";"Rödelheim";"402";"7.56";" 7";"A4";33;"11";60489
754;"Eschenbachstraße";"";"";"";"";"";"5 ";"Sachsenhausen-Nord";"322";"5.33";"5A";"A6";21;"8";60596
755;"Eschenheimer Anlage";"gerade";"16";"";"40";"";"3 ";"Nordend-West";"120";"3.21";" 3";"A1";5;"3";60318
755;"Eschenheimer Anlage";"gerade";"2";"";"";"";"3 ";"Nordend-West";"120";"3.21";" 3";"A1";5;"3";60316
755;"Eschenheimer Anlage";"ungerade";"1";"";"7";"";"3 ";"Nordend-West";"120";"3.21";" 3";"A1";5;"3";60316
755;"Eschenheimer Anlage";"ungerade";"15";"";"37";"";"3 ";"Nordend-West";"120";"3.21";" 3";"A1";5;"3";60318
756;"Eschenheimer Tor";"gerade";"";"";"";"";"1 ";"Innenstadt";"060";"1.02";" 1";"A1";1;"1";60318
756;"Eschenheimer Tor";"ungerade";"";"";"";"";"1 ";"Innenstadt";"050";"1.02";" 1";"A1";1;"1";60318
758;"Eschersheimer Landstraße";"gerade";"178";"";"216";"";"3 ";"Nordend-West";"202";"3.16";" 3";"B3";11;"12";60320
758;"Eschersheimer Landstraße";"gerade";"2";"";"44";"";"3 ";"Nordend-West";"120";"3.21";" 3";"A1";5;"3";60322
758;"Eschersheimer Landstraße";"gerade";"218";"";"348";"";"9 ";"Dornbusch";"462";"9.69";" 9";"B3";41;"12";60320
758;"Eschersheimer Landstraße";"gerade";"358";"";"378";"";"9 ";"Dornbusch";"462";"9.69";" 9";"B3";41;"12";60433
758;"Eschersheimer Landstraße";"gerade";"386";"";"544";"";"9 ";"Eschersheim";"452";"9.66";" 9";"B3";39;"12";60433
758;"Eschersheimer Landstraße";"gerade";"48";"";"80";"";"3 ";"Nordend-West";"201";"3.21";" 3";"B3";11;"3";60322
758;"Eschersheimer Landstraße";"gerade";"546";"";"580";"";"9 ";"Eschersheim";"451";"9.65";" 9";"B3";39;"12";60433
758;"Eschersheimer Landstraße";"gerade";"84";"";"162";"";"3 ";"Nordend-West";"203";"3.16";" 3";"B3";11;"3";60322
758;"Eschersheimer Landstraße";"ungerade";"1";"";"41";"";"2 ";"Westend-Süd";"110";"2.10";" 2";"A4";4;"3";60322
758;"Eschersheimer Landstraße";"ungerade";"147";"";"157";"";"2 ";"Westend-Nord";"191";"2.09";" 2";"B3";4;"3";60323
758;"Eschersheimer Landstraße";"ungerade";"175";"";"289";"";"2 ";"Westend-Nord";"192";"2.09";" 2";"B3";4;"12";60320
758;"Eschersheimer Landstraße";"ungerade";"291";"";"409";"";"9 ";"Dornbusch";"442";"9.68";" 9";"B3";38;"12";60320
758;"Eschersheimer Landstraße";"ungerade";"411";"";"475";"";"9 ";"Dornbusch";"442";"9.68";" 9";"B3";38;"12";60431
758;"Eschersheimer Landstraße";"ungerade";"45";"";"125";"";"2 ";"Westend-Nord";"191";"2.09";" 2";"B3";4;"3";60322
758;"Eschersheimer Landstraße";"ungerade";"509";"";"583";"";"9 ";"Eschersheim";"452";"9.66";" 9";"B3";39;"12";60431
758;"Eschersheimer Landstraße";"ungerade";"589";"";"607";"";"9 ";"Eschersheim";"451";"9.65";" 9";"B3";39;"12";60433
759;"Eschweger Straße";"";"";"";"";"";"11";"Seckbach";"390";"11.75";"11";"A1";31;"6";60389
761;"Espenstraße";"";"";"";"";"";"6 ";"Griesheim";"542";"6.40";"6A";"A3";52;"16";65933
762;"Esslinger Straße";"";"";"";"";"";"1 ";"Gutleutviertel";"151";"1.04";" 1";"A3";2;"4";60329
763;"Ettlingerstraße";"gerade";"";"";"";"";"4 ";"Bornheim";"281";"4.24";" 4";"A1";19;"6";60385
763;"Ettlingerstraße";"ungerade";"1";"";"5";"";"4 ";"Bornheim";"281";"4.24";" 4";"A1";19;"5";60385
763;"Ettlingerstraße";"ungerade";"7";"";"17";"";"4 ";"Bornheim";"281";"4.24";" 4";"A1";19;"6";60385
764;"Euckenstraße";"";"";"";"";"";"6 ";"Unterliederbach";"622";"6.52";"6C";"A7";57;"17";65929
765;"Eulengasse";"";"";"";"";"";"4 ";"Bornheim";"272";"4.22";" 4";"A1";18;"6";60385
766;"Eysseneckstraße";"";"";"";"";"";"3 ";"Nordend-West";"203";"3.16";" 3";"B3";11;"3";60322
768;"Eytelweinstraße";"";"";"";"";"";"4 ";"Ostend";"261";"4.27";" 4";"A1";6;"5";60314
769;"Fabriciusstraße";"gerade";"14";"";"80";"";"6 ";"Griesheim";"551";"6.39";"6A";"A3";52;"16";65933
769;"Fabriciusstraße";"gerade";"4";"";"12";"";"6 ";"Griesheim";"541";"6.39";"6A";"A3";52;"16";65933
769;"Fabriciusstraße";"ungerade";"1";"";"11";"";"6 ";"Griesheim";"541";"6.39";"6A";"A3";52;"16";65933
769;"Fabriciusstraße";"ungerade";"13";"";"65";"";"6 ";"Griesheim";"551";"6.39";"6A";"A3";52;"16";65933
770;"Fachfeldstraße";"";"";"";"";"";"11";"Fechenheim";"520";"11.78";"11";"A1";49;"18";60386
772;"Färberstraße";"";"";"";"";"";"5 ";"Sachsenhausen-Nord";"300";"5.31";"5A";"A6";20;"8";60594
773;"Fahrgasse";"";"";"";"";"";"1 ";"Altstadt";"010";"1.01";" 1";"A1";1;"1";60311
774;"Fahrtor";"";"";"";"";"";"1 ";"Altstadt";"010";"1.01";" 1";"A1";1;"1";60311
776;"Falkensteiner Straße";"";"";"";"";"";"3 ";"Nordend-West";"203";"3.16";" 3";"B3";11;"3";60322
777;"Falkstraße";"";"";"";"";"";"2 ";"Bockenheim";"361";"2.12";" 2";"A4";27;"13";60487
778;"Fallerslebenstraße";"";"";"";"";"";"9 ";"Dornbusch";"442";"9.68";" 9";"B3";38;"12";60320
779;"Falltorstraße";"";"";"";"";"";"4 ";"Bornheim";"281";"4.24";" 4";"A1";19;"6";60385
780;"Farbenstraße";"";"";"";"";"";"6 ";"Sindlingen";"601";"6.47";"6B";"A7";55;"17";65931
781;"Faulborngasse";"";"";"";"";"";"9 ";"Eschersheim";"451";"9.65";" 9";"B3";39;"12";60433
782;"Faulbrunnenweg";"";"";"";"";"";"6 ";"Nied";"562";"6.43";"6A";"A7";53;"16";65934
783;"Fechenheimer Leinpfad";"ungerade";"1";"";"23";"";"11";"Fechenheim";"520";"11.78";"11";"A1";49;"18";60386
783;"Fechenheimer Leinpfad";"ungerade";"53";"";"55";"";"11";"Fechenheim";"510";"11.77";"11";"A1";48;"18";60386
784;"Fechenheimer Straße";"";"";"";"";"";"4 ";"Bornheim";"282";"4.24";" 4";"A1";19;"5";60385
785;"Feierabendweg";"";"";"";"";"";"6 ";"Sindlingen";"601";"6.47";"6B";"A7";55;"17";65931
786;"Feldbergstraße";"";"";"";"";"";"2 ";"Westend-Süd";"180";"2.10";" 2";"A4";4;"3";60323
787;"Feldgerichtstraße";"";"";"";"";"";"3 ";"Nordend-West";"202";"3.16";" 3";"B3";11;"12";60320
788;"Feldscheidenstraße";"";"";"";"";"";"10";"Eckenheim";"461";"10.72";"10";"B3";40;"12";60435
789;"Felix-Dahn-Straße";"";"";"";"";"";"9 ";"Ginnheim";"441";"9.67";" 9";"A2";38;"12";60431
790;"Fellnerstraße";"";"";"";"";"";"2 ";"Westend-Süd";"110";"2.10";" 2";"A4";4;"3";60322
791;"Ferdinand-Dirichs-Weg";"";"";"";"";"";"6 ";"Schwanheim";"532";"6.37";"6A";"A6";51;"10";60529
792;"Ferdinand-Hofmann-Straße";"";"";"";"";"";"6 ";"Sindlingen";"602";"6.48";"6B";"A7";55;"17";65931
793;"Festeburgring";"";"";"";"";"";"10";"Preungesheim";"470";"10.73";"10";"B3";42;"12";60435
794;"Feststraße";"";"";"";"";"";"3 ";"Nordend-Ost";"130";"3.20";" 3";"A1";5;"3";60316
795;"Feuerbachstraße";"";"";"";"";"";"2 ";"Westend-Süd";"100";"2.11";" 2";"A4";3;"13";60325
796;"Feyerleinstraße";"";"";"";"";"";"3 ";"Nordend-West";"203";"3.16";" 3";"B3";11;"3";60322
797;"Fichardstraße";"gerade";"";"";"";"";"3 ";"Nordend-West";"201";"3.21";" 3";"B3";11;"3";60322
797;"Fichardstraße";"ungerade";"";"";"";"";"3 ";"Nordend-West";"120";"3.21";" 3";"A1";5;"3";60322
798;"Fichtestraße";"";"";"";"";"";"3 ";"Nordend-Ost";"130";"3.20";" 3";"A1";14;"3";60316
799;"Finkenhofstraße";"";"";"";"";"";"3 ";"Nordend-West";"120";"3.21";" 3";"A1";5;"3";60322
800;"Finkenweg";"";"";"";"";"";"6 ";"Unterliederbach";"621";"6.51";"6C";"A7";57;"17";65929
801;"Finthener Weg";"";"";"";"";"";"6 ";"Sossenheim";"631";"6.53";"6C";"A7";58;"17";65936
802;"Fischbacher Straße";"";"";"";"";"";"1 ";"Gallus";"162";"1.07";" 1";"A3";9;"4";60326
803;"Fischerfeldstraße";"";"";"";"";"";"1 ";"Innenstadt";"080";"1.01";" 1";"A1";1;"1";60311
805;"Flaischlenstraße";"";"";"";"";"";"6 ";"Schwanheim";"531";"6.38";"6A";"A6";50;"10";60529
806;"Flanbrechtstraße";"";"";"";"";"";"6 ";"Zeilsheim";"611";"6.49";"6B";"A7";56;"17";65931
807;"Flaschenburgstraße";"";"";"";"";"";"5 ";"Oberrad";"380";"5.28";"5A";"A6";30;"8";60599
808;"Fleckenbühlstraße";"";"";"";"";"";"10";"Bonames";"491";"10.70";"10";"A2";45;"14";60437
809;"Fleischergasse";"";"";"";"";"";"2 ";"Bockenheim";"350";"2.13";" 2";"A4";25;"13";60487
810;"Flensburger Straße";"";"";"";"";"";"10";"Eckenheim";"461";"10.72";"10";"B3";40;"12";60435
812;"Fliederweg";"";"";"";"";"";"10";"Frankfurter Berg";"492";"10.71";"10";"A2";46;"14";60433
813;"Flinschstraße";"";"";"";"";"";"11";"Seckbach";"390";"11.75";"11";"A1";31;"18";60388
814;"Flörsheimer Straße";"";"";"";"";"";"1 ";"Gallus";"162";"1.07";" 1";"A3";9;"4";60326
815;"Flößerbrücke";"";"";"";"";"";"1 ";"Innenstadt";"080";"1.01";" 1";"A1";1;"5";60311
815;"Flößerbrücke";"";"";"";"";"";"1 ";"Innenstadt";"080";"1.01";" 1";"A1";1;"5";60314
815;"Flößerbrücke";"";"";"";"";"";"4 ";"Ostend";"140";"4.26";" 4";"A1";6;"5";60311
815;"Flößerbrücke";"";"";"";"";"";"4 ";"Ostend";"140";"4.26";" 4";"A1";6;"5";60314
815;"Flößerbrücke";"";"";"";"";"";"5 ";"Sachsenhausen-Nord";"331";"5.31";"5A";"A6";20;"8";60594
817;"Florastraße";"gerade";"24";"";"34";"";"2 ";"Bockenheim";"362";"2.12";" 2";"A4";27;"13";60487
817;"Florastraße";"gerade";"8";"";"10";"";"2 ";"Bockenheim";"361";"2.12";" 2";"A4";27;"13";60487
817;"Florastraße";"ungerade";"1";"";"15";"";"2 ";"Bockenheim";"361";"2.12";" 2";"A4";27;"13";60487
817;"Florastraße";"ungerade";"21";"";"27";"";"2 ";"Bockenheim";"362";"2.12";" 2";"A4";27;"13";60487
818;"Florstädter Straße";"";"";"";"";"";"4 ";"Bornheim";"281";"4.24";" 4";"A1";19;"6";60385
821;"Flughafenstraße";"gerade";"100";"";"120";"";"5 ";"Sachsenhausen-Süd";"325";"5.34";"5A";"A6";23;"10";60528
821;"Flughafenstraße";"gerade";"4";"";"30";"";"5 ";"Niederrad";"372";"5.36";"5B";"A6";28;"10";60528
821;"Flughafenstraße";"ungerade";"";"";"";"";"5 ";"Sachsenhausen-Süd";"325";"5.34";"5A";"A6";23;"10";60528
822;"Flurscheideweg";"";"";"";"";"";"6 ";"Sossenheim";"632";"6.54";"6C";"A7";58;"17";65936
823;"Flußgasse";"";"";"";"";"";"7 ";"Rödelheim";"401";"7.55";" 7";"A4";32;"11";60489
824;"Flutgraben";"";"";"";"";"";"10";"Preungesheim";"470";"10.73";"10";"B3";42;"12";60435
825;"Fontanestraße";"";"";"";"";"";"9 ";"Dornbusch";"442";"9.68";" 9";"B3";38;"12";60431
826;"Foockenstraße";"";"";"";"";"";"6 ";"Griesheim";"542";"6.40";"6A";"A3";52;"16";65933
837;"Francstraße";"";"";"";"";"";"9 ";"Dornbusch";"463";"9.69";" 9";"B3";41;"12";60320
838;"Frankenallee";"gerade";"176";"";"246";"";"1 ";"Gallus";"165";"1.08";" 1";"A3";8;"4";60326
838;"Frankenallee";"gerade";"2";"";"78";"";"1 ";"Gallus";"161";"1.06";" 1";"A3";7;"4";60327
838;"Frankenallee";"gerade";"260";"";"";"";"1 ";"Gallus";"164";"1.08";" 1";"A3";8;"16";60326
838;"Frankenallee";"gerade";"80";"";"174";"A";"1 ";"Gallus";"162";"1.07";" 1";"A3";9;"4";60326
838;"Frankenallee";"ungerade";"103";"";"225";"";"1 ";"Gallus";"162";"1.07";" 1";"A3";9;"4";60326
838;"Frankenallee";"ungerade";"227";"";"281";"";"1 ";"Gallus";"165";"1.08";" 1";"A3";8;"4";60326
838;"Frankenallee";"ungerade";"23";"";"65";"";"1 ";"Gallus";"161";"1.06";" 1";"A3";7;"4";60327
838;"Frankenallee";"ungerade";"327";"";"363";"";"1 ";"Gallus";"164";"1.08";" 1";"A3";8;"16";60326
838;"Frankenallee";"ungerade";"365";"";"";"";"6 ";"Griesheim";"542";"6.40";"6A";"A3";52;"16";60326
839;"Frankensteiner Platz";"gerade";"";"";"";"";"5 ";"Sachsenhausen-Nord";"331";"5.31";"5A";"A6";20;"8";60594
839;"Frankensteiner Platz";"ungerade";"1";"";"";"";"5 ";"Sachsenhausen-Nord";"300";"5.31";"5A";"A6";20;"8";60594
839;"Frankensteiner Platz";"ungerade";"25";"";"";"";"5 ";"Sachsenhausen-Nord";"331";"5.31";"5A";"A6";20;"8";60594
840;"Frankensteiner Straße";"";"";"";"";"";"5 ";"Sachsenhausen-Nord";"300";"5.31";"5A";"A6";20;"8";60594
841;"Frankenthaler Weg";"";"";"";"";"";"6 ";"Zeilsheim";"611";"6.49";"6B";"A7";56;"17";65931
842;"Franklinstraße";"";"";"";"";"";"2 ";"Bockenheim";"342";"2.14";" 2";"A4";10;"13";60486
843;"Franz-Henle-Straße";"";"";"";"";"";"6 ";"Unterliederbach";"621";"6.51";"6C";"A7";57;"17";65929
844;"Franziusplatz";"";"";"";"";"";"4 ";"Ostend";"261";"4.27";" 4";"A1";6;"5";60314
845;"Franziusstraße";"";"";"";"";"";"4 ";"Ostend";"261";"4.27";" 4";"A1";6;"5";60314
846;"Franz-Kafka-Straße";"";"";"";"";"";"9 ";"Ginnheim";"441";"9.67";" 9";"A2";38;"12";60431
847;"Franz-Lenbach-Straße";"";"";"";"";"";"5 ";"Sachsenhausen-Nord";"322";"5.33";"5A";"A6";21;"8";60596
848;"Franz-Rücker-Allee";"";"";"";"";"";"2 ";"Bockenheim";"362";"2.12";" 2";"A4";27;"13";60487
849;"Franz-Simon-Straße";"";"";"";"";"";"6 ";"Nied";"561";"6.42";"6A";"A7";53;"16";65934
850;"Franz-Werfel-Straße";"";"";"";"";"";"9 ";"Ginnheim";"441";"9.67";" 9";"A2";38;"12";60431
851;"Frauenhofstraße";"";"";"";"";"";"5 ";"Niederrad";"371";"5.35";"5B";"A6";28;"10";60528
852;"Frauenlobstraße";"";"";"";"";"";"2 ";"Bockenheim";"362";"2.12";" 2";"A4";27;"13";60487
853;"Frauensteinplatz";"";"";"";"";"";"3 ";"Nordend-West";"203";"3.16";" 3";"B3";11;"3";60322
854;"Frauensteinstraße";"";"";"";"";"";"3 ";"Nordend-West";"203";"3.16";" 3";"B3";11;"3";60322
855;"Freiherr-vom-Stein-Straße";"";"";"";"";"";"2 ";"Westend-Süd";"180";"2.10";" 2";"A4";4;"3";60323
856;"Freihofstraße";"";"";"";"";"";"4 ";"Bornheim";"272";"4.22";" 4";"A1";18;"6";60385
857;"Freiligrathstraße";"gerade";"2";"";"18";"";"4 ";"Ostend";"252";"4.25";" 4";"A1";16;"5";60385
857;"Freiligrathstraße";"gerade";"28";"";"56";"";"4 ";"Bornheim";"282";"4.24";" 4";"A1";19;"5";60385
857;"Freiligrathstraße";"ungerade";"1";"";"21";"";"4 ";"Ostend";"252";"4.25";" 4";"A1";16;"5";60385
857;"Freiligrathstraße";"ungerade";"33";"";"61";"";"4 ";"Bornheim";"282";"4.24";" 4";"A1";19;"5";60385
858;"Freseniusstraße";"";"";"";"";"";"2 ";"Westend-Nord";"192";"2.09";" 2";"B3";4;"12";60320
859;"Freudenberger Straße";"";"";"";"";"";"5 ";"Sachsenhausen-Süd";"332";"5.29";"5A";"A6";24;"8";60599
860;"Friedberger Anlage";"gerade";"14";"";"32";"";"3 ";"Nordend-Ost";"130";"3.20";" 3";"A1";14;"3";60316
860;"Friedberger Anlage";"gerade";"2";"";"10";"";"4 ";"Ostend";"140";"4.26";" 4";"A1";6;"5";60314
860;"Friedberger Anlage";"ungerade";"1";"";"9";"";"4 ";"Ostend";"140";"4.26";" 4";"A1";6;"5";60314
860;"Friedberger Anlage";"ungerade";"13";"";"31";"";"3 ";"Nordend-Ost";"130";"3.20";" 3";"A1";14;"3";60316
861;"Friedberger Landstraße";"gerade";"148";"";"400";"";"3 ";"Nordend-Ost";"222";"3.18";" 3";"A1";13;"6";60389
861;"Friedberger Landstraße";"gerade";"406";"";"414";"";"4 ";"Bornheim";"272";"4.22";" 4";"A1";18;"6";60389
861;"Friedberger Landstraße";"gerade";"420";"";"646";"";"11";"Seckbach";"390";"11.75";"11";"A1";31;"6";60389
861;"Friedberger Landstraße";"gerade";"74";"";"142";"";"3 ";"Nordend-Ost";"221";"3.19";" 3";"A1";13;"3";60316
861;"Friedberger Landstraße";"gerade";"8";"";"68";"";"3 ";"Nordend-Ost";"130";"3.20";" 3";"A1";5;"3";60316
861;"Friedberger Landstraße";"ungerade";"125";"";"155";"";"3 ";"Nordend-West";"212";"3.17";" 3";"A1";12;"3";60318
861;"Friedberger Landstraße";"ungerade";"169";"";"195";"";"3 ";"Nordend-West";"212";"3.17";" 3";"A1";12;"6";60389
861;"Friedberger Landstraße";"ungerade";"17";"";"43";"";"3 ";"Nordend-Ost";"130";"3.20";" 3";"A1";5;"3";60316
861;"Friedberger Landstraße";"ungerade";"235";"";"325";"";"3 ";"Nordend-West";"213";"3.17";" 3";"A1";12;"6";60389
861;"Friedberger Landstraße";"ungerade";"427";"";"649";"";"11";"Seckbach";"390";"11.75";"11";"A1";31;"6";60389
861;"Friedberger Landstraße";"ungerade";"45";"";"63";"";"3 ";"Nordend-West";"120";"3.21";" 3";"A1";5;"3";60316
861;"Friedberger Landstraße";"ungerade";"69";"";"123";"";"3 ";"Nordend-West";"211";"3.19";" 3";"A1";12;"3";60318
862;"Friedberger Platz";"";"";"";"";"";"3 ";"Nordend-Ost";"221";"3.19";" 3";"A1";13;"3";60316
864;"Friedensbrücke";"";"";"";"";"";"1 ";"Gutleutviertel";"151";"1.04";" 1";"A3";2;"4";60327
864;"Friedensbrücke";"";"";"";"";"";"1 ";"Gutleutviertel";"151";"1.04";" 1";"A3";2;"4";60329
864;"Friedensbrücke";"";"";"";"";"";"5 ";"Sachsenhausen-Nord";"322";"5.33";"5A";"A6";21;"8";60596
865;"Friedensstraße";"";"";"";"";"";"1 ";"Innenstadt";"040";"1.03";" 1";"A1";1;"1";60311
866;"Friedlebenstraße";"";"";"";"";"";"9 ";"Dornbusch";"462";"9.69";" 9";"B3";41;"12";60433
867;"Friedrich-Ebert-Anlage";"gerade";"";"";"";"";"2 ";"Westend-Süd";"170";"2.11";" 2";"A4";3;"13";60325
867;"Friedrich-Ebert-Anlage";"ungerade";"3";"";"39";"";"1 ";"Gallus";"161";"1.06";" 1";"A3";7;"13";60327
867;"Friedrich-Ebert-Anlage";"ungerade";"49";"";"";"";"2 ";"Westend-Süd";"170";"2.11";" 2";"A4";3;"13";60308
868;"Friedrich-Kahl-Straße";"";"";"";"";"";"7 ";"Rödelheim";"401";"7.55";" 7";"A4";32;"11";60489
869;"Friedrich-List-Straße";"";"";"";"";"";"11";"Riederwald";"262";"11.76";"11";"A1";17;"18";60386
870;"Friedrich-Manz-Weg";"";"";"";"";"";"11";"Riederwald";"262";"11.76";"11";"A1";17;"18";60386
871;"Friedrich-Naumann-Straße";"";"";"";"";"";"2 ";"Bockenheim";"163";"2.15";" 2";"A4";10;"13";60486
872;"Friedrichsdorfer Straße";"";"";"";"";"";"10";"Bonames";"491";"10.70";"10";"A2";45;"14";60437
873;"Friedrich-Stampfer-Straße";"";"";"";"";"";"10";"Bonames";"491";"10.70";"10";"A2";45;"14";60437
874;"Friedrichstraße";"";"";"";"";"";"2 ";"Westend-Süd";"180";"2.10";" 2";"A4";4;"3";60323
875;"Friedrich-Wilhelm-von-Steuben-Straße";"gerade";"2";"";"20";"";"7 ";"Bockenheim";"343";"7.57";" 2";"A4";26;"11";60487
875;"Friedrich-Wilhelm-von-Steuben-Straße";"gerade";"90";"";"104";"";"7 ";"Hausen";"410";"7.58";" 7";"A4";26;"11";60488
875;"Friedrich-Wilhelm-von-Steuben-Straße";"ungerade";"";"";"";"";"7 ";"Hausen";"410";"7.58";" 7";"A4";26;"11";60488
876;"Friesengasse";"";"";"";"";"";"2 ";"Bockenheim";"350";"2.13";" 2";"A4";25;"13";60487
877;"Friesstraße";"";"";"";"";"";"11";"Seckbach";"390";"11.75";"11";"A1";31;"18";60388
878;"Fritschengäßchen";"";"";"";"";"";"5 ";"Sachsenhausen-Nord";"300";"5.31";"5A";"A6";20;"8";60594
879;"Fritzlarer Straße";"";"";"";"";"";"2 ";"Bockenheim";"362";"2.12";" 2";"A4";27;"13";60487
880;"Fritz-Reuter-Straße";"";"";"";"";"";"9 ";"Dornbusch";"442";"9.68";" 9";"B3";38;"12";60320
881;"Fritz-Schumacher-Weg";"";"";"";"";"";"7 ";"Praunheim";"422";"7.59";" 7";"A4";34;"14";60488
882;"Fritz-Tarnow-Straße";"";"";"";"";"";"9 ";"Dornbusch";"462";"9.69";" 9";"B3";41;"12";60320
883;"Fröbelstraße";"";"";"";"";"";"2 ";"Bockenheim";"350";"2.13";" 2";"A4";25;"13";60487
884;"Froschhäuser Straße";"";"";"";"";"";"6 ";"Griesheim";"552";"6.41";"6A";"A3";52;"16";65933
885;"Frühmessereiweg";"";"";"";"";"";"6 ";"Sossenheim";"631";"6.53";"6C";"A7";58;"17";65936
886;"Fuchshohl";"";"";"";"";"";"9 ";"Ginnheim";"441";"9.67";" 9";"A2";38;"12";60431
887;"Fuchstanzstraße";"";"";"";"";"";"7 ";"Rödelheim";"401";"7.55";" 7";"A4";32;"11";60489
888;"Füllerstraße";"";"";"";"";"";"9 ";"Ginnheim";"441";"9.67";" 9";"A2";38;"12";60431
889;"Fürstenbergerstraße";"gerade";"156";"";"166";"";"2 ";"Westend-Nord";"191";"2.09";" 2";"B3";4;"3";60322
889;"Fürstenbergerstraße";"gerade";"168";"";"200";"";"2 ";"Westend-Nord";"191";"2.09";" 2";"B3";4;"3";60323
889;"Fürstenbergerstraße";"gerade";"2";"";"152";"";"3 ";"Nordend-West";"203";"3.16";" 3";"B3";11;"3";60322
889;"Fürstenbergerstraße";"ungerade";"1";"";"151";"";"3 ";"Nordend-West";"203";"3.16";" 3";"B3";11;"3";60322
889;"Fürstenbergerstraße";"ungerade";"155";"";"181";"";"2 ";"Westend-Nord";"191";"2.09";" 2";"B3";4;"3";60322
889;"Fürstenbergerstraße";"ungerade";"211";"";"237";"";"2 ";"Westend-Nord";"191";"2.09";" 2";"B3";4;"3";60323
890;"Fuldaer Straße";"";"";"";"";"";"11";"Fechenheim";"510";"11.77";"11";"A1";48;"18";60386
891;"Funckstraße";"";"";"";"";"";"2 ";"Bockenheim";"163";"2.15";" 2";"A4";10;"13";60486
892;"Gabelsbergerstraße";"";"";"";"";"";"3 ";"Nordend-Ost";"222";"3.18";" 3";"A1";13;"6";60389
893;"Gablonzer Straße";"";"";"";"";"";"5 ";"Sachsenhausen-Süd";"326";"5.34";"5A";"A6";23;"8";60598
894;"Gärtnerweg";"";"";"";"";"";"2 ";"Westend-Süd";"110";"2.10";" 2";"A4";4;"3";60322
895;"Gagernstraße";"gerade";"34";"";"50";"";"4 ";"Bornheim";"282";"4.24";" 4";"A1";19;"5";60385
895;"Gagernstraße";"gerade";"6";"";"32";"";"4 ";"Ostend";"252";"4.25";" 4";"A1";16;"5";60385
895;"Gagernstraße";"ungerade";"1";"";"31";"";"4 ";"Ostend";"252";"4.25";" 4";"A1";16;"5";60385
895;"Gagernstraße";"ungerade";"35";"";"55";"";"4 ";"Bornheim";"282";"4.24";" 4";"A1";19;"5";60385
896;"Galgenstraße";"";"";"";"";"";"10";"Bonames";"491";"10.70";"10";"A2";45;"14";60437
897;"Gallusanlage";"";"";"";"";"";"1 ";"Bahnhofsviertel";"090";"1.03";" 1";"A3";2;"4";60329
899;"Ganghoferstraße";"";"";"";"";"";"9 ";"Dornbusch";"442";"9.68";" 9";"B3";38;"12";60320
900;"Garbenstraße";"";"";"";"";"";"1 ";"Gutleutviertel";"151";"1.04";" 1";"A3";2;"4";60327
901;"Gartenstraße";"gerade";"2";"";"28";"";"5 ";"Sachsenhausen-Nord";"324";"5.32";"5A";"A6";21;"8";60594
901;"Gartenstraße";"gerade";"30";"";"76";"";"5 ";"Sachsenhausen-Nord";"321";"5.32";"5A";"A6";21;"8";60596
901;"Gartenstraße";"gerade";"82";"";"134";"";"5 ";"Sachsenhausen-Nord";"322";"5.33";"5A";"A6";21;"8";60596
901;"Gartenstraße";"ungerade";"1";"";"19";"";"5 ";"Sachsenhausen-Nord";"324";"5.32";"5A";"A6";21;"8";60594
901;"Gartenstraße";"ungerade";"27";"";"73";"";"5 ";"Sachsenhausen-Nord";"321";"5.32";"5A";"A6";21;"8";60596
901;"Gartenstraße";"ungerade";"77";"";"187";"";"5 ";"Sachsenhausen-Nord";"322";"5.33";"5A";"A6";21;"8";60596
902;"Gaugrafenstraße";"";"";"";"";"";"7 ";"Rödelheim";"402";"7.56";" 7";"A4";33;"11";60489
903;"Gaußstraße";"";"";"";"";"";"3 ";"Nordend-Ost";"130";"3.20";" 3";"A1";5;"3";60316
904;"Gebeschusstraße";"gerade";"2";"";"56";"";"6 ";"Höchst";"570";"6.44";"6C";"A7";54;"17";65929
904;"Gebeschusstraße";"gerade";"58";"";"74";"";"6 ";"Unterliederbach";"621";"6.51";"6C";"A7";57;"17";65929
904;"Gebeschusstraße";"ungerade";"1";"";"49";"";"6 ";"Höchst";"570";"6.44";"6C";"A7";54;"17";65929
904;"Gebeschusstraße";"ungerade";"51";"";"53";"";"6 ";"Unterliederbach";"621";"6.51";"6C";"A7";57;"17";65929
905;"Gederner Straße";"";"";"";"";"";"10";"Eckenheim";"461";"10.72";"10";"B3";40;"12";60435
906;"Geibelstraße";"";"";"";"";"";"4 ";"Ostend";"252";"4.25";" 4";"A1";16;"5";60385
907;"Geierskopfweg";"";"";"";"";"";"6 ";"Zeilsheim";"612";"6.50";"6B";"A7";56;"17";65931
908;"Geigerstraße";"";"";"";"";"";"9 ";"Dornbusch";"462";"9.69";" 9";"B3";41;"12";60433
909;"Geiselsteinweg";"";"";"";"";"";"10";"Preungesheim";"470";"10.73";"10";"B3";42;"12";60435
910;"Geisenheimer Straße";"";"";"";"";"";"6 ";"Schwanheim";"531";"6.38";"6A";"A6";50;"10";60529
911;"Geißblattpfad";"";"";"";"";"";"6 ";"Griesheim";"542";"6.40";"6A";"A3";52;"16";65933
912;"Geißspitzweg";"";"";"";"";"";"6 ";"Unterliederbach";"621";"6.51";"6C";"A7";57;"17";65929
913;"Gelastraße";"";"";"";"";"";"11";"Seckbach";"390";"11.75";"11";"A1";31;"18";60388
914;"Gelbehirschstraße";"";"";"";"";"";"1 ";"Innenstadt";"070";"1.01";" 1";"A1";1;"1";60313
915;"Geleitsstraße";"";"";"";"";"";"5 ";"Sachsenhausen-Süd";"332";"5.29";"5A";"A6";24;"8";60599
916;"Gellertstraße";"";"";"";"";"";"3 ";"Nordend-Ost";"222";"3.18";" 3";"A1";13;"6";60389
917;"Gelnhäuser Straße";"";"";"";"";"";"10";"Eckenheim";"461";"10.72";"10";"B3";40;"12";60435
918;"Gemündener Straße";"";"";"";"";"";"5 ";"Sachsenhausen-Süd";"332";"5.29";"5A";"A6";24;"8";60599
919;"Georg-Speyer-Straße";"";"";"";"";"";"2 ";"Bockenheim";"362";"2.12";" 2";"A4";27;"13";60487
920;"Georg-Voigt-Straße";"";"";"";"";"";"2 ";"Westend-Süd";"170";"2.11";" 2";"A4";3;"13";60325
921;"Georg-Wolff-Straße";"";"";"";"";"";"8 ";"Heddernheim";"431";"8.61";" 8";"A2";37;"14";60439
922;"Gerauer Straße";"";"";"";"";"";"5 ";"Niederrad";"372";"5.36";"5B";"A6";28;"10";60528
924;"Gerbermühlstraße";"gerade";"120";"";"";"";"5 ";"Oberrad";"380";"5.28";"5A";"A6";30;"8";60594
924;"Gerbermühlstraße";"gerade";"2";"";"110";"";"5 ";"Sachsenhausen-Nord";"331";"5.31";"5A";"A6";20;"8";60594
924;"Gerbermühlstraße";"ungerade";"105";"";"109";"";"5 ";"Oberrad";"380";"5.28";"5A";"A6";30;"8";60594
924;"Gerbermühlstraße";"ungerade";"3";"";"63";"";"5 ";"Sachsenhausen-Nord";"331";"5.31";"5A";"A6";20;"8";60594
926;"Gerhart-Hauptmann-Ring";"";"";"";"";"";"8 ";"Niederursel";"482";"8.64";" 8";"A2";44;"14";60439
927;"Gerichtsstraße";"";"";"";"";"";"1 ";"Innenstadt";"070";"1.01";" 1";"A1";1;"1";60313
928;"Gerlachstraße";"";"";"";"";"";"6 ";"Höchst";"570";"6.44";"6C";"A7";54;"17";65929
929;"Germaniaplatz";"";"";"";"";"";"4 ";"Bornheim";"240";"4.23";" 4";"A1";15;"6";60385
930;"Germaniastraße";"gerade";"26";"";"38";"";"4 ";"Bornheim";"240";"4.23";" 4";"A1";15;"6";60385
930;"Germaniastraße";"gerade";"40";"";"46";"";"3 ";"Nordend-Ost";"222";"3.18";" 3";"A1";13;"6";60389
930;"Germaniastraße";"ungerade";"47";"";"51";"";"4 ";"Bornheim";"240";"4.23";" 4";"A1";15;"6";60385
930;"Germaniastraße";"ungerade";"57";"";"89";"";"3 ";"Nordend-Ost";"222";"3.18";" 3";"A1";13;"6";60389
931;"Gerningstraße";"";"";"";"";"";"8 ";"Heddernheim";"431";"8.61";" 8";"A2";37;"14";60439
932;"Gerolsteiner Straße";"";"";"";"";"";"6 ";"Schwanheim";"531";"6.38";"6A";"A6";50;"10";60529
933;"Gersthofer Straße";"";"";"";"";"";"6 ";"Höchst";"591";"6.46";"6C";"A7";54;"17";65929
934;"Gerstweg";"";"";"";"";"";"5 ";"Sachsenhausen-Süd";"325";"5.34";"5A";"A6";23;"10";60598
935;"Gervinusstraße";"";"";"";"";"";"2 ";"Westend-Nord";"191";"2.09";" 2";"B3";4;"3";60322
936;"Geschwister-Scholl-Straße";"";"";"";"";"";"7 ";"Praunheim";"423";"7.59";" 7";"A4";34;"11";60488
937;"Gießener Straße";"gerade";"10";"";"30";"";"3 ";"Nordend-West";"213";"3.17";" 3";"A1";12;"12";60435
937;"Gießener Straße";"gerade";"44";"";"140";"";"10";"Eckenheim";"461";"10.72";"10";"B3";40;"12";60435
938;"Gießfeldstraße";"";"";"";"";"";"7 ";"Hausen";"410";"7.58";" 7";"A4";26;"11";60488
940;"Ginnheimer Hohl";"";"";"";"";"";"9 ";"Ginnheim";"441";"9.67";" 9";"A2";38;"12";60431
941;"Ginnheimer Landstraße";"gerade";"106";"";"204";"";"9 ";"Ginnheim";"441";"9.67";" 9";"A2";38;"12";60431
941;"Ginnheimer Landstraße";"gerade";"2";"";"42";"";"2 ";"Bockenheim";"362";"2.12";" 2";"A4";27;"13";60487
941;"Ginnheimer Landstraße";"gerade";"64";"";"100";"";"2 ";"Bockenheim";"362";"2.12";" 2";"A4";27;"12";60487
941;"Ginnheimer Landstraße";"ungerade";"1";"";"41";"";"2 ";"Bockenheim";"362";"2.12";" 2";"A4";27;"13";60487
941;"Ginnheimer Landstraße";"ungerade";"109";"";"209";"";"9 ";"Ginnheim";"441";"9.67";" 9";"A2";38;"12";60431
941;"Ginnheimer Landstraße";"ungerade";"49";"";"97";"";"2 ";"Bockenheim";"362";"2.12";" 2";"A4";27;"12";60487
942;"Ginnheimer Mühlgasse";"";"";"";"";"";"9 ";"Ginnheim";"441";"9.67";" 9";"A2";38;"12";60431
943;"Ginnheimer Stadtweg";"gerade";"100";"";"158";"";"9 ";"Ginnheim";"441";"9.67";" 9";"A2";38;"12";60431
943;"Ginnheimer Stadtweg";"gerade";"50";"";"90";"";"2 ";"Bockenheim";"362";"2.12";" 2";"A4";27;"12";60431
943;"Ginnheimer Stadtweg";"ungerade";"105";"";"163";"";"9 ";"Ginnheim";"441";"9.67";" 9";"A2";38;"12";60431
943;"Ginnheimer Stadtweg";"ungerade";"57";"";"97";"";"2 ";"Bockenheim";"362";"2.12";" 2";"A4";27;"12";60431
944;"Ginnheimer Straße";"";"";"";"";"";"2 ";"Bockenheim";"362";"2.12";" 2";"A4";27;"13";60487
945;"Ginnheimer Waldgasse";"";"";"";"";"";"9 ";"Ginnheim";"441";"9.67";" 9";"A2";38;"12";60431
946;"Ginsterweg";"gerade";"2";"";"";"";"10";"Frankfurter Berg";"492";"10.71";"10";"A2";46;"14";60433
946;"Ginsterweg";"gerade";"2";"A";"2";"C";"10";"Eckenheim";"461";"10.72";"10";"B3";40;"14";60433
946;"Ginsterweg";"gerade";"4";"";"16";"";"10";"Frankfurter Berg";"492";"10.71";"10";"A2";46;"14";60433
946;"Ginsterweg";"ungerade";"";"";"";"";"10";"Frankfurter Berg";"492";"10.71";"10";"A2";46;"14";60433
947;"Gladenbacher Weg";"";"";"";"";"";"7 ";"Rödelheim";"402";"7.56";" 7";"A4";33;"11";60489
948;"Glaserstraße";"";"";"";"";"";"5 ";"Oberrad";"380";"5.28";"5A";"A6";30;"8";60599
949;"Glaskopfweg";"";"";"";"";"";"8 ";"Niederursel";"481";"8.63";" 8";"A2";43;"14";60439
950;"Glauburgplatz";"";"";"";"";"";"3 ";"Nordend-West";"212";"3.17";" 3";"A1";12;"3";60318
951;"Glauburgstraße";"gerade";"6";"";"60";"";"3 ";"Nordend-West";"212";"3.17";" 3";"A1";12;"3";60318
951;"Glauburgstraße";"gerade";"62";"";"86";"";"3 ";"Nordend-West";"203";"3.16";" 3";"B3";11;"3";60318
951;"Glauburgstraße";"ungerade";"1";"";"49";"";"3 ";"Nordend-West";"211";"3.19";" 3";"A1";12;"3";60318
951;"Glauburgstraße";"ungerade";"63";"";"95";"";"3 ";"Nordend-West";"203";"3.16";" 3";"B3";11;"3";60318
952;"Gleimstraße";"gerade";"";"";"";"";"3 ";"Nordend-West";"212";"3.17";" 3";"A1";12;"3";60318
952;"Gleimstraße";"ungerade";"1";"";"";"";"3 ";"Nordend-West";"212";"3.17";" 3";"A1";12;"6";60318
952;"Gleimstraße";"ungerade";"3";"";"";"";"3 ";"Nordend-West";"212";"3.17";" 3";"A1";12;"3";60318
953;"Gluckstraße";"gerade";"24";"";"42";"";"3 ";"Nordend-West";"212";"3.17";" 3";"A1";12;"3";60318
953;"Gluckstraße";"gerade";"4";"";"20";"";"3 ";"Nordend-West";"211";"3.19";" 3";"A1";12;"3";60318
953;"Gluckstraße";"ungerade";"21";"";"43";"";"3 ";"Nordend-West";"212";"3.17";" 3";"A1";12;"3";60318
953;"Gluckstraße";"ungerade";"3";"";"17";"";"3 ";"Nordend-West";"211";"3.19";" 3";"A1";12;"3";60318
954;"Görresstraße";"";"";"";"";"";"11";"Riederwald";"262";"11.76";"11";"A1";17;"18";60386
955;"Goetheplatz";"gerade";"";"";"";"";"1 ";"Innenstadt";"050";"1.02";" 1";"A1";1;"1";60311
955;"Goetheplatz";"ungerade";"";"";"";"";"1 ";"Innenstadt";"050";"1.02";" 1";"A1";1;"1";60313
956;"Goethestraße";"";"";"";"";"";"1 ";"Innenstadt";"050";"1.02";" 1";"A1";1;"1";60313
958;"Goetzstraße";"";"";"";"";"";"11";"Fechenheim";"510";"11.77";"11";"A1";48;"18";60386
959;"Goldammerstraße";"";"";"";"";"";"5 ";"Niederrad";"372";"5.36";"5B";"A6";28;"10";60528
960;"Goldbergweg";"gerade";"134";"";"138";"";"5 ";"Sachsenhausen-Süd";"332";"5.29";"5A";"A6";24;"8";60599
960;"Goldbergweg";"gerade";"2";"";"88";"";"5 ";"Oberrad";"380";"5.28";"5A";"A6";30;"8";60599
960;"Goldbergweg";"ungerade";"1";"";"83";"";"5 ";"Oberrad";"380";"5.28";"5A";"A6";30;"8";60599
960;"Goldbergweg";"ungerade";"83";"B";"163";"";"5 ";"Sachsenhausen-Süd";"332";"5.29";"5A";"A6";24;"8";60599
962;"Goldgewann";"";"";"";"";"";"6 ";"Sindlingen";"601";"6.47";"6B";"A7";55;"17";65931
963;"Goldgrubenstraße";"";"";"";"";"";"8 ";"Niederursel";"481";"8.63";" 8";"A2";43;"14";60439
964;"Goldsteinstraße";"gerade";"114";"";"238";"A";"5 ";"Niederrad";"373";"5.36";"5B";"A6";29;"10";60528
964;"Goldsteinstraße";"gerade";"2";"";"110";"";"5 ";"Niederrad";"371";"5.35";"5B";"A6";28;"10";60528
964;"Goldsteinstraße";"gerade";"240";"";"316";"";"6 ";"Schwanheim";"532";"6.37";"6A";"A6";51;"10";60529
964;"Goldsteinstraße";"ungerade";"145";"";"237";"";"5 ";"Niederrad";"373";"5.36";"5B";"A6";29;"10";60528
964;"Goldsteinstraße";"ungerade";"247";"";"323";"";"6 ";"Schwanheim";"532";"6.37";"6A";"A6";51;"10";60529
964;"Goldsteinstraße";"ungerade";"3";"";"143";"";"5 ";"Niederrad";"372";"5.36";"5B";"A6";28;"10";60528
966;"Golfstraße";"ungerade";"17";"";"25";"";"5 ";"Niederrad";"372";"5.36";"5B";"A6";28;"10";60528
966;"Golfstraße";"ungerade";"35";"";"41";"";"5 ";"Niederrad";"373";"5.36";"5B";"A6";29;"10";60528
968;"Gonzenheimer Straße";"";"";"";"";"";"10";"Bonames";"491";"10.70";"10";"A2";45;"14";60437
969;"Gotenstraße";"gerade";"38";"";"128";"";"6 ";"Unterliederbach";"622";"6.52";"6C";"A7";57;"17";65929
969;"Gotenstraße";"gerade";"4";"";"8";"";"6 ";"Höchst";"570";"6.44";"6C";"A7";54;"17";65929
969;"Gotenstraße";"ungerade";"1";"";"29";"";"6 ";"Höchst";"570";"6.44";"6C";"A7";54;"17";65929
969;"Gotenstraße";"ungerade";"33";"";"159";"";"6 ";"Unterliederbach";"622";"6.52";"6C";"A7";57;"17";65929
970;"Gottfried-Keller-Straße";"";"";"";"";"";"9 ";"Dornbusch";"442";"9.68";" 9";"B3";38;"12";60431
971;"Graebestraße";"";"";"";"";"";"7 ";"Praunheim";"425";"7.60";" 7";"A4";35;"14";60488
972;"Gräfendeichstraße";"";"";"";"";"";"5 ";"Oberrad";"380";"5.28";"5A";"A6";30;"8";60599
973;"Gräfstraße";"gerade";"38";"";"80";"";"2 ";"Westend-Süd";"170";"2.11";" 2";"A4";3;"13";60486
973;"Gräfstraße";"gerade";"92";"";"102";"";"2 ";"Bockenheim";"361";"2.12";" 2";"A4";27;"13";60487
973;"Gräfstraße";"ungerade";"39";"";"83";"";"2 ";"Bockenheim";"341";"2.13";" 2";"A4";25;"13";60486
973;"Gräfstraße";"ungerade";"85";"";"";"";"2 ";"Bockenheim";"341";"2.13";" 2";"A4";25;"13";60487
973;"Gräfstraße";"ungerade";"87";"";"109";"";"2 ";"Bockenheim";"361";"2.12";" 2";"A4";27;"13";60487
974;"Graf-de-Thoranc-Passage";"";"";"";"";"";"1 ";"Altstadt";"010";"1.01";" 1";"A1";1;"1";60311
975;"Grafenstraße";"";"";"";"";"";"9 ";"Dornbusch";"462";"9.69";" 9";"B3";41;"12";60433
976;"Graf-Vollrath-Weg";"";"";"";"";"";"7 ";"Rödelheim";"402";"7.56";" 7";"A4";33;"11";60489
977;"Grasmückenweg";"";"";"";"";"";"6 ";"Unterliederbach";"621";"6.51";"6C";"A7";57;"17";65929
978;"Grauer Stein";"";"";"";"";"";"6 ";"Unterliederbach";"622";"6.52";"6C";"A7";57;"17";65929
979;"Gravenbruchring";"";"";"";"";"";"5 ";"Sachsenhausen-Süd";"332";"5.29";"5A";"A6";24;"";63263
980;"Greifstraße";"";"";"";"";"";"2 ";"Bockenheim";"350";"2.13";" 2";"A4";25;"13";60486
981;"Greifswalder Weg";"";"";"";"";"";"6 ";"Zeilsheim";"611";"6.49";"6B";"A7";56;"17";65931
982;"Grempstraße";"gerade";"2";"";"22";"";"2 ";"Bockenheim";"361";"2.12";" 2";"A4";27;"13";60487
982;"Grempstraße";"gerade";"24";"";"42";"";"2 ";"Bockenheim";"362";"2.12";" 2";"A4";27;"13";60487
982;"Grempstraße";"ungerade";"43";"";"45";"";"2 ";"Bockenheim";"362";"2.12";" 2";"A4";27;"13";60487
982;"Grempstraße";"ungerade";"7";"";"33";"";"2 ";"Bockenheim";"350";"2.13";" 2";"A4";25;"13";60487
983;"Grethenweg";"";"";"";"";"";"5 ";"Sachsenhausen-Süd";"323";"5.30";"5A";"A6";22;"8";60598
984;"Griesheimer Fußweg";"";"";"";"";"";"1 ";"Gutleutviertel";"151";"1.04";" 1";"A3";2;"16";65933
985;"Griesheimer Stadtweg";"gerade";"";"";"";"";"6 ";"Griesheim";"541";"6.39";"6A";"A3";52;"16";65933
985;"Griesheimer Stadtweg";"ungerade";"1";"";"";"";"1 ";"Gutleutviertel";"151";"1.04";" 1";"A3";2;"16";65933
985;"Griesheimer Stadtweg";"ungerade";"3";"";"95";"";"6 ";"Griesheim";"541";"6.39";"6A";"A3";52;"16";65933
986;"Griesheimer Ufer";"gerade";"22";"";"38";"";"6 ";"Griesheim";"541";"6.39";"6A";"A3";52;"16";65933
986;"Griesheimer Ufer";"gerade";"50";"";"54";"";"6 ";"Griesheim";"551";"6.39";"6A";"A3";52;"16";65933
986;"Griesheimer Ufer";"ungerade";"19";"";"35";"";"6 ";"Griesheim";"541";"6.39";"6A";"A3";52;"16";65933
986;"Griesheimer Ufer";"ungerade";"41";"";"59";"";"6 ";"Griesheim";"551";"6.39";"6A";"A3";52;"16";65933
987;"Grillparzerstraße";"";"";"";"";"";"9 ";"Dornbusch";"442";"9.68";" 9";"B3";38;"12";60320
988;"Grommetstraße";"";"";"";"";"";"9 ";"Eschersheim";"452";"9.66";" 9";"B3";39;"12";60433
989;"Gronauer Straße";"gerade";"2";"";"24";"";"4 ";"Bornheim";"271";"4.23";" 4";"A1";15;"6";60385
989;"Gronauer Straße";"gerade";"30";"";"42";"";"4 ";"Bornheim";"272";"4.22";" 4";"A1";18;"6";60385
989;"Gronauer Straße";"ungerade";"1";"";"21";"";"4 ";"Bornheim";"271";"4.23";" 4";"A1";15;"6";60385
989;"Gronauer Straße";"ungerade";"25";"";"39";"";"4 ";"Bornheim";"272";"4.22";" 4";"A1";18;"6";60385
990;"Große Bockenheimer Straße (Freßgass´)";"";"";"";"";"";"1 ";"Innenstadt";"050";"1.02";" 1";"A1";1;"1";60313
991;"Große Eschenheimer Straße";"gerade";"";"";"";"";"1 ";"Innenstadt";"060";"1.02";" 1";"A1";1;"1";60313
991;"Große Eschenheimer Straße";"ungerade";"";"";"";"";"1 ";"Innenstadt";"050";"1.02";" 1";"A1";1;"1";60313
992;"Große Fischerstraße";"";"";"";"";"";"1 ";"Altstadt";"010";"1.01";" 1";"A1";1;"1";60311
993;"Große Friedberger Straße";"gerade";"";"";"";"";"1 ";"Innenstadt";"070";"1.01";" 1";"A1";1;"1";60313
993;"Große Friedberger Straße";"ungerade";"";"";"";"";"1 ";"Innenstadt";"060";"1.02";" 1";"A1";1;"1";60313
994;"Große Gallusstraße";"gerade";"16";"";"18";"";"1 ";"Innenstadt";"040";"1.03";" 1";"A1";1;"1";60312
994;"Große Gallusstraße";"gerade";"2";"A";"";"";"1 ";"Innenstadt";"040";"1.03";" 1";"A1";1;"1";60311
994;"Große Gallusstraße";"gerade";"6";"";"14";"";"1 ";"Innenstadt";"040";"1.03";" 1";"A1";1;"1";60315
994;"Große Gallusstraße";"ungerade";"";"";"";"";"1 ";"Innenstadt";"040";"1.03";" 1";"A1";1;"1";60311
995;"Große Nelkenstraße";"";"";"";"";"";"7 ";"Hausen";"410";"7.58";" 7";"A4";26;"11";60488
996;"Große Rittergasse";"gerade";"30";"";"118";"";"5 ";"Sachsenhausen-Nord";"300";"5.31";"5A";"A6";20;"8";60594
996;"Große Rittergasse";"gerade";"6";"";"20";"";"5 ";"Sachsenhausen-Nord";"331";"5.31";"5A";"A6";20;"8";60594
996;"Große Rittergasse";"ungerade";"33";"";"103";"";"5 ";"Sachsenhausen-Nord";"300";"5.31";"5A";"A6";20;"8";60594
996;"Große Rittergasse";"ungerade";"5";"";"21";"";"5 ";"Sachsenhausen-Nord";"331";"5.31";"5A";"A6";20;"8";60594
997;"Große Seestraße";"";"";"";"";"";"2 ";"Bockenheim";"350";"2.13";" 2";"A4";25;"13";60486
998;"Große Spillingsgasse";"";"";"";"";"";"4 ";"Bornheim";"272";"4.22";" 4";"A1";18;"6";60385
999;"Großer Hasenpfad";"";"";"";"";"";"5 ";"Sachsenhausen-Süd";"323";"5.30";"5A";"A6";22;"8";60598
1000;"Großer Hirschgraben";"gerade";"";"";"";"";"1 ";"Altstadt";"010";"1.01";" 1";"A1";1;"1";60311
1000;"Großer Hirschgraben";"ungerade";"";"";"";"";"1 ";"Innenstadt";"040";"1.03";" 1";"A1";1;"1";60311
1001;"Großer Ruppenackerweg";"";"";"";"";"";"5 ";"Sachsenhausen-Süd";"332";"5.29";"5A";"A6";24;"8";60599
1002;"Grotefendstraße";"";"";"";"";"";"10";"Eckenheim";"461";"10.72";"10";"B3";40;"12";60435
1003;"Gründenseestraße";"";"";"";"";"";"11";"Fechenheim";"520";"11.78";"11";"A1";49;"18";60386
1004;"Grüneburgpark";"";"";"";"";"";"2 ";"Westend-Nord";"191";"2.09";" 2";"B3";4;"3";60323
1006;"Grüneburgweg";"gerade";"2";"";"66";"";"2 ";"Westend-Nord";"191";"2.09";" 2";"B3";4;"3";60322
1006;"Grüneburgweg";"gerade";"72";"";"162";"";"2 ";"Westend-Nord";"191";"2.09";" 2";"B3";4;"3";60323
1006;"Grüneburgweg";"ungerade";"1";"";"43";"";"2 ";"Westend-Süd";"110";"2.10";" 2";"A4";4;"3";60322
1006;"Grüneburgweg";"ungerade";"47";"";"153";"";"2 ";"Westend-Süd";"180";"2.10";" 2";"A4";4;"3";60323
1007;"Grüne Straße";"";"";"";"";"";"4 ";"Ostend";"140";"4.26";" 4";"A1";6;"5";60316
1009;"Grüne Weide";"";"";"";"";"";"6 ";"Nied";"562";"6.43";"6A";"A7";53;"16";65934
1010;"Grüne Winkel";"";"";"";"";"";"6 ";"Nied";"562";"6.43";"6A";"A7";53;"16";65934
1011;"Grundwiesenstraße";"";"";"";"";"";"7 ";"Rödelheim";"401";"7.55";" 7";"A4";32;"11";60489
1012;"Gruneliusstraße";"";"";"";"";"";"5 ";"Oberrad";"380";"5.28";"5A";"A6";30;"8";60599
1013;"Grusonstraße";"";"";"";"";"";"4 ";"Ostend";"261";"4.27";" 4";"A1";6;"5";60314
1014;"Guaitastraße";"";"";"";"";"";"9 ";"Ginnheim";"441";"9.67";" 9";"A2";38;"12";60431
1015;"Günderrodestraße";"";"";"";"";"";"1 ";"Gallus";"161";"1.06";" 1";"A3";7;"4";60327
1016;"Günther-Groenhoff-Straße";"";"";"";"";"";"2 ";"Bockenheim";"362";"2.12";" 2";"A4";27;"13";60487
1017;"Günthersburgallee";"gerade";"2";"";"62";"";"3 ";"Nordend-Ost";"221";"3.19";" 3";"A1";13;"3";60316
1017;"Günthersburgallee";"gerade";"66";"";"98";"";"3 ";"Nordend-Ost";"222";"3.18";" 3";"A1";13;"6";60389
1017;"Günthersburgallee";"ungerade";"1";"";"61";"";"3 ";"Nordend-Ost";"221";"3.19";" 3";"A1";13;"3";60316
1017;"Günthersburgallee";"ungerade";"67";"";"93";"";"3 ";"Nordend-Ost";"222";"3.18";" 3";"A1";13;"6";60389
1018;"Günthersburgpark";"";"";"";"";"";"3 ";"Nordend-Ost";"222";"3.18";" 3";"A1";13;"6";60389
1019;"Güntherstraße";"";"";"";"";"";"5 ";"Niederrad";"372";"5.36";"5B";"A6";28;"10";60528
1020;"Güterplatz";"gerade";"";"";"";"";"1 ";"Gallus";"161";"1.06";" 1";"A3";7;"13";60327
1020;"Güterplatz";"ungerade";"1";"";"";"";"1 ";"Gallus";"161";"1.06";" 1";"A3";7;"4";60327
1020;"Güterplatz";"ungerade";"5";"A";"";"";"1 ";"Gallus";"161";"1.06";" 1";"A3";7;"13";60327
1022;"Elsa-Brändström-Platz";"";"";"";"";"";"2 ";"Westend-Süd";"100";"2.11";" 2";"A4";3;"13";60325
1023;"Guiollettstraße";"";"";"";"";"";"2 ";"Westend-Süd";"100";"2.11";" 2";"A4";3;"13";60325
1024;"Gummersbergstraße";"";"";"";"";"";"10";"Eckenheim";"461";"10.72";"10";"B3";40;"12";60435
1025;"Gundhofstraße";"";"";"";"";"";"5 ";"Niederrad";"372";"5.36";"5B";"A6";28;"10";60528
1026;"Gustav-Freytag-Straße";"";"";"";"";"";"9 ";"Dornbusch";"442";"9.68";" 9";"B3";38;"12";60320
1027;"Gustavsallee";"";"";"";"";"";"6 ";"Sindlingen";"601";"6.47";"6B";"A7";55;"17";65931
1028;"Gustavsburgstraße";"";"";"";"";"";"1 ";"Gallus";"153";"1.05";" 1";"A3";7;"4";60326
1029;"Gutenbergstraße";"";"";"";"";"";"1 ";"Gallus";"161";"1.06";" 1";"A3";7;"4";60327
1030;"Gutleuthofweg";"";"";"";"";"";"1 ";"Gutleutviertel";"151";"1.04";" 1";"A3";2;"4";60327
1031;"Gutleutstraße";"gerade";"110";"";"182";"";"1 ";"Gutleutviertel";"151";"1.04";" 1";"A3";2;"4";60327
1031;"Gutleutstraße";"gerade";"2";"";"46";"";"1 ";"Bahnhofsviertel";"090";"1.03";" 1";"A3";2;"4";60329
1031;"Gutleutstraße";"gerade";"224";"";"";"";"1 ";"Gallus";"152";"1.06";" 1";"A3";7;"4";60327
1031;"Gutleutstraße";"gerade";"226";"";"360";"";"1 ";"Gutleutviertel";"151";"1.04";" 1";"A3";2;"4";60327
1031;"Gutleutstraße";"gerade";"92";"";"102";"";"1 ";"Gutleutviertel";"151";"1.04";" 1";"A3";2;"4";60329
1031;"Gutleutstraße";"ungerade";"1";"";"75";"";"1 ";"Bahnhofsviertel";"090";"1.03";" 1";"A3";2;"4";60329
1031;"Gutleutstraße";"ungerade";"121";"";"371";"A";"1 ";"Gutleutviertel";"151";"1.04";" 1";"A3";2;"4";60327
1031;"Gutleutstraße";"ungerade";"391";"";"407";"";"1 ";"Gutleutviertel";"151";"1.04";" 1";"A3";2;"16";60327
1031;"Gutleutstraße";"ungerade";"85";"";"89";"";"1 ";"Gutleutviertel";"151";"1.04";" 1";"A3";2;"4";60329
1032;"Gutzkowstraße";"";"";"";"";"";"5 ";"Sachsenhausen-Nord";"324";"5.32";"5A";"A6";21;"8";60594
1033;"Gwinnerstraße";"";"";"";"";"";"11";"Seckbach";"390";"11.75";"11";"A1";31;"18";60388
1034;"Haardtwaldplatz";"";"";"";"";"";"5 ";"Niederrad";"371";"5.35";"5B";"A6";28;"10";60528
1035;"Haardtwaldstraße";"";"";"";"";"";"5 ";"Niederrad";"371";"5.35";"5B";"A6";28;"10";60528
1036;"Habelstraße";"gerade";"2";"";"24";"";"8 ";"Heddernheim";"431";"8.61";" 8";"A2";37;"14";60439
1036;"Habelstraße";"gerade";"26";"";"48";"";"8 ";"Heddernheim";"432";"8.62";" 8";"A2";36;"14";60439
1036;"Habelstraße";"ungerade";"";"";"";"";"8 ";"Heddernheim";"431";"8.61";" 8";"A2";37;"14";60439
1037;"Habsburgerallee";"gerade";"2";"";"6";"A";"3 ";"Nordend-Ost";"230";"3.20";" 3";"A1";14;"3";60385
1037;"Habsburgerallee";"gerade";"8";"";"112";"";"4 ";"Ostend";"251";"4.25";" 4";"A1";16;"5";60385
1037;"Habsburgerallee";"ungerade";"1";"";"3";"";"4 ";"Bornheim";"240";"4.23";" 4";"A1";15;"3";60385
1037;"Habsburgerallee";"ungerade";"9";"";"95";"";"4 ";"Ostend";"252";"4.25";" 4";"A1";16;"5";60385
1038;"Hachenburger Straße";"";"";"";"";"";"6 ";"Sossenheim";"631";"6.53";"6C";"A7";58;"17";65936
1039;"Hadamarer Straße";"";"";"";"";"";"6 ";"Sossenheim";"631";"6.53";"6C";"A7";58;"17";65936
1040;"Hadrianstraße";"";"";"";"";"";"8 ";"Heddernheim";"432";"8.62";" 8";"A2";36;"14";60439
1041;"Haeberlinstraße";"";"";"";"";"";"9 ";"Eschersheim";"452";"9.66";" 9";"B3";39;"12";60431
1042;"Händelstraße";"";"";"";"";"";"3 ";"Nordend-West";"212";"3.17";" 3";"A1";12;"3";60318
1043;"Hänggasse";"";"";"";"";"";"6 ";"Schwanheim";"531";"6.38";"6A";"A6";50;"10";60529
1044;"Haenischstraße";"";"";"";"";"";"11";"Seckbach";"390";"11.75";"11";"A1";31;"18";60386
1045;"Häuser Gasse";"gerade";"";"";"";"";"2 ";"Bockenheim";"362";"2.12";" 2";"A4";27;"13";60487
1045;"Häuser Gasse";"ungerade";"";"";"";"";"2 ";"Bockenheim";"350";"2.13";" 2";"A4";25;"13";60487
1046;"Häuserhofweg";"";"";"";"";"";"6 ";"Zeilsheim";"611";"6.49";"6B";"A7";56;"17";65931
1047;"Haeussermannstraße";"";"";"";"";"";"6 ";"Griesheim";"551";"6.39";"6A";"A3";52;"16";65933
1054;"Hafenstraße";"gerade";"2";"";"4";"";"1 ";"Gutleutviertel";"151";"1.04";" 1";"A3";2;"4";60327
1054;"Hafenstraße";"gerade";"52";"";"54";"";"1 ";"Gallus";"152";"1.06";" 1";"A3";7;"4";60327
1054;"Hafenstraße";"ungerade";"";"";"";"";"1 ";"Gutleutviertel";"151";"1.04";" 1";"A3";2;"4";60327
1055;"Hafnerstraße";"gerade";"";"";"";"";"6 ";"Griesheim";"551";"6.39";"6A";"A3";52;"16";65933
1055;"Hafnerstraße";"ungerade";"";"";"";"";"6 ";"Griesheim";"541";"6.39";"6A";"A3";52;"16";65933
1056;"Hagebuttenweg";"";"";"";"";"";"10";"Frankfurter Berg";"492";"10.71";"10";"A2";46;"14";60433
1057;"Hagenstraße";"";"";"";"";"";"4 ";"Ostend";"261";"4.27";" 4";"A1";6;"5";60314
1058;"Hahnbergweg";"";"";"";"";"";"6 ";"Zeilsheim";"612";"6.50";"6B";"A7";56;"17";65931
1059;"Hahnstraße";"";"";"";"";"";"5 ";"Niederrad";"373";"5.36";"5B";"A6";29;"10";60528
1060;"Haigerer Straße";"";"";"";"";"";"6 ";"Sossenheim";"632";"6.54";"6C";"A7";58;"17";65936
1061;"Hainbuchenstraße";"";"";"";"";"";"6 ";"Schwanheim";"531";"6.38";"6A";"A6";50;"10";60529
1062;"Hainer Hof";"";"";"";"";"";"1 ";"Altstadt";"010";"1.01";" 1";"A1";1;"1";60311
1063;"Hainer Weg";"";"";"";"";"";"5 ";"Sachsenhausen-Süd";"332";"5.29";"5A";"A6";24;"8";60599
1064;"Haingrabenstraße";"";"";"";"";"";"7 ";"Praunheim";"425";"7.60";" 7";"A4";35;"14";60488
1065;"Hakengasse";"";"";"";"";"";"6 ";"Sindlingen";"601";"6.47";"6B";"A7";55;"17";65931
1066;"Hallgartenstraße";"";"";"";"";"";"3 ";"Nordend-Ost";"222";"3.18";" 3";"A1";13;"6";60389
1067;"Halmstraße";"";"";"";"";"";"1 ";"Gutleutviertel";"151";"1.04";" 1";"A3";2;"4";60327
1068;"Hamburger Allee";"gerade";"2";"";"28";"";"2 ";"Westend-Süd";"170";"2.11";" 2";"A4";3;"13";60486
1068;"Hamburger Allee";"gerade";"44";"";"102";"";"2 ";"Bockenheim";"341";"2.13";" 2";"A4";25;"13";60486
1068;"Hamburger Allee";"ungerade";"23";"";"";"";"2 ";"Westend-Süd";"170";"2.11";" 2";"A4";3;"13";60486
1068;"Hamburger Allee";"ungerade";"31";"";"65";"";"2 ";"Bockenheim";"341";"2.13";" 2";"A4";25;"13";60486
1069;"Hammanstraße";"gerade";"10";"";"18";"";"3 ";"Nordend-West";"203";"3.16";" 3";"B3";11;"3";60322
1069;"Hammanstraße";"gerade";"2";"";"8";"";"3 ";"Nordend-West";"201";"3.21";" 3";"B3";11;"3";60322
1069;"Hammanstraße";"ungerade";"1";"";"5";"A";"3 ";"Nordend-West";"201";"3.21";" 3";"B3";11;"3";60322
1069;"Hammanstraße";"ungerade";"9";"";"27";"";"3 ";"Nordend-West";"203";"3.16";" 3";"B3";11;"3";60322
1070;"Hammarskjöldring";"";"";"";"";"";"8 ";"Niederursel";"481";"8.63";" 8";"A2";43;"14";60439
1072;"Hammelsgasse";"";"";"";"";"";"1 ";"Innenstadt";"070";"1.01";" 1";"A1";1;"1";60313
1073;"Hanauer Landstraße";"gerade";"2";"";"38";"";"4 ";"Ostend";"140";"4.26";" 4";"A1";6;"5";60314
1073;"Hanauer Landstraße";"gerade";"340";"";"344";"";"11";"Fechenheim";"510";"11.77";"11";"A1";48;"18";60314
1073;"Hanauer Landstraße";"gerade";"360";"";"572";"";"11";"Fechenheim";"510";"11.77";"11";"A1";48;"18";60386
1073;"Hanauer Landstraße";"gerade";"44";"";"338";"";"4 ";"Ostend";"261";"4.27";" 4";"A1";6;"5";60314
1073;"Hanauer Landstraße";"ungerade";"1";"";"45";"";"4 ";"Ostend";"140";"4.26";" 4";"A1";6;"5";60314
1073;"Hanauer Landstraße";"ungerade";"47";"";"49";"";"4 ";"Ostend";"251";"4.25";" 4";"A1";16;"5";60314
1073;"Hanauer Landstraße";"ungerade";"473";"";"587";"";"11";"Fechenheim";"510";"11.77";"11";"A1";48;"18";60386
1073;"Hanauer Landstraße";"ungerade";"57";"";"443";"";"4 ";"Ostend";"261";"4.27";" 4";"A1";6;"5";60314
1075;"Hansaallee";"gerade";"110";"";"162";"";"2 ";"Westend-Nord";"192";"2.09";" 2";"B3";4;"12";60320
1075;"Hansaallee";"gerade";"2";"";"40";"";"2 ";"Westend-Nord";"191";"2.09";" 2";"B3";4;"3";60322
1075;"Hansaallee";"gerade";"72";"";"90";"";"2 ";"Westend-Nord";"191";"2.09";" 2";"B3";4;"3";60323
1075;"Hansaallee";"ungerade";"109";"";"147";"";"2 ";"Westend-Nord";"192";"2.09";" 2";"B3";4;"12";60320
1075;"Hansaallee";"ungerade";"3";"";"29";"G";"2 ";"Westend-Nord";"191";"2.09";" 2";"B3";4;"3";60322
1075;"Hansaallee";"ungerade";"41";"";"";"";"2 ";"Westend-Nord";"191";"2.09";" 2";"B3";4;"3";60323
1076;"Hans-Böckler-Straße";"";"";"";"";"";"6 ";"Unterliederbach";"621";"6.51";"6C";"A7";57;"17";65929
1077;"Hansenweg";"";"";"";"";"";"5 ";"Oberrad";"380";"5.28";"5A";"A6";30;"8";60599
1079;"Hans-Sachs-Straße";"";"";"";"";"";"2 ";"Bockenheim";"362";"2.12";" 2";"A4";27;"13";60487
1080;"Hansteinstraße";"";"";"";"";"";"3 ";"Nordend-West";"203";"3.16";" 3";"B3";11;"3";60318
1081;"Hans-Thoma-Straße";"";"";"";"";"";"5 ";"Sachsenhausen-Nord";"321";"5.32";"5A";"A6";21;"8";60596
1082;"Hardenbergstraße";"";"";"";"";"";"1 ";"Gutleutviertel";"151";"1.04";" 1";"A3";2;"4";60327
1083;"Harheimer Weg";"";"";"";"";"";"10";"Bonames";"491";"10.70";"10";"A2";45;"14";60437
1084;"Harkortstraße";"";"";"";"";"";"11";"Riederwald";"262";"11.76";"11";"A1";17;"18";60386
1085;"Harthweg";"";"";"";"";"";"6 ";"Schwanheim";"532";"6.37";"6A";"A6";51;"10";60529
1086;"Hartmann-Ibach-Straße";"";"";"";"";"";"3 ";"Nordend-Ost";"222";"3.18";" 3";"A1";13;"6";60389
1087;"Hartmannsweilerstraße";"gerade";"12";"";"50";"A";"6 ";"Griesheim";"541";"6.39";"6A";"A3";52;"16";65933
1087;"Hartmannsweilerstraße";"gerade";"50";"B";"102";"";"6 ";"Griesheim";"551";"6.39";"6A";"A3";52;"16";65933
1087;"Hartmannsweilerstraße";"ungerade";"11";"";"49";"B";"6 ";"Griesheim";"541";"6.39";"6A";"A3";52;"16";65933
1087;"Hartmannsweilerstraße";"ungerade";"55";"";"103";"";"6 ";"Griesheim";"551";"6.39";"6A";"A3";52;"16";65933
1088;"Hartmannweg";"";"";"";"";"";"11";"Seckbach";"390";"11.75";"11";"A1";31;"6";60389
1089;"Haselnußpfad";"";"";"";"";"";"6 ";"Griesheim";"542";"6.40";"6A";"A3";52;"16";65933
1090;"Hasengasse";"";"";"";"";"";"1 ";"Altstadt";"010";"1.01";" 1";"A1";1;"1";60311
1091;"Hasselhorstweg";"";"";"";"";"";"5 ";"Sachsenhausen-Süd";"332";"5.29";"5A";"A6";24;"8";60599
1092;"Hattersheimer Straße";"";"";"";"";"";"1 ";"Gallus";"162";"1.07";" 1";"A3";9;"4";60326
1093;"Hattsteiner Straße";"";"";"";"";"";"7 ";"Rödelheim";"401";"7.55";" 7";"A4";32;"11";60489
1094;"Hausener Brückweg";"";"";"";"";"";"7 ";"Hausen";"410";"7.58";" 7";"A4";26;"11";60488
1095;"Hausener Obergasse";"";"";"";"";"";"7 ";"Hausen";"410";"7.58";" 7";"A4";26;"11";60488
1096;"Hausener Weg";"";"";"";"";"";"7 ";"Rödelheim";"401";"7.55";" 7";"A4";32;"11";60489
1099;"Hebelstraße";"";"";"";"";"";"3 ";"Nordend-West";"120";"3.21";" 3";"A1";5;"3";60318
1100;"Heckerstraße";"";"";"";"";"";"6 ";"Schwanheim";"531";"6.38";"6A";"A6";50;"10";60529
1101;"Hedderichstraße";"gerade";"2";"";"74";"";"5 ";"Sachsenhausen-Nord";"324";"5.32";"5A";"A6";21;"8";60594
1101;"Hedderichstraße";"gerade";"94";"";"132";"";"5 ";"Sachsenhausen-Nord";"321";"5.32";"5A";"A6";21;"8";60596
1101;"Hedderichstraße";"ungerade";"39";"";"63";"";"5 ";"Sachsenhausen-Nord";"324";"5.32";"5A";"A6";21;"8";60594
1101;"Hedderichstraße";"ungerade";"65";"";"89";"";"5 ";"Sachsenhausen-Nord";"321";"5.32";"5A";"A6";21;"8";60596
1102;"Heddernheimer Kirchstraße";"";"";"";"";"";"8 ";"Heddernheim";"431";"8.61";" 8";"A2";37;"14";60439
1103;"Heddernheimer Landstraße";"gerade";"";"";"";"";"8 ";"Heddernheim";"431";"8.61";" 8";"A2";37;"14";60439
1103;"Heddernheimer Landstraße";"ungerade";"1";"";"105";"";"8 ";"Heddernheim";"431";"8.61";" 8";"A2";37;"14";60439
1103;"Heddernheimer Landstraße";"ungerade";"145";"";"157";"B";"8 ";"Heddernheim";"432";"8.62";" 8";"A2";36;"14";60439
1104;"Hedwig-Dransfeld-Straße";"";"";"";"";"";"2 ";"Bockenheim";"362";"2.12";" 2";"A4";27;"13";60487
1105;"Heerstraße";"gerade";"2";"";"14";"";"7 ";"Praunheim";"425";"7.60";" 7";"A4";35;"14";60488
1105;"Heerstraße";"gerade";"28";"";"324";"";"7 ";"Praunheim";"422";"7.59";" 7";"A4";34;"14";60488
1105;"Heerstraße";"ungerade";"1";"";"3";"E";"7 ";"Praunheim";"425";"7.60";" 7";"A4";35;"14";60488
1105;"Heerstraße";"ungerade";"291";"";"299";"";"7 ";"Praunheim";"423";"7.59";" 7";"A4";34;"14";60488
1105;"Heerstraße";"ungerade";"305";"";"";"";"7 ";"Rödelheim";"401";"7.55";" 7";"A4";32;"11";60488
1105;"Heerstraße";"ungerade";"5";"";"285";"";"7 ";"Praunheim";"422";"7.59";" 7";"A4";34;"14";60488
1106;"Hegarstraße";"";"";"";"";"";"6 ";"Schwanheim";"531";"6.38";"6A";"A6";50;"10";60529
1107;"Hegelstraße";"gerade";"";"";"";"";"3 ";"Nordend-Ost";"230";"3.20";" 3";"A1";14;"3";60316
1107;"Hegelstraße";"ungerade";"";"";"";"";"3 ";"Nordend-Ost";"130";"3.20";" 3";"A1";14;"3";60316
1108;"Heidelbachstraße";"gerade";"";"";"";"";"4 ";"Bornheim";"281";"4.24";" 4";"A1";19;"6";60385
1108;"Heidelbachstraße";"ungerade";"";"";"";"";"4 ";"Bornheim";"281";"4.24";" 4";"A1";19;"5";60385
1109;"Heidelberger Straße";"";"";"";"";"";"1 ";"Gutleutviertel";"151";"1.04";" 1";"A3";2;"4";60327
1110;"Heideplatz";"";"";"";"";"";"3 ";"Nordend-Ost";"230";"3.20";" 3";"A1";14;"3";60316
1111;"Heidestraße";"gerade";"118";"";"158";"";"4 ";"Bornheim";"271";"4.23";" 4";"A1";15;"6";60385
1111;"Heidestraße";"gerade";"2";"";"38";"";"3 ";"Nordend-Ost";"230";"3.20";" 3";"A1";14;"3";60316
1111;"Heidestraße";"gerade";"40";"";"108";"";"4 ";"Bornheim";"240";"4.23";" 4";"A1";15;"6";60385
1111;"Heidestraße";"ungerade";"105";"";"157";"";"4 ";"Bornheim";"271";"4.23";" 4";"A1";15;"6";60385
1111;"Heidestraße";"ungerade";"3";"";"45";"";"3 ";"Nordend-Ost";"230";"3.20";" 3";"A1";14;"3";60316
1111;"Heidestraße";"ungerade";"49";"";"101";"";"4 ";"Bornheim";"240";"4.23";" 4";"A1";15;"6";60385
1112;"Heidetränkstraße";"";"";"";"";"";"8 ";"Niederursel";"481";"8.63";" 8";"A2";43;"14";60439
1113;"Heigenbrücker Weg";"";"";"";"";"";"5 ";"Sachsenhausen-Süd";"332";"5.29";"5A";"A6";24;"8";60599
1114;"Heilbronner Straße";"";"";"";"";"";"1 ";"Gutleutviertel";"151";"1.04";" 1";"A3";2;"4";60327
1116;"Heiligenstockweg";"";"";"";"";"";"10";"Berkersheim";"500";"10.74";"10";"A2";47;"14";60435
1117;"Heiligkreuzgasse";"";"";"";"";"";"1 ";"Innenstadt";"070";"1.01";" 1";"A1";1;"1";60313
1118;"Heilmannstraße";"";"";"";"";"";"8 ";"Praunheim";"426";"8.62";" 7";"A2";36;"14";60439
1119;"Heimatring";"";"";"";"";"";"5 ";"Sachsenhausen-Nord";"322";"5.33";"5A";"A6";21;"8";60596
1120;"Heimchenweg";"";"";"";"";"";"6 ";"Unterliederbach";"621";"6.51";"6C";"A7";57;"17";65929
1121;"Heinestraße";"";"";"";"";"";"3 ";"Nordend-West";"201";"3.21";" 3";"B3";11;"3";60322
1122;"Heinrich-Bleicher-Straße";"";"";"";"";"";"9 ";"Dornbusch";"462";"9.69";" 9";"B3";41;"12";60433
1123;"Heinrich-Hardt-Straße";"gerade";"";"";"";"";"6 ";"Griesheim";"542";"6.40";"6A";"A3";52;"16";65933
1123;"Heinrich-Hardt-Straße";"ungerade";"29";"";"47";"";"6 ";"Griesheim";"542";"6.40";"6A";"A3";52;"16";65933
1123;"Heinrich-Hardt-Straße";"ungerade";"51";"";"53";"";"6 ";"Griesheim";"552";"6.41";"6A";"A3";52;"16";65933
1124;"Heinrich-Hertz-Straße";"";"";"";"";"";"2 ";"Bockenheim";"342";"2.14";" 2";"A4";10;"13";60486
1125;"Heinrich-Hoffmann-Straße";"";"";"";"";"";"5 ";"Niederrad";"371";"5.35";"5B";"A6";28;"10";60528
1126;"Heinrich-Plett-Straße";"";"";"";"";"";"10";"Frankfurter Berg";"492";"10.71";"10";"A2";46;"14";60433
1127;"Heinrich-Rößler-Straße";"";"";"";"";"";"9 ";"Dornbusch";"462";"9.69";" 9";"B3";41;"12";60433
1128;"Heinrich-Seliger-Straße";"";"";"";"";"";"5 ";"Niederrad";"372";"5.36";"5B";"A6";28;"10";60528
1129;"Heinrich-Stahl-Straße";"";"";"";"";"";"6 ";"Nied";"561";"6.42";"6A";"A7";53;"16";65934
1130;"Heinrichstraße";"";"";"";"";"";"1 ";"Gallus";"161";"1.06";" 1";"A3";7;"4";60327
1131;"Heinrich-Tessenow-Weg";"";"";"";"";"";"7 ";"Praunheim";"422";"7.59";" 7";"A4";34;"14";60488
1132;"Heinzstraße";"";"";"";"";"";"9 ";"Ginnheim";"441";"9.67";" 9";"A2";38;"12";60431
1133;"Heisterstraße";"";"";"";"";"";"5 ";"Sachsenhausen-Nord";"331";"5.31";"5A";"A6";20;"8";60594
1134;"Heldenbergener Straße";"";"";"";"";"";"10";"Bonames";"491";"10.70";"10";"A2";45;"14";60437
1135;"Hellerhofstraße";"";"";"";"";"";"1 ";"Gallus";"161";"1.06";" 1";"A3";7;"4";60327
1136;"Helmholtzstraße";"";"";"";"";"";"4 ";"Ostend";"252";"4.25";" 4";"A1";16;"5";60385
1138;"Hennegasse";"";"";"";"";"";"8 ";"Niederursel";"481";"8.63";" 8";"A2";43;"14";60439
1139;"Henriette-Fürth-Straße";"";"";"";"";"";"6 ";"Schwanheim";"532";"6.37";"6A";"A6";51;"10";60529
1140;"Henry-Budge-Straße";"";"";"";"";"";"2 ";"Westend-Nord";"192";"2.09";" 2";"B3";4;"12";60320
1141;"Henschelstraße";"gerade";"";"";"";"";"4 ";"Ostend";"252";"4.25";" 4";"A1";16;"5";60314
1141;"Henschelstraße";"ungerade";"";"";"";"";"4 ";"Ostend";"251";"4.25";" 4";"A1";16;"5";60314
1142;"Henselstraße";"";"";"";"";"";"5 ";"Niederrad";"372";"5.36";"5B";"A6";28;"10";60528
1143;"Herbartstraße";"";"";"";"";"";"3 ";"Nordend-Ost";"230";"3.20";" 3";"A1";14;"3";60316
1144;"Herbert-Boehm-Straße";"";"";"";"";"";"5 ";"Niederrad";"372";"5.36";"5B";"A6";28;"10";60528
1145;"Herbert-von-Meister-Straße";"";"";"";"";"";"6 ";"Sindlingen";"601";"6.47";"6B";"A7";55;"17";65931
1146;"Herbesthaler Straße";"";"";"";"";"";"6 ";"Höchst";"570";"6.44";"6C";"A7";54;"17";65929
1147;"Herborner Straße";"";"";"";"";"";"8 ";"Heddernheim";"431";"8.61";" 8";"A2";37;"14";60439
1148;"Herderstraße";"gerade";"2";"";"14";"";"3 ";"Nordend-Ost";"130";"3.20";" 3";"A1";14;"3";60316
1148;"Herderstraße";"gerade";"22";"";"38";"";"3 ";"Nordend-Ost";"130";"3.20";" 3";"A1";5;"3";60316
1148;"Herderstraße";"ungerade";"21";"";"39";"";"3 ";"Nordend-Ost";"130";"3.20";" 3";"A1";5;"3";60316
1148;"Herderstraße";"ungerade";"3";"";"19";"";"3 ";"Nordend-Ost";"130";"3.20";" 3";"A1";14;"3";60316
1149;"Hermann-Brill-Straße";"";"";"";"";"";"6 ";"Sindlingen";"601";"6.47";"6B";"A7";55;"17";65931
1150;"Hermann-Küster-Straße";"";"";"";"";"";"6 ";"Sindlingen";"602";"6.48";"6B";"A7";55;"17";65931
1151;"Hermannstraße";"gerade";"";"";"";"";"3 ";"Nordend-West";"201";"3.21";" 3";"B3";11;"3";60318
1151;"Hermannstraße";"ungerade";"";"";"";"";"3 ";"Nordend-West";"120";"3.21";" 3";"A1";5;"3";60318
1152;"Hermann-Waibel-Allee";"";"";"";"";"";"6 ";"Unterliederbach";"621";"6.51";"6C";"A7";57;"17";65929
1153;"Hermann-Wendel-Straße";"";"";"";"";"";"2 ";"Bockenheim";"341";"2.13";" 2";"A4";25;"13";60486
1154;"Hermesweg";"";"";"";"";"";"3 ";"Nordend-Ost";"130";"3.20";" 3";"A1";14;"3";60316
1155;"Herriotstraße";"";"";"";"";"";"5 ";"Niederrad";"373";"5.36";"5B";"A6";29;"10";60528
1156;"Herrnstraße";"";"";"";"";"";"5 ";"Oberrad";"380";"5.28";"5A";"A6";30;"8";60599
1157;"Hersfelder Straße";"";"";"";"";"";"2 ";"Bockenheim";"350";"2.13";" 2";"A4";25;"13";60487
1158;"Herweghstraße";"";"";"";"";"";"9 ";"Eschersheim";"452";"9.66";" 9";"B3";39;"12";60431
1159;"Herxheimerstraße";"";"";"";"";"";"1 ";"Gallus";"154";"1.05";" 1";"A3";8;"16";60326
1160;"Herzbergstraße";"";"";"";"";"";"8 ";"Niederursel";"481";"8.63";" 8";"A2";43;"14";60439
1161;"Herzogstraße";"";"";"";"";"";"5 ";"Niederrad";"372";"5.36";"5B";"A6";28;"10";60528
1162;"Hesselbergweg";"";"";"";"";"";"6 ";"Zeilsheim";"604";"6.49";"6B";"A7";56;"17";65931
1163;"Hessenplatz";"";"";"";"";"";"2 ";"Bockenheim";"361";"2.12";" 2";"A4";27;"13";60487
1164;"Hessestraße";"";"";"";"";"";"8 ";"Heddernheim";"431";"8.61";" 8";"A2";37;"14";60439
1165;"Heugasse";"";"";"";"";"";"6 ";"Unterliederbach";"621";"6.51";"6C";"A7";57;"17";65929
1166;"Heusingerstraße";"";"";"";"";"";"6 ";"Nied";"562";"6.43";"6A";"A7";53;"16";65934
1167;"Heussenstammstraße";"";"";"";"";"";"9 ";"Dornbusch";"462";"9.69";" 9";"B3";41;"12";60433
1168;"Heylstraße";"";"";"";"";"";"9 ";"Eschersheim";"452";"9.66";" 9";"B3";39;"12";60431
1169;"Hildburghäuser Weg";"";"";"";"";"";"6 ";"Zeilsheim";"611";"6.49";"6B";"A7";56;"17";65931
1170;"Hilligengasse";"";"";"";"";"";"6 ";"Höchst";"591";"6.46";"6C";"A7";54;"17";65929
1171;"Hinter den Eichbäumen";"";"";"";"";"";"9 ";"Eschersheim";"451";"9.65";" 9";"B3";39;"12";60433
1172;"Hinter den Ulmen";"";"";"";"";"";"9 ";"Eschersheim";"452";"9.66";" 9";"B3";39;"12";60433
1173;"Hinter der Schönen Aussicht";"";"";"";"";"";"1 ";"Innenstadt";"080";"1.01";" 1";"A1";1;"1";60311
1174;"Hintergasse";"";"";"";"";"";"11";"Seckbach";"390";"11.75";"11";"A1";31;"6";60389
1175;"Hinterm Bachberg";"";"";"";"";"";"10";"Preungesheim";"470";"10.73";"10";"B3";42;"12";60435
1176;"Hirschhornstraße";"";"";"";"";"";"5 ";"Oberrad";"380";"5.28";"5A";"A6";30;"8";60599
1177;"Hirtenstraße";"";"";"";"";"";"1 ";"Gutleutviertel";"151";"1.04";" 1";"A3";2;"4";60327
1179;"Hirzenhainer Straße";"";"";"";"";"";"10";"Eckenheim";"461";"10.72";"10";"B3";40;"12";60435
1180;"Hochmuhl";"";"";"";"";"";"6 ";"Höchst";"591";"6.46";"6C";"A7";54;"17";65929
1181;"Hochschildstraße";"";"";"";"";"";"10";"Preungesheim";"470";"10.73";"10";"B3";42;"12";60435
1182;"Hochstädter Straße";"";"";"";"";"";"11";"Seckbach";"390";"11.75";"11";"A1";31;"6";60389
1183;"Hochstraße";"";"";"";"";"";"1 ";"Innenstadt";"050";"1.02";" 1";"A1";1;"1";60313
1184;"Höchster Bahnstraße";"";"";"";"";"";"6 ";"Höchst";"570";"6.44";"6C";"A7";54;"17";65929
1185;"Hoechster-Farben-Straße";"";"";"";"";"";"6 ";"Sindlingen";"601";"6.47";"6B";"A7";55;"17";65931
1186;"Höchster Markt";"";"";"";"";"";"6 ";"Höchst";"591";"6.46";"6C";"A7";54;"17";65929
1187;"Höchster Schloßplatz";"";"";"";"";"";"6 ";"Höchst";"580";"6.45";"6C";"A7";54;"17";65929
1188;"Höchster Stadtpark";"";"";"";"";"";"6 ";"Höchst";"580";"6.45";"6C";"A7";54;"17";65929
1188;"Höchster Stadtpark";"";"";"";"";"";"6 ";"Höchst";"580";"6.45";"6C";"A7";54;"17";65936
1188;"Höchster Stadtpark";"";"";"";"";"";"6 ";"Sossenheim";"631";"6.53";"6C";"A7";58;"17";65929
1188;"Höchster Stadtpark";"";"";"";"";"";"6 ";"Sossenheim";"631";"6.53";"6C";"A7";58;"17";65936
1189;"Höchster Weg";"";"";"";"";"";"6 ";"Schwanheim";"531";"6.38";"6A";"A6";50;"10";60529
1190;"Höhenblick";"";"";"";"";"";"9 ";"Ginnheim";"441";"9.67";" 9";"A2";38;"12";60431
1191;"Höhenstraße";"gerade";"";"";"";"";"4 ";"Bornheim";"240";"4.23";" 4";"A1";15;"3";60385
1191;"Höhenstraße";"ungerade";"";"";"";"";"3 ";"Nordend-Ost";"230";"3.20";" 3";"A1";14;"3";60385
1192;"Hölderlinstraße";"";"";"";"";"";"4 ";"Ostend";"140";"4.26";" 4";"A1";6;"5";60316
1193;"Höllbergstraße";"";"";"";"";"";"9 ";"Eschersheim";"452";"9.66";" 9";"B3";39;"12";60431
1195;"Hörselbergstraße";"";"";"";"";"";"6 ";"Unterliederbach";"621";"6.51";"6C";"A7";57;"17";65929
1196;"Hofeckweg";"";"";"";"";"";"9 ";"Dornbusch";"463";"9.69";" 9";"B3";41;"12";60320
1197;"Hoffeldstraße";"";"";"";"";"";"5 ";"Oberrad";"380";"5.28";"5A";"A6";30;"8";60599
1198;"Hofgartenweg";"";"";"";"";"";"11";"Seckbach";"390";"11.75";"11";"A1";31;"6";60389
1200;"Hofhausstraße";"";"";"";"";"";"11";"Seckbach";"390";"11.75";"11";"A1";31;"6";60389
1201;"Hofheimer Straße";"";"";"";"";"";"6 ";"Zeilsheim";"611";"6.49";"6B";"A7";56;"17";65931
1202;"Hofstraße";"";"";"";"";"";"1 ";"Innenstadt";"040";"1.03";" 1";"A1";1;"1";60311
1203;"Hohe Kanzel";"";"";"";"";"";"6 ";"Zeilsheim";"612";"6.50";"6B";"A7";56;"17";65931
1204;"Hohemarkstraße";"";"";"";"";"";"8 ";"Niederursel";"481";"8.63";" 8";"A2";43;"14";60439
1205;"Hohenstaufenstraße";"";"";"";"";"";"1 ";"Gallus";"161";"1.06";" 1";"A3";7;"13";60327
1206;"Hohensteiner Straße";"";"";"";"";"";"7 ";"Bockenheim";"343";"7.57";" 2";"A4";26;"11";60487
1207;"Hoherodskopfstraße";"gerade";"";"";"";"";"10";"Preungesheim";"470";"10.73";"10";"B3";42;"12";60435
1207;"Hoherodskopfstraße";"ungerade";"3";"";"35";"";"10";"Eckenheim";"461";"10.72";"10";"B3";40;"12";60435
1207;"Hoherodskopfstraße";"ungerade";"37";"";"53";"";"10";"Preungesheim";"470";"10.73";"10";"B3";42;"12";60435
1208;"Otto-Hahn-Platz";"";"";"";"";"";"5 ";"Sachsenhausen-Nord";"322";"5.33";"5A";"A6";21;"8";60596
1209;"Holbeinstraße";"gerade";"";"";"";"";"5 ";"Sachsenhausen-Nord";"322";"5.33";"5A";"A6";21;"8";60596
1209;"Holbeinstraße";"ungerade";"";"";"";"";"5 ";"Sachsenhausen-Nord";"321";"5.32";"5A";"A6";21;"8";60596
1210;"Hollerkopfstraße";"";"";"";"";"";"8 ";"Niederursel";"481";"8.63";" 8";"A2";43;"14";60439
1211;"Holunderweg";"";"";"";"";"";"10";"Frankfurter Berg";"492";"10.71";"10";"A2";46;"14";60433
1212;"Holzgraben";"gerade";"";"";"";"";"1 ";"Innenstadt";"060";"1.02";" 1";"A1";1;"1";60313
1212;"Holzgraben";"ungerade";"";"";"";"";"1 ";"Altstadt";"010";"1.01";" 1";"A1";1;"1";60313
1214;"Holzhausenstraße";"gerade";"4";"";"86";"";"3 ";"Nordend-West";"203";"3.16";" 3";"B3";11;"3";60322
1214;"Holzhausenstraße";"gerade";"98";"";"";"";"2 ";"Westend-Nord";"191";"2.09";" 2";"B3";4;"3";60322
1214;"Holzhausenstraße";"ungerade";"3";"";"79";"";"3 ";"Nordend-West";"203";"3.16";" 3";"B3";11;"3";60322
1214;"Holzhausenstraße";"ungerade";"81";"";"89";"";"2 ";"Westend-Nord";"191";"2.09";" 2";"B3";4;"3";60322
1215;"Holzhecke";"";"";"";"";"";"5 ";"Niederrad";"371";"5.35";"5B";"A6";28;"10";60528
1216;"Holzlachstraße";"gerade";"2";"";"18";"";"6 ";"Nied";"561";"6.42";"6A";"A7";53;"17";65934
1216;"Holzlachstraße";"gerade";"20";"";"22";"";"6 ";"Nied";"562";"6.43";"6A";"A7";53;"17";65934
1216;"Holzlachstraße";"ungerade";"1";"";"29";"";"6 ";"Nied";"561";"6.42";"6A";"A7";53;"17";65934
1216;"Holzlachstraße";"ungerade";"31";"";"";"";"6 ";"Nied";"562";"6.43";"6A";"A7";53;"17";65934
1216;"Holzlachstraße";"ungerade";"51";"";"63";"";"6 ";"Höchst";"580";"6.45";"6C";"A7";54;"17";65934
1218;"Homburger Hohl";"";"";"";"";"";"10";"Bonames";"491";"10.70";"10";"A2";45;"14";60437
1219;"Homburger Landstraße";"gerade";"262";"";"286";"";"10";"Preungesheim";"470";"10.73";"10";"B3";42;"14";60433
1219;"Homburger Landstraße";"gerade";"340";"";"448";"";"10";"Frankfurter Berg";"492";"10.71";"10";"A2";46;"14";60433
1219;"Homburger Landstraße";"gerade";"4";"";"";"";"10";"Preungesheim";"470";"10.73";"10";"B3";42;"12";60389
1219;"Homburger Landstraße";"gerade";"40";"";"240";"";"10";"Preungesheim";"470";"10.73";"10";"B3";42;"12";60435
1219;"Homburger Landstraße";"gerade";"602";"";"694";"";"10";"Bonames";"491";"10.70";"10";"A2";45;"14";60437
1219;"Homburger Landstraße";"gerade";"696";"";"846";"";"15";"Nieder-Eschbach";"670";"15.82";"15";"A2";63;"14";60437
1219;"Homburger Landstraße";"ungerade";"1";"";"7";"";"3 ";"Nordend-West";"213";"3.17";" 3";"A1";12;"12";60389
1219;"Homburger Landstraße";"ungerade";"159";"";"247";"";"10";"Preungesheim";"470";"10.73";"10";"B3";42;"12";60435
1219;"Homburger Landstraße";"ungerade";"279";"";"375";"";"10";"Preungesheim";"470";"10.73";"10";"B3";42;"14";60433
1219;"Homburger Landstraße";"ungerade";"377";"";"479";"";"10";"Frankfurter Berg";"492";"10.71";"10";"A2";46;"14";60433
1219;"Homburger Landstraße";"ungerade";"43";"";"157";"";"10";"Eckenheim";"461";"10.72";"10";"B3";40;"12";60435
1219;"Homburger Landstraße";"ungerade";"623";"";"725";"";"10";"Bonames";"491";"10.70";"10";"A2";45;"14";60437
1219;"Homburger Landstraße";"ungerade";"729";"";"955";"I";"15";"Nieder-Eschbach";"670";"15.82";"15";"A2";63;"14";60437
1220;"Homburger Straße";"";"";"";"";"";"2 ";"Bockenheim";"341";"2.13";" 2";"A4";25;"13";60486
1221;"Homolkaweg";"";"";"";"";"";"6 ";"Unterliederbach";"621";"6.51";"6C";"A7";57;"17";65929
1222;"Honsellbrücke";"";"";"";"";"";"4 ";"Ostend";"261";"4.27";" 4";"A1";6;"5";60314
1223;"Honsellstraße";"";"";"";"";"";"4 ";"Ostend";"261";"4.27";" 4";"A1";6;"5";60314
1224;"Horles";"";"";"";"";"";"6 ";"Sindlingen";"601";"6.47";"6B";"A7";55;"17";65931
1225;"Hornauer Straße";"";"";"";"";"";"1 ";"Gallus";"165";"1.08";" 1";"A3";8;"4";60326
1226;"Hospitalstraße";"";"";"";"";"";"6 ";"Höchst";"570";"6.44";"6C";"A7";54;"17";65929
1227;"Hostatostraße";"";"";"";"";"";"6 ";"Höchst";"591";"6.46";"6C";"A7";54;"17";65929
1228;"Howaldtstraße";"";"";"";"";"";"4 ";"Ostend";"261";"4.27";" 4";"A1";6;"5";60314
1229;"Hügelstraße";"gerade";"124";"";"124";"A";"9 ";"Eschersheim";"452";"9.66";" 9";"B3";39;"12";60433
1229;"Hügelstraße";"gerade";"128";"";"170";"";"9 ";"Dornbusch";"442";"9.68";" 9";"B3";38;"12";60431
1229;"Hügelstraße";"gerade";"172";"";"222";"";"9 ";"Ginnheim";"441";"9.67";" 9";"A2";38;"12";60431
1229;"Hügelstraße";"gerade";"2";"";"30";"Z";"10";"Eckenheim";"461";"10.72";"10";"B3";40;"12";60435
1229;"Hügelstraße";"gerade";"50";"";"104";"";"9 ";"Dornbusch";"462";"9.69";" 9";"B3";41;"12";60433
1229;"Hügelstraße";"ungerade";"1";"";"21";"";"10";"Eckenheim";"461";"10.72";"10";"B3";40;"12";60435
1229;"Hügelstraße";"ungerade";"115";"";"179";"";"9 ";"Dornbusch";"442";"9.68";" 9";"B3";38;"12";60431
1229;"Hügelstraße";"ungerade";"181";"";"257";"";"9 ";"Ginnheim";"441";"9.67";" 9";"A2";38;"12";60431
1229;"Hügelstraße";"ungerade";"67";"";"113";"";"9 ";"Dornbusch";"462";"9.69";" 9";"B3";41;"12";60433
1230;"Hühnerweg";"";"";"";"";"";"5 ";"Sachsenhausen-Süd";"332";"5.29";"5A";"A6";24;"8";60599
1231;"Hünfelder Straße";"";"";"";"";"";"11";"Fechenheim";"510";"11.77";"11";"A1";48;"18";60386
1232;"Hufnagelstraße";"";"";"";"";"";"1 ";"Gallus";"162";"1.07";" 1";"A3";9;"4";60326
1233;"Hugo-Junkers-Straße";"";"";"";"";"";"11";"Fechenheim";"510";"11.77";"11";"A1";48;"18";60386
1234;"Hugo-Kallenbach-Straße";"";"";"";"";"";"6 ";"Sindlingen";"602";"6.48";"6B";"A7";55;"17";65931
1235;"Hugo-Sinzheimer-Straße";"";"";"";"";"";"10";"Bonames";"491";"10.70";"10";"A2";45;"14";60437
1236;"Hugo-Wolf-Straße";"";"";"";"";"";"6 ";"Schwanheim";"531";"6.38";"6A";"A6";50;"10";60529
1237;"Humboldtstraße";"gerade";"2";"";"22";"";"3 ";"Nordend-West";"120";"3.21";" 3";"A1";5;"3";60318
1237;"Humboldtstraße";"gerade";"28";"";"50";"";"3 ";"Nordend-West";"201";"3.21";" 3";"B3";11;"3";60318
1237;"Humboldtstraße";"gerade";"56";"";"94";"";"3 ";"Nordend-West";"203";"3.16";" 3";"B3";11;"3";60318
1237;"Humboldtstraße";"ungerade";"1";"";"23";"";"3 ";"Nordend-West";"120";"3.21";" 3";"A1";5;"3";60318
1237;"Humboldtstraße";"ungerade";"25";"";"39";"";"3 ";"Nordend-West";"201";"3.21";" 3";"B3";11;"3";60318
1237;"Humboldtstraße";"ungerade";"45";"";"83";"";"3 ";"Nordend-West";"203";"3.16";" 3";"B3";11;"3";60318
1238;"Humbrachtstraße";"";"";"";"";"";"3 ";"Nordend-West";"203";"3.16";" 3";"B3";11;"3";60322
1239;"Humperdinckstraße";"";"";"";"";"";"5 ";"Sachsenhausen-Süd";"325";"5.34";"5A";"A6";23;"10";60598
1240;"Humserstraße";"";"";"";"";"";"3 ";"Nordend-West";"202";"3.16";" 3";"B3";11;"12";60320
1241;"Hungener Straße";"";"";"";"";"";"3 ";"Nordend-Ost";"222";"3.18";" 3";"A1";13;"6";60389
1242;"Hunsrückstraße";"gerade";"100";"";"";"";"6 ";"Unterliederbach";"623";"6.51";"6C";"A7";57;"17";65929
1242;"Hunsrückstraße";"gerade";"6";"";"56";"";"6 ";"Unterliederbach";"621";"6.51";"6C";"A7";57;"17";65929
1242;"Hunsrückstraße";"ungerade";"";"";"";"";"6 ";"Unterliederbach";"621";"6.51";"6C";"A7";57;"17";65929
1243;"Huthmacherstraße";"";"";"";"";"";"6 ";"Sindlingen";"601";"6.47";"6B";"A7";55;"17";65931
1244;"Huthpark";"";"";"";"";"";"11";"Seckbach";"390";"11.75";"11";"A1";31;"6";60389
1246;"Hynspergstraße";"";"";"";"";"";"3 ";"Nordend-West";"203";"3.16";" 3";"B3";11;"3";60322
1247;"Ibellstraße";"";"";"";"";"";"6 ";"Unterliederbach";"621";"6.51";"6C";"A7";57;"17";65929
1248;"Idarwaldstraße";"";"";"";"";"";"6 ";"Unterliederbach";"621";"6.51";"6C";"A7";57;"17";65929
1249;"Idsteiner Straße";"gerade";"16";"";"70";"C";"1 ";"Gallus";"162";"1.07";" 1";"A3";9;"4";60326
1249;"Idsteiner Straße";"gerade";"72";"";"196";"";"1 ";"Gallus";"165";"1.08";" 1";"A3";8;"4";60326
1249;"Idsteiner Straße";"ungerade";"1";"";"91";"";"1 ";"Gallus";"162";"1.07";" 1";"A3";9;"4";60326
1249;"Idsteiner Straße";"ungerade";"123";"";"155";"";"1 ";"Gallus";"165";"1.08";" 1";"A3";8;"4";60326
1250;"Ilbenstädter Straße";"";"";"";"";"";"4 ";"Bornheim";"272";"4.22";" 4";"A1";18;"6";60385
1251;"Ilkenhansstraße";"";"";"";"";"";"9 ";"Eschersheim";"452";"9.66";" 9";"B3";39;"12";60433
1253;"Iltispfad";"";"";"";"";"";"6 ";"Griesheim";"552";"6.41";"6A";"A3";52;"16";65933
1254;"Im Bärengarten";"";"";"";"";"";"5 ";"Sachsenhausen-Nord";"331";"5.31";"5A";"A6";20;"8";60599
1255;"Im Bruch";"";"";"";"";"";"6 ";"Griesheim";"542";"6.40";"6A";"A3";52;"16";65933
1256;"Im Burgfeld";"";"";"";"";"";"8 ";"Heddernheim";"432";"8.62";" 8";"A2";36;"14";60439
1257;"Im Eichlehen";"";"";"";"";"";"5 ";"Oberrad";"380";"5.28";"5A";"A6";30;"8";60599
1258;"Im Eichwäldchen";"";"";"";"";"";"7 ";"Hausen";"410";"7.58";" 7";"A4";26;"11";60488
1260;"Im Füldchen";"";"";"";"";"";"7 ";"Rödelheim";"401";"7.55";" 7";"A4";32;"11";60489
1261;"Im Grund";"";"";"";"";"";"6 ";"Nied";"561";"6.42";"6A";"A7";53;"16";65934
1262;"Im Heidenfeld";"";"";"";"";"";"8 ";"Heddernheim";"432";"8.62";" 8";"A2";36;"14";60439
1263;"Im Heimgarten";"";"";"";"";"";"11";"Seckbach";"390";"11.75";"11";"A1";31;"6";60389
1264;"Im Hirschländchen";"";"";"";"";"";"6 ";"Schwanheim";"532";"6.37";"6A";"A6";51;"10";60529
1265;"Im Kammerdorf";"";"";"";"";"";"11";"Fechenheim";"510";"11.77";"11";"A1";48;"18";60386
1266;"Imkerweg";"";"";"";"";"";"6 ";"Sindlingen";"601";"6.47";"6B";"A7";55;"17";65931
1267;"Im Klingenfeld";"";"";"";"";"";"10";"Berkersheim";"500";"10.74";"10";"A2";47;"14";60435
1268;"Im Mellsig";"";"";"";"";"";"9 ";"Eschersheim";"451";"9.65";" 9";"B3";39;"12";60433
1269;"Immermannstraße";"";"";"";"";"";"9 ";"Dornbusch";"442";"9.68";" 9";"B3";38;"12";60431
1270;"Im Mittleren Sand";"";"";"";"";"";"6 ";"Sossenheim";"631";"6.53";"6C";"A7";58;"17";65936
1272;"Im Prüfling";"";"";"";"";"";"4 ";"Bornheim";"271";"4.23";" 4";"A1";15;"6";60389
1274;"Im Sachsenlager";"";"";"";"";"";"2 ";"Westend-Süd";"110";"2.10";" 2";"A4";4;"3";60322
1275;"Im Sechholder";"";"";"";"";"";"6 ";"Nied";"562";"6.43";"6A";"A7";53;"16";65934
1276;"Georg-Treser-Straße";"";"";"";"";"";"5 ";"Oberrad";"380";"5.28";"5A";"A6";30;"8";60599
1277;"Im Staffel";"";"";"";"";"";"11";"Seckbach";"390";"11.75";"11";"A1";31;"6";60389
1278;"Im Steinbügel";"";"";"";"";"";"10";"Berkersheim";"500";"10.74";"10";"A2";47;"14";60435
1279;"Im Teller";"";"";"";"";"";"5 ";"Oberrad";"380";"5.28";"5A";"A6";30;"8";60599
1280;"Im Tiefen Weg";"";"";"";"";"";"6 ";"Sossenheim";"631";"6.53";"6C";"A7";58;"17";65936
1281;"Im Trierischen Hof";"";"";"";"";"";"1 ";"Altstadt";"010";"1.01";" 1";"A1";1;"1";60311
1282;"Im Trutz Frankfurt";"gerade";"";"";"";"";"2 ";"Westend-Süd";"110";"2.10";" 2";"A4";4;"3";60322
1282;"Im Trutz Frankfurt";"ungerade";"11";"";"51";"";"2 ";"Westend-Süd";"110";"2.10";" 2";"A4";4;"3";60322
1282;"Im Trutz Frankfurt";"ungerade";"55";"";"";"";"2 ";"Westend-Nord";"191";"2.09";" 2";"B3";4;"3";60322
1283;"Im Uhrig";"";"";"";"";"";"9 ";"Eschersheim";"451";"9.65";" 9";"B3";39;"12";60433
1284;"Im Vogelsgesang";"";"";"";"";"";"7 ";"Hausen";"410";"7.58";" 7";"A4";26;"11";60488
1285;"Im Weimel";"gerade";"";"";"";"";"8 ";"Heddernheim";"432";"8.62";" 8";"A2";36;"14";60439
1285;"Im Weimel";"ungerade";"";"";"";"";"8 ";"Praunheim";"426";"8.62";" 7";"A2";36;"14";60439
1286;"Im Wiesengarten";"";"";"";"";"";"10";"Berkersheim";"500";"10.74";"10";"A2";47;"14";60435
1287;"Im Wörth";"";"";"";"";"";"9 ";"Eschersheim";"451";"9.65";" 9";"B3";39;"12";60433
1288;"Im Ziegelfeld";"";"";"";"";"";"6 ";"Nied";"561";"6.42";"6A";"A7";53;"17";65934
1289;"Inckusstraße";"";"";"";"";"";"9 ";"Dornbusch";"463";"9.69";" 9";"B3";41;"12";60320
1290;"In den Grummetwiesen";"";"";"";"";"";"7 ";"Praunheim";"424";"7.60";" 7";"A4";35;"14";60488
1293;"In den Waldgärten";"";"";"";"";"";"7 ";"Hausen";"410";"7.58";" 7";"A4";26;"11";60488
1294;"In den Zeuläckern";"";"";"";"";"";"11";"Seckbach";"390";"11.75";"11";"A1";31;"6";60389
1295;"In der Au";"";"";"";"";"";"7 ";"Rödelheim";"402";"7.56";" 7";"A4";33;"11";60489
1296;"In der Beginenklause";"";"";"";"";"";"5 ";"Oberrad";"380";"5.28";"5A";"A6";30;"8";60599
1298;"In der Krümm";"";"";"";"";"";"6 ";"Nied";"561";"6.42";"6A";"A7";53;"17";65934
1299;"In der Römerstadt";"gerade";"172";"";"238";"";"8 ";"Praunheim";"426";"8.62";" 7";"A2";36;"14";60439
1299;"In der Römerstadt";"gerade";"248";"";"272";"";"7 ";"Praunheim";"425";"7.60";" 7";"A4";35;"14";60488
1299;"In der Römerstadt";"gerade";"4";"";"48";"";"8 ";"Heddernheim";"431";"8.61";" 8";"A2";37;"14";60439
1299;"In der Römerstadt";"gerade";"50";"";"170";"A";"8 ";"Heddernheim";"432";"8.62";" 8";"A2";36;"14";60439
1299;"In der Römerstadt";"ungerade";"1";"";"21";"";"8 ";"Heddernheim";"431";"8.61";" 8";"A2";37;"14";60439
1299;"In der Römerstadt";"ungerade";"239";"";"265";"";"7 ";"Praunheim";"425";"7.60";" 7";"A4";35;"14";60488
1299;"In der Römerstadt";"ungerade";"77";"";"207";"";"8 ";"Heddernheim";"432";"8.62";" 8";"A2";36;"14";60439
1300;"In der Roterde";"";"";"";"";"";"10";"Berkersheim";"500";"10.74";"10";"A2";47;"14";60435
1301;"In der Schildwacht";"";"";"";"";"";"6 ";"Griesheim";"552";"6.41";"6A";"A3";52;"16";65933
1303;"Ingelheimer Straße";"";"";"";"";"";"6 ";"Schwanheim";"531";"6.38";"6A";"A6";50;"10";60529
1304;"Ingolstädter Straße";"";"";"";"";"";"4 ";"Ostend";"251";"4.25";" 4";"A1";16;"5";60316
1305;"Inheidener Straße";"gerade";"2";"";"44";"";"4 ";"Bornheim";"281";"4.24";" 4";"A1";19;"6";60385
1305;"Inheidener Straße";"gerade";"60";"";"64";"";"4 ";"Bornheim";"290";"4.22";" 4";"A1";18;"6";60385
1305;"Inheidener Straße";"ungerade";"1";"";"51";"";"4 ";"Bornheim";"281";"4.24";" 4";"A1";19;"6";60385
1305;"Inheidener Straße";"ungerade";"53";"";"73";"";"4 ";"Bornheim";"290";"4.22";" 4";"A1";18;"6";60385
1306;"Inselgäßchen";"";"";"";"";"";"7 ";"Rödelheim";"401";"7.55";" 7";"A4";32;"11";60489
1307;"Inselsbergstraße";"";"";"";"";"";"6 ";"Unterliederbach";"621";"6.51";"6C";"A7";57;"17";65929
1308;"Insterburger Straße";"";"";"";"";"";"7 ";"Bockenheim";"343";"7.57";" 2";"A4";26;"11";60487
1309;"Intzestraße";"";"";"";"";"";"4 ";"Ostend";"261";"4.27";" 4";"A1";6;"5";60314
1310;"Iselinstraße";"";"";"";"";"";"11";"Riederwald";"262";"11.76";"11";"A1";17;"18";60386
1311;"Isenburger Schneise";"gerade";"100";"";"";"";"5 ";"Sachsenhausen-Süd";"323";"5.30";"5A";"A6";22;"8";60598
1311;"Isenburger Schneise";"gerade";"200";"";"";"";"5 ";"Sachsenhausen-Süd";"323";"5.30";"5A";"A6";22;"";63263
1311;"Isenburger Schneise";"gerade";"40";"";"";"";"5 ";"Sachsenhausen-Süd";"325";"5.34";"5A";"A6";23;"10";60528
1311;"Isenburger Schneise";"ungerade";"";"";"";"";"5 ";"Sachsenhausen-Süd";"325";"5.34";"5A";"A6";23;"10";60528
1312;"Jacobystraße";"";"";"";"";"";"4 ";"Ostend";"252";"4.25";" 4";"A1";16;"5";60385
1313;"Jägerallee";"";"";"";"";"";"6 ";"Griesheim";"552";"6.41";"6A";"A3";52;"16";65933
1314;"Jahnstraße";"";"";"";"";"";"3 ";"Nordend-West";"120";"3.21";" 3";"A1";5;"3";60318
1315;"Jakob-Carl-Junior-Straße";"";"";"";"";"";"4 ";"Ostend";"251";"4.25";" 4";"A1";16;"5";60316
1316;"Jakob-Heller-Straße";"";"";"";"";"";"9 ";"Dornbusch";"463";"9.69";" 9";"B3";41;"12";60320
1317;"Jakob-Leisler-Straße";"";"";"";"";"";"2 ";"Westend-Nord";"192";"2.09";" 2";"B3";4;"12";60320
1318;"Jakobsbrunnenstraße";"";"";"";"";"";"11";"Fechenheim";"510";"11.77";"11";"A1";48;"18";60386
1319;"Jacob-Schiff-Straße";"";"";"";"";"";"9 ";"Dornbusch";"462";"9.69";" 9";"B3";41;"12";60433
1320;"Jaspertstraße";"";"";"";"";"";"10";"Preungesheim";"470";"10.73";"10";"B3";42;"12";60435
1321;"Jean-Paul-Straße";"";"";"";"";"";"9 ";"Dornbusch";"442";"9.68";" 9";"B3";38;"12";60320
1322;"Jenaer Weg";"";"";"";"";"";"6 ";"Zeilsheim";"611";"6.49";"6B";"A7";56;"17";65931
1323;"Joachim-Becher-Straße";"";"";"";"";"";"2 ";"Westend-Nord";"192";"2.09";" 2";"B3";4;"12";60320
1324;"Johanna-Kirchner-Straße";"";"";"";"";"";"7 ";"Praunheim";"423";"7.59";" 7";"A4";34;"11";60488
1325;"Johanna-Melber-Weg";"";"";"";"";"";"5 ";"Sachsenhausen-Süd";"332";"5.29";"5A";"A6";24;"8";60599
1326;"Johanna-Tesch-Platz";"";"";"";"";"";"11";"Riederwald";"262";"11.76";"11";"A1";17;"18";60386
1327;"Johannesallee";"";"";"";"";"";"6 ";"Unterliederbach";"621";"6.51";"6C";"A7";57;"17";65929
1328;"Johann-Klotz-Straße";"";"";"";"";"";"5 ";"Niederrad";"372";"5.36";"5B";"A6";28;"10";60528
1329;"Johann-Sittig-Straße";"";"";"";"";"";"6 ";"Sindlingen";"601";"6.47";"6B";"A7";55;"17";65931
1330;"Jordanstraße";"";"";"";"";"";"2 ";"Bockenheim";"341";"2.13";" 2";"A4";25;"13";60486
1331;"Josbacher Straße";"";"";"";"";"";"1 ";"Gallus";"165";"1.08";" 1";"A3";8;"4";60326
1332;"Josef-May-Straße";"";"";"";"";"";"7 ";"Rödelheim";"401";"7.55";" 7";"A4";32;"11";60489
1333;"Josephskirchstraße";"";"";"";"";"";"9 ";"Eschersheim";"452";"9.66";" 9";"B3";39;"12";60433
1334;"Juchostraße";"";"";"";"";"";"4 ";"Ostend";"252";"4.25";" 4";"A1";16;"5";60385
1335;"Jügelstraße";"";"";"";"";"";"2 ";"Westend-Süd";"170";"2.11";" 2";"A4";3;"13";60325
1336;"Jugenheimer Straße";"";"";"";"";"";"5 ";"Niederrad";"372";"5.36";"5B";"A6";28;"10";60528
1337;"Julius-Brecht-Straße";"";"";"";"";"";"10";"Frankfurter Berg";"492";"10.71";"10";"A2";46;"14";60433
1338;"Julius-Heyman-Straße";"";"";"";"";"";"3 ";"Nordend-Ost";"130";"3.20";" 3";"A1";14;"3";60316
1339;"Juliusstraße";"";"";"";"";"";"2 ";"Bockenheim";"361";"2.12";" 2";"A4";27;"13";60487
1340;"Junghofstraße";"gerade";"";"";"";"";"1 ";"Innenstadt";"050";"1.02";" 1";"A1";1;"1";60311
1340;"Junghofstraße";"ungerade";"11";"";"15";"";"1 ";"Innenstadt";"040";"1.03";" 1";"A1";1;"1";60311
1340;"Junghofstraße";"ungerade";"5";"";"9";"";"1 ";"Innenstadt";"040";"1.03";" 1";"A1";1;"1";60315
1341;"Jungmannstraße";"";"";"";"";"";"6 ";"Griesheim";"551";"6.39";"6A";"A3";52;"16";65933
1342;"Jungstraße";"";"";"";"";"";"2 ";"Bockenheim";"341";"2.13";" 2";"A4";25;"13";60486
1343;"Justinianstraße";"";"";"";"";"";"3 ";"Nordend-West";"203";"3.16";" 3";"B3";11;"3";60322
1344;"Justinuskirchstraße";"";"";"";"";"";"6 ";"Höchst";"591";"6.46";"6C";"A7";54;"17";65929
1345;"Justinusplatz";"";"";"";"";"";"6 ";"Höchst";"580";"6.45";"6C";"A7";54;"17";65929
1346;"Kaiserhofstraße";"";"";"";"";"";"1 ";"Innenstadt";"050";"1.02";" 1";"A1";1;"1";60313
1347;"Kaiserplatz";"";"";"";"";"";"1 ";"Innenstadt";"040";"1.03";" 1";"A1";1;"1";60311
1348;"Kaiser-Sigmund-Straße";"";"";"";"";"";"9 ";"Dornbusch";"463";"9.69";" 9";"B3";41;"12";60320
1349;"Kaiserstraße";"gerade";"34";"";"76";"";"1 ";"Bahnhofsviertel";"090";"1.03";" 1";"A3";2;"4";60329
1349;"Kaiserstraße";"gerade";"4";"";"30";"";"1 ";"Innenstadt";"040";"1.03";" 1";"A1";1;"1";60311
1349;"Kaiserstraße";"ungerade";"1";"";"29";"";"1 ";"Innenstadt";"040";"1.03";" 1";"A1";1;"1";60311
1349;"Kaiserstraße";"ungerade";"31";"";"81";"";"1 ";"Bahnhofsviertel";"090";"1.03";" 1";"A3";2;"4";60329
1350;"Kalbächer Gasse (Freßgass')";"";"";"";"";"";"1 ";"Innenstadt";"050";"1.02";" 1";"A1";1;"1";60313
1351;"Kalkentalstraße";"";"";"";"";"";"7 ";"Rödelheim";"402";"7.56";" 7";"A4";33;"11";60489
1352;"Kallestraße";"";"";"";"";"";"2 ";"Westend-Nord";"192";"2.09";" 2";"B3";4;"12";60320
1353;"Kalmitstraße";"";"";"";"";"";"5 ";"Niederrad";"371";"5.35";"5B";"A6";28;"10";60528
1354;"Kaltmühle";"gerade";"";"";"";"";"8 ";"Heddernheim";"431";"8.61";" 8";"A2";37;"14";60439
1354;"Kaltmühle";"ungerade";"";"";"";"";"8 ";"Niederursel";"483";"8.63";" 8";"A2";43;"14";60439
1355;"Kaltmühlstraße";"";"";"";"";"";"8 ";"Heddernheim";"431";"8.61";" 8";"A2";37;"14";60439
1356;"Kandelstraße";"";"";"";"";"";"5 ";"Niederrad";"371";"5.35";"5B";"A6";28;"10";60528
1357;"Kannengießergasse";"";"";"";"";"";"1 ";"Altstadt";"010";"1.01";" 1";"A1";1;"1";60311
1358;"Kantstraße";"";"";"";"";"";"3 ";"Nordend-Ost";"230";"3.20";" 3";"A1";14;"3";60316
1359;"Kapitän-Lehmann-Straße";"";"";"";"";"";"5 ";"Flughafen";"327";"5.34";"5A";"A6";23;"19";60549
1360;"Kappusstraße";"";"";"";"";"";"6 ";"Sossenheim";"632";"6.54";"6C";"A7";58;"17";65936
1361;"Karbener Straße";"";"";"";"";"";"4 ";"Bornheim";"272";"4.22";" 4";"A1";18;"6";60385
1362;"Karl-Albert-Straße";"";"";"";"";"";"4 ";"Bornheim";"281";"4.24";" 4";"A1";19;"6";60385
1363;"Carl-Benz-Straße";"gerade";"14";"";"22";"";"11";"Fechenheim";"520";"11.78";"11";"A1";49;"18";60386
1363;"Carl-Benz-Straße";"gerade";"2";"";"6";"";"4 ";"Ostend";"261";"4.27";" 4";"A1";6;"5";60314
1363;"Carl-Benz-Straße";"gerade";"8";"";"10";"";"11";"Fechenheim";"520";"11.78";"11";"A1";49;"18";60314
1363;"Carl-Benz-Straße";"ungerade";"1";"";"7";"";"11";"Fechenheim";"510";"11.77";"11";"A1";48;"5";60314
1363;"Carl-Benz-Straße";"ungerade";"21";"";"29";"";"11";"Fechenheim";"510";"11.77";"11";"A1";48;"18";60386
1363;"Carl-Benz-Straße";"ungerade";"31";"";"47";"";"11";"Fechenheim";"520";"11.78";"11";"A1";49;"18";60386
1363;"Carl-Benz-Straße";"ungerade";"9";"";"11";"";"11";"Fechenheim";"510";"11.77";"11";"A1";48;"18";60314
1364;"Karl-Flesch-Straße";"";"";"";"";"";"4 ";"Bornheim";"281";"4.24";" 4";"A1";19;"6";60385
1365;"Karl-Kautsky-Weg";"";"";"";"";"";"8 ";"Niederursel";"481";"8.63";" 8";"A2";43;"14";60439
1366;"Karl-König-Weg";"";"";"";"";"";"6 ";"Unterliederbach";"621";"6.51";"6C";"A7";57;"17";65929
1367;"Karl-Kotzenberg-Straße";"";"";"";"";"";"9 ";"Ginnheim";"441";"9.67";" 9";"A2";38;"12";60431
1368;"Karl-Lachmann-Straße";"";"";"";"";"";"10";"Eckenheim";"461";"10.72";"10";"B3";40;"12";60435
1369;"Karl-Marx-Straße";"";"";"";"";"";"11";"Riederwald";"262";"11.76";"11";"A1";17;"18";60386
1370;"Karlsbader Straße";"";"";"";"";"";"5 ";"Sachsenhausen-Süd";"326";"5.34";"5A";"A6";23;"8";60598
1371;"Karl-Scheele-Straße";"";"";"";"";"";"2 ";"Westend-Nord";"192";"2.09";" 2";"B3";4;"12";60320
1372;"Karl-Schüler-Weg";"";"";"";"";"";"6 ";"Unterliederbach";"621";"6.51";"6C";"A7";57;"17";65929
1373;"Karlplatz";"";"";"";"";"";"1 ";"Bahnhofsviertel";"090";"1.03";" 1";"A3";2;"4";60329
1374;"Karlsruher Straße";"";"";"";"";"";"1 ";"Gutleutviertel";"151";"1.04";" 1";"A3";2;"4";60329
1376;"Karl-Stieler-Straße";"";"";"";"";"";"9 ";"Dornbusch";"442";"9.68";" 9";"B3";38;"12";60320
1377;"Karlstraße";"";"";"";"";"";"1 ";"Bahnhofsviertel";"090";"1.03";" 1";"A3";2;"4";60329
1378;"Karl-von-Drais-Straße";"";"";"";"";"";"10";"Eckenheim";"461";"10.72";"10";"B3";40;"12";60435
1379;"Karmelitergasse";"";"";"";"";"";"1 ";"Altstadt";"010";"1.01";" 1";"A1";1;"1";60311
1381;"Kasinostraße";"";"";"";"";"";"6 ";"Höchst";"580";"6.45";"6C";"A7";54;"17";65929
1382;"Kasseler Straße";"";"";"";"";"";"2 ";"Bockenheim";"350";"2.13";" 2";"A4";25;"13";60486
1383;"Kastanienallee*";"";"";"";"";"";"3 ";"Nordend-West";"203";"3.16";" 3";"B3";11;"3";60318
1383;"Kastanienallee*";"";"";"";"";"";"3 ";"Nordend-West";"203";"3.16";" 3";"B3";11;"3";60322
1384;"Kastanienstraße";"";"";"";"";"";"6 ";"Griesheim";"552";"6.41";"6A";"A3";52;"16";65933
1385;"Kastellstraße";"";"";"";"";"";"8 ";"Heddernheim";"431";"8.61";" 8";"A2";37;"14";60439
1386;"Katharinenpforte";"gerade";"";"";"";"";"1 ";"Innenstadt";"060";"1.02";" 1";"A1";1;"1";60313
1386;"Katharinenpforte";"ungerade";"";"";"";"";"1 ";"Innenstadt";"040";"1.03";" 1";"A1";1;"1";60313
1387;"Kattowitzer Straße";"";"";"";"";"";"6 ";"Griesheim";"552";"6.41";"6A";"A3";52;"16";65933
1388;"Katzenpforte";"";"";"";"";"";"1 ";"Innenstadt";"060";"1.02";" 1";"A1";1;"1";60313
1389;"Katzenstirn";"";"";"";"";"";"6 ";"Zeilsheim";"611";"6.49";"6B";"A7";56;"17";65931
1390;"Kauber Weg";"";"";"";"";"";"6 ";"Schwanheim";"531";"6.38";"6A";"A6";50;"10";60529
1391;"Kaufunger Straße";"";"";"";"";"";"2 ";"Bockenheim";"350";"2.13";" 2";"A4";25;"13";60486
1392;"Kaulbachstraße";"gerade";"2";"";"20";"";"5 ";"Sachsenhausen-Nord";"324";"5.32";"5A";"A6";21;"8";60594
1392;"Kaulbachstraße";"gerade";"30";"";"60";"";"5 ";"Sachsenhausen-Nord";"321";"5.32";"5A";"A6";21;"8";60596
1392;"Kaulbachstraße";"ungerade";"1";"";"";"";"5 ";"Sachsenhausen-Nord";"324";"5.32";"5A";"A6";21;"8";60594
1392;"Kaulbachstraße";"ungerade";"37";"";"71";"A";"5 ";"Sachsenhausen-Nord";"321";"5.32";"5A";"A6";21;"8";60596
1393;"Kegelbahn";"";"";"";"";"";"6 ";"Zeilsheim";"612";"6.50";"6B";"A7";56;"17";65931
1394;"Kehreinstraße";"";"";"";"";"";"6 ";"Nied";"561";"6.42";"6A";"A7";53;"16";65934
1395;"Kelkheimer Straße";"";"";"";"";"";"1 ";"Gallus";"162";"1.07";" 1";"A3";9;"4";60326
1396;"Kellerbornstraße";"";"";"";"";"";"8 ";"Niederursel";"481";"8.63";" 8";"A2";43;"14";60439
1397;"Kellerskopfweg";"";"";"";"";"";"6 ";"Zeilsheim";"604";"6.49";"6B";"A7";56;"17";65931
1398;"Kelsterbacher Straße";"";"";"";"";"";"5 ";"Niederrad";"371";"5.35";"5B";"A6";28;"10";60528
1399;"Kelsterbacher Weg";"";"";"";"";"";"6 ";"Schwanheim";"531";"6.38";"6A";"A6";50;"10";60529
1400;"Kennedyallee";"gerade";"120";"";"";"";"5 ";"Niederrad";"371";"5.35";"5B";"A6";28;"10";60596
1400;"Kennedyallee";"gerade";"274";"";"280";"";"5 ";"Sachsenhausen-Süd";"325";"5.34";"5A";"A6";23;"10";60528
1400;"Kennedyallee";"gerade";"34";"";"110";"";"5 ";"Sachsenhausen-Nord";"322";"5.33";"5A";"A6";21;"8";60596
1400;"Kennedyallee";"ungerade";"151";"";"";"";"5 ";"Sachsenhausen-Süd";"325";"5.34";"5A";"A6";23;"10";60598
1400;"Kennedyallee";"ungerade";"33";"";"129";"";"5 ";"Sachsenhausen-Nord";"322";"5.33";"5A";"A6";21;"8";60596
1401;"Keplerstraße";"gerade";"";"";"";"";"3 ";"Nordend-West";"203";"3.16";" 3";"B3";11;"3";60318
1401;"Keplerstraße";"ungerade";"";"";"";"";"3 ";"Nordend-West";"201";"3.21";" 3";"B3";11;"3";60318
1402;"Kesselstädter Straße";"";"";"";"";"";"4 ";"Ostend";"261";"4.27";" 4";"A1";6;"5";60314
1403;"Keßlerstraße";"";"";"";"";"";"9 ";"Eschersheim";"452";"9.66";" 9";"B3";39;"12";60431
1404;"Kettelerallee";"";"";"";"";"";"4 ";"Bornheim";"281";"4.24";" 4";"A1";19;"6";60385
1405;"Kettenhofweg";"gerade";"2";"";"88";"";"2 ";"Westend-Süd";"100";"2.11";" 2";"A4";3;"13";60325
1405;"Kettenhofweg";"gerade";"92";"";"130";"";"2 ";"Westend-Süd";"170";"2.11";" 2";"A4";3;"13";60325
1405;"Kettenhofweg";"ungerade";"1";"";"91";"";"2 ";"Westend-Süd";"100";"2.11";" 2";"A4";3;"13";60325
1405;"Kettenhofweg";"ungerade";"95";"";"139";"";"2 ";"Westend-Süd";"170";"2.11";" 2";"A4";3;"13";60325
1406;"Kiebitzpfad";"";"";"";"";"";"6 ";"Griesheim";"552";"6.41";"6A";"A3";52;"16";65933
1407;"Kiefernstraße";"";"";"";"";"";"6 ";"Griesheim";"542";"6.40";"6A";"A3";52;"16";65933
1408;"Kiesstraße";"";"";"";"";"";"2 ";"Bockenheim";"341";"2.13";" 2";"A4";25;"13";60486
1409;"Kinkelstraße";"";"";"";"";"";"4 ";"Ostend";"252";"4.25";" 4";"A1";16;"5";60385
1410;"Kinzigstraße";"";"";"";"";"";"5 ";"Oberrad";"380";"5.28";"5A";"A6";30;"8";60599
1411;"Kirchgartenstraße";"";"";"";"";"";"8 ";"Niederursel";"481";"8.63";" 8";"A2";43;"14";60439
1412;"Kirchgasse";"";"";"";"";"";"16";"Bergen-Enkheim";"680";"16.83";"16";"A1";64;"18";60388
1413;"Kirchhainer Straße";"gerade";"2";"";"24";"";"9 ";"Dornbusch";"462";"9.69";" 9";"B3";41;"12";60433
1413;"Kirchhainer Straße";"gerade";"26";"";"70";"";"9 ";"Eschersheim";"452";"9.66";" 9";"B3";39;"12";60433
1413;"Kirchhainer Straße";"ungerade";"1";"";"35";"";"9 ";"Dornbusch";"462";"9.69";" 9";"B3";41;"12";60433
1413;"Kirchhainer Straße";"ungerade";"37";"";"77";"";"9 ";"Eschersheim";"452";"9.66";" 9";"B3";39;"12";60433
1414;"Kirchhofsweg";"";"";"";"";"";"10";"Bonames";"491";"10.70";"10";"A2";45;"14";60437
1415;"Kirchnerstraße";"";"";"";"";"";"1 ";"Innenstadt";"040";"1.03";" 1";"A1";1;"1";60311
1417;"Kirchplatz";"";"";"";"";"";"2 ";"Bockenheim";"362";"2.12";" 2";"A4";27;"13";60487
1418;"Kirschbaumweg";"";"";"";"";"";"7 ";"Rödelheim";"402";"7.56";" 7";"A4";33;"11";60489
1419;"Kirschwaldstraße";"gerade";"4";"";"20";"";"10";"Eckenheim";"461";"10.72";"10";"B3";40;"12";60435
1419;"Kirschwaldstraße";"gerade";"40";"";"";"";"9 ";"Dornbusch";"462";"9.69";" 9";"B3";41;"12";60435
1419;"Kirschwaldstraße";"ungerade";"";"";"";"";"10";"Eckenheim";"461";"10.72";"10";"B3";40;"12";60435
1420;"Klapperfeldstraße";"";"";"";"";"";"1 ";"Innenstadt";"070";"1.01";" 1";"A1";1;"1";60313
1421;"Klappergasse";"";"";"";"";"";"5 ";"Sachsenhausen-Nord";"300";"5.31";"5A";"A6";20;"8";60594
1422;"Klarastraße";"";"";"";"";"";"9 ";"Eschersheim";"452";"9.66";" 9";"B3";39;"12";60433
1423;"Klauerstraße";"";"";"";"";"";"9 ";"Eschersheim";"452";"9.66";" 9";"B3";39;"12";60433
1424;"Klaus-Groth-Straße";"";"";"";"";"";"9 ";"Dornbusch";"442";"9.68";" 9";"B3";38;"12";60320
1425;"Kleebergstraße";"";"";"";"";"";"3 ";"Nordend-West";"203";"3.16";" 3";"B3";11;"3";60322
1426;"Kleemannstraße";"";"";"";"";"";"7 ";"Rödelheim";"401";"7.55";" 7";"A4";32;"11";60489
1427;"Kleestraße";"";"";"";"";"";"11";"Fechenheim";"510";"11.77";"11";"A1";48;"18";60386
1430;"Kleine Bockenheimer Straße";"";"";"";"";"";"1 ";"Innenstadt";"050";"1.02";" 1";"A1";1;"1";60313
1431;"Kleine Brückenstraße";"";"";"";"";"";"5 ";"Sachsenhausen-Nord";"300";"5.31";"5A";"A6";20;"8";60594
1432;"Kleine Friedberger Straße";"";"";"";"";"";"1 ";"Innenstadt";"070";"1.01";" 1";"A1";1;"1";60313
1433;"Kleine Hochstraße";"";"";"";"";"";"1 ";"Innenstadt";"050";"1.02";" 1";"A1";1;"1";60313
1434;"Kleine Höllbergstraße";"";"";"";"";"";"9 ";"Eschersheim";"452";"9.66";" 9";"B3";39;"12";60431
1435;"Kleine Nelkenstraße";"";"";"";"";"";"7 ";"Hausen";"410";"7.58";" 7";"A4";26;"11";60488
1436;"Kleine Rittergasse";"";"";"";"";"";"5 ";"Sachsenhausen-Nord";"300";"5.31";"5A";"A6";20;"8";60594
1437;"Kleine Schüttgrabenstraße";"";"";"";"";"";"8 ";"Niederursel";"481";"8.63";" 8";"A2";43;"14";60439
1438;"Kleine Seestraße";"";"";"";"";"";"2 ";"Bockenheim";"350";"2.13";" 2";"A4";25;"13";60486
1439;"Kleine Spillingsgasse";"";"";"";"";"";"4 ";"Bornheim";"272";"4.22";" 4";"A1";18;"6";60385
1440;"Kleine Wiesenau";"";"";"";"";"";"2 ";"Westend-Süd";"180";"2.10";" 2";"A4";4;"3";60323
1441;"Kleiner Hirschgraben";"gerade";"";"";"";"";"1 ";"Innenstadt";"040";"1.03";" 1";"A1";1;"1";60311
1441;"Kleiner Hirschgraben";"ungerade";"";"";"";"";"1 ";"Altstadt";"010";"1.01";" 1";"A1";1;"1";60311
1442;"Kleiner Ruppenackerweg";"";"";"";"";"";"5 ";"Sachsenhausen-Süd";"332";"5.29";"5A";"A6";24;"8";60599
1443;"Kleinschmidtstraße";"";"";"";"";"";"9 ";"Eschersheim";"452";"9.66";" 9";"B3";39;"12";60431
1444;"Kleiststraße";"";"";"";"";"";"3 ";"Nordend-West";"212";"3.17";" 3";"A1";12;"3";60318
1445;"Clemensstraße";"";"";"";"";"";"2 ";"Bockenheim";"361";"2.12";" 2";"A4";27;"13";60487
1447;"Klettenbergstraße";"";"";"";"";"";"3 ";"Nordend-West";"203";"3.16";" 3";"B3";11;"3";60322
1448;"Kleyerstraße";"gerade";"2";"";"90";"";"1 ";"Gallus";"153";"1.05";" 1";"A3";7;"4";60326
1448;"Kleyerstraße";"gerade";"92";"";"136";"";"1 ";"Gallus";"154";"1.05";" 1";"A3";8;"16";60326
1448;"Kleyerstraße";"ungerade";"1";"";"55";"";"1 ";"Gallus";"153";"1.05";" 1";"A3";7;"4";60326
1448;"Kleyerstraße";"ungerade";"63";"";"71";"";"1 ";"Gallus";"154";"1.05";" 1";"A3";8;"4";60326
1448;"Kleyerstraße";"ungerade";"75";"";"89";"";"1 ";"Gallus";"154";"1.05";" 1";"A3";8;"16";60326
1448;"Kleyerstraße";"ungerade";"99";"";"";"";"6 ";"Griesheim";"542";"6.40";"6A";"A3";52;"16";60326
1449;"Klingenberger Straße";"";"";"";"";"";"5 ";"Sachsenhausen-Süd";"332";"5.29";"5A";"A6";24;"8";60599
1450;"Klingenweg";"gerade";"2";"";"24";"";"16";"Bergen-Enkheim";"680";"16.83";"16";"A1";64;"18";60388
1450;"Klingenweg";"gerade";"90";"";"114";"";"11";"Seckbach";"390";"11.75";"11";"A1";31;"6";60389
1450;"Klingenweg";"ungerade";"1";"";"37";"";"16";"Bergen-Enkheim";"680";"16.83";"16";"A1";64;"18";60388
1450;"Klingenweg";"ungerade";"71";"";"109";"";"11";"Seckbach";"390";"11.75";"11";"A1";31;"6";60389
1451;"Klingerstraße";"gerade";"2";"";"14";"";"1 ";"Innenstadt";"080";"1.01";" 1";"A1";1;"1";60313
1451;"Klingerstraße";"gerade";"20";"";"30";"";"1 ";"Innenstadt";"070";"1.01";" 1";"A1";1;"1";60313
1451;"Klingerstraße";"ungerade";"1";"";"9";"";"1 ";"Innenstadt";"080";"1.01";" 1";"A1";1;"1";60313
1451;"Klingerstraße";"ungerade";"11";"";"27";"";"1 ";"Innenstadt";"070";"1.01";" 1";"A1";1;"1";60313
1452;"Klitscherstraße";"";"";"";"";"";"3 ";"Nordend-West";"120";"3.21";" 3";"A1";5;"3";60318
1453;"Klosterhofstraße";"";"";"";"";"";"6 ";"Zeilsheim";"611";"6.49";"6B";"A7";56;"17";65931
1454;"Klüberstraße";"";"";"";"";"";"2 ";"Westend-Süd";"100";"2.11";" 2";"A4";3;"13";60325
1455;"Kneiselsmühle";"";"";"";"";"";"6 ";"Unterliederbach";"621";"6.51";"6C";"A7";57;"17";65929
1456;"Kniebisstraße";"";"";"";"";"";"5 ";"Niederrad";"371";"5.35";"5B";"A6";28;"10";60528
1457;"Knorrstraße";"";"";"";"";"";"1 ";"Gallus";"162";"1.07";" 1";"A3";9;"4";60326
1458;"Kobbachstraße";"";"";"";"";"";"9 ";"Eschersheim";"451";"9.65";" 9";"B3";39;"12";60433
1459;"Koblenzer Straße";"";"";"";"";"";"1 ";"Gallus";"161";"1.06";" 1";"A3";7;"4";60327
1460;"Kochstraße";"";"";"";"";"";"5 ";"Oberrad";"380";"5.28";"5A";"A6";30;"8";60599
1461;"Kölner Straße";"";"";"";"";"";"1 ";"Gallus";"161";"1.06";" 1";"A3";7;"4";60327
1463;"Königsberger Straße";"";"";"";"";"";"7 ";"Bockenheim";"343";"7.57";" 2";"A4";26;"11";60487
1464;"Königsbrunnenweg";"gerade";"";"";"";"";"5 ";"Sachsenhausen-Süd";"323";"5.30";"5A";"A6";22;"8";60598
1464;"Königsbrunnenweg";"ungerade";"";"";"";"";"5 ";"Sachsenhausen-Süd";"326";"5.34";"5A";"A6";23;"8";60598
1465;"Königslacher Straße";"";"";"";"";"";"5 ";"Niederrad";"372";"5.36";"5B";"A6";28;"10";60528
1466;"Königsteiner Straße";"gerade";"2";"";"28";"A";"6 ";"Höchst";"580";"6.45";"6C";"A7";54;"17";65929
1466;"Königsteiner Straße";"gerade";"30";"";"60";"A";"6 ";"Höchst";"570";"6.44";"6C";"A7";54;"17";65929
1466;"Königsteiner Straße";"gerade";"62";"";"196";"A";"6 ";"Unterliederbach";"622";"6.52";"6C";"A7";57;"17";65929
1466;"Königsteiner Straße";"ungerade";"1";"";"17";"C";"6 ";"Höchst";"591";"6.46";"6C";"A7";54;"17";65929
1466;"Königsteiner Straße";"ungerade";"19";"";"61";"A";"6 ";"Höchst";"570";"6.44";"6C";"A7";54;"17";65929
1466;"Königsteiner Straße";"ungerade";"63";"";"179";"";"6 ";"Unterliederbach";"621";"6.51";"6C";"A7";57;"17";65929
1467;"Königswarterstraße";"";"";"";"";"";"4 ";"Ostend";"140";"4.26";" 4";"A1";6;"5";60316
1468;"Köpperner Straße";"";"";"";"";"";"10";"Bonames";"491";"10.70";"10";"A2";45;"14";60437
1469;"Körberstraße";"gerade";"14";"";"18";"";"9 ";"Dornbusch";"462";"9.69";" 9";"B3";41;"12";60433
1469;"Körberstraße";"gerade";"6";"";"12";"";"9 ";"Eschersheim";"452";"9.66";" 9";"B3";39;"12";60433
1469;"Körberstraße";"ungerade";"";"";"";"";"9 ";"Eschersheim";"452";"9.66";" 9";"B3";39;"12";60433
1470;"Körnerstraße";"";"";"";"";"";"2 ";"Westend-Nord";"191";"2.09";" 2";"B3";4;"3";60322
1471;"Kohlbrandstraße";"";"";"";"";"";"4 ";"Bornheim";"290";"4.22";" 4";"A1";18;"6";60385
1472;"Kohlrauschweg";"";"";"";"";"";"2 ";"Bockenheim";"344";"2.14";" 2";"A4";10;"11";60486
1473;"Kolbenbergstraße";"";"";"";"";"";"7 ";"Praunheim";"425";"7.60";" 7";"A4";35;"14";60488
1474;"Kolberger Weg";"";"";"";"";"";"6 ";"Zeilsheim";"611";"6.49";"6B";"A7";56;"17";65931
1475;"Kollwitzstraße";"";"";"";"";"";"7 ";"Praunheim";"423";"7.59";" 7";"A4";34;"11";60488
1476;"Kolpingstraße";"";"";"";"";"";"6 ";"Nied";"561";"6.42";"6A";"A7";53;"16";65934
1477;"Komturstraße";"";"";"";"";"";"5 ";"Niederrad";"371";"5.35";"5B";"A6";28;"10";60528
1478;"Konrad-Broßwitz-Straße";"gerade";"";"";"";"";"2 ";"Bockenheim";"361";"2.12";" 2";"A4";27;"13";60487
1478;"Konrad-Broßwitz-Straße";"ungerade";"";"";"";"";"2 ";"Bockenheim";"362";"2.12";" 2";"A4";27;"13";60487
1479;"Konrad-Glatt-Straße";"";"";"";"";"";"6 ";"Höchst";"570";"6.44";"6C";"A7";54;"17";65929
1480;"Konrad-Meyer-Weg";"";"";"";"";"";"6 ";"Sossenheim";"632";"6.54";"6C";"A7";58;"17";65936
1481;"Konstablerwache";"";"";"";"";"";"1 ";"Altstadt";"010";"1.01";" 1";"A1";1;"1";60313
1482;"Konstantinstraße";"";"";"";"";"";"8 ";"Heddernheim";"432";"8.62";" 8";"A2";36;"14";60439
1483;"Konstanzer Straße";"gerade";"2";"";"42";"";"11";"Fechenheim";"510";"11.77";"11";"A1";48;"18";60386
1483;"Konstanzer Straße";"gerade";"46";"";"92";"";"11";"Fechenheim";"520";"11.78";"11";"A1";49;"18";60386
1483;"Konstanzer Straße";"ungerade";"1";"";"47";"";"11";"Fechenheim";"510";"11.77";"11";"A1";48;"18";60386
1483;"Konstanzer Straße";"ungerade";"49";"";"113";"";"11";"Fechenheim";"520";"11.78";"11";"A1";49;"18";60386
1484;"Kopernikusstraße";"gerade";"24";"";"";"";"6 ";"Höchst";"570";"6.44";"6C";"A7";54;"17";65929
1484;"Kopernikusstraße";"gerade";"28";"";"36";"";"6 ";"Unterliederbach";"621";"6.51";"6C";"A7";57;"17";65929
1484;"Kopernikusstraße";"ungerade";"17";"";"19";"A";"6 ";"Höchst";"570";"6.44";"6C";"A7";54;"17";65929
1484;"Kopernikusstraße";"ungerade";"25";"";"33";"";"6 ";"Unterliederbach";"621";"6.51";"6C";"A7";57;"17";65929
1485;"Kornmarkt";"";"";"";"";"";"1 ";"Altstadt";"010";"1.01";" 1";"A1";1;"1";60311
1486;"Koselstraße";"gerade";"";"";"";"";"3 ";"Nordend-West";"211";"3.19";" 3";"A1";12;"3";60318
1486;"Koselstraße";"ungerade";"";"";"";"";"3 ";"Nordend-West";"120";"3.21";" 3";"A1";5;"3";60318
1487;"Kostheimer Straße";"";"";"";"";"";"1 ";"Gallus";"162";"1.07";" 1";"A3";9;"4";60326
1488;"Krälingweg";"";"";"";"";"";"10";"Preungesheim";"470";"10.73";"10";"B3";42;"12";60435
1489;"Kranengasse";"";"";"";"";"";"6 ";"Höchst";"580";"6.45";"6C";"A7";54;"17";65929
1490;"Kranentrank";"";"";"";"";"";"6 ";"Zeilsheim";"611";"6.49";"6B";"A7";56;"17";65931
1491;"Kranichsteiner Straße";"";"";"";"";"";"5 ";"Sachsenhausen-Süd";"323";"5.30";"5A";"A6";22;"8";60598
1492;"Kransberger Weg";"";"";"";"";"";"8 ";"Praunheim";"426";"8.62";" 7";"A2";36;"14";60439
1493;"Krautgartenweg";"";"";"";"";"";"8 ";"Niederursel";"481";"8.63";" 8";"A2";43;"14";60439
1497;"Kreutzerstraße";"";"";"";"";"";"3 ";"Nordend-West";"212";"3.17";" 3";"A1";12;"3";60318
1498;"Kreuzerhohl";"";"";"";"";"";"8 ";"Niederursel";"481";"8.63";" 8";"A2";43;"14";60439
1499;"Kreuznacher Straße";"";"";"";"";"";"2 ";"Bockenheim";"342";"2.14";" 2";"A4";10;"13";60486
1500;"Kreuzstraße";"";"";"";"";"";"10";"Preungesheim";"470";"10.73";"10";"B3";42;"12";60435
1501;"Kriegkstraße";"gerade";"10";"";"22";"";"1 ";"Gallus";"153";"1.05";" 1";"A3";7;"4";60326
1501;"Kriegkstraße";"gerade";"26";"";"68";"";"1 ";"Gallus";"162";"1.07";" 1";"A3";9;"4";60326
1501;"Kriegkstraße";"ungerade";"23";"";"41";"";"1 ";"Gallus";"153";"1.05";" 1";"A3";7;"4";60326
1501;"Kriegkstraße";"ungerade";"45";"";"97";"";"1 ";"Gallus";"162";"1.07";" 1";"A3";9;"4";60326
1502;"Krifteler Straße";"gerade";"4";"";"42";"";"1 ";"Gallus";"153";"1.05";" 1";"A3";7;"4";60326
1502;"Krifteler Straße";"gerade";"56";"";"86";"";"1 ";"Gallus";"162";"1.07";" 1";"A3";9;"4";60326
1502;"Krifteler Straße";"ungerade";"15";"";"61";"";"1 ";"Gallus";"153";"1.05";" 1";"A3";7;"4";60326
1502;"Krifteler Straße";"ungerade";"69";"";"107";"";"1 ";"Gallus";"162";"1.07";" 1";"A3";9;"4";60326
1503;"Krögerstraße";"";"";"";"";"";"1 ";"Innenstadt";"060";"1.02";" 1";"A1";1;"1";60313
1504;"Kronberger Straße";"";"";"";"";"";"2 ";"Westend-Süd";"180";"2.10";" 2";"A4";4;"3";60323
1506;"Kronengasse";"";"";"";"";"";"6 ";"Höchst";"591";"6.46";"6C";"A7";54;"17";65929
1507;"Kronthaler Straße";"";"";"";"";"";"1 ";"Gallus";"165";"1.08";" 1";"A3";8;"4";60326
1508;"Krümmling";"";"";"";"";"";"6 ";"Sindlingen";"601";"6.47";"6B";"A7";55;"17";65931
1509;"Kruggasse";"";"";"";"";"";"1 ";"Altstadt";"010";"1.01";" 1";"A1";1;"1";60311
1510;"Krumme Weiden";"";"";"";"";"";"6 ";"Nied";"562";"6.43";"6A";"A7";53;"16";65934
1511;"Kruppstraße";"";"";"";"";"";"11";"Seckbach";"390";"11.75";"11";"A1";31;"18";60388
1512;"Küferstraße";"";"";"";"";"";"6 ";"Sindlingen";"601";"6.47";"6B";"A7";55;"17";65931
1513;"Kühhornshofweg";"gerade";"";"";"";"";"9 ";"Dornbusch";"463";"9.69";" 9";"B3";41;"12";60320
1513;"Kühhornshofweg";"ungerade";"";"";"";"";"3 ";"Nordend-West";"202";"3.16";" 3";"B3";11;"12";60320
1514;"Kuhwaldstraße";"";"";"";"";"";"2 ";"Bockenheim";"342";"2.14";" 2";"A4";10;"13";60486
1515;"Kullmannstraße";"";"";"";"";"";"10";"Preungesheim";"470";"10.73";"10";"B3";42;"12";60435
1517;"Kurfürstenplatz";"";"";"";"";"";"2 ";"Bockenheim";"350";"2.13";" 2";"A4";25;"13";60486
1518;"Kurfürstenstraße";"";"";"";"";"";"2 ";"Bockenheim";"350";"2.13";" 2";"A4";25;"13";60486
1519;"Kurhessenstraße";"gerade";"4";"";"66";"";"9 ";"Eschersheim";"452";"9.66";" 9";"B3";39;"12";60431
1519;"Kurhessenstraße";"gerade";"70";"";"166";"";"9 ";"Ginnheim";"441";"9.67";" 9";"A2";38;"12";60431
1519;"Kurhessenstraße";"ungerade";"1";"";"95";"";"9 ";"Eschersheim";"452";"9.66";" 9";"B3";39;"12";60431
1519;"Kurhessenstraße";"ungerade";"105";"";"151";"";"9 ";"Ginnheim";"441";"9.67";" 9";"A2";38;"12";60431
1520;"Kurmainzer Straße";"gerade";"4";"";"64";"";"6 ";"Höchst";"580";"6.45";"6C";"A7";54;"17";65929
1520;"Kurmainzer Straße";"gerade";"70";"";"190";"";"6 ";"Sossenheim";"631";"6.53";"6C";"A7";58;"17";65936
1520;"Kurmainzer Straße";"ungerade";"1";"";"59";"";"6 ";"Höchst";"580";"6.45";"6C";"A7";54;"17";65929
1520;"Kurmainzer Straße";"ungerade";"65";"";"207";"";"6 ";"Sossenheim";"631";"6.53";"6C";"A7";58;"17";65936
1521;"Kurt-Schumacher-Straße";"gerade";"2";"";"26";"";"1 ";"Innenstadt";"080";"1.01";" 1";"A1";1;"1";60311
1521;"Kurt-Schumacher-Straße";"gerade";"30";"";"34";"";"1 ";"Innenstadt";"070";"1.01";" 1";"A1";1;"1";60313
1521;"Kurt-Schumacher-Straße";"ungerade";"1";"";"41";"";"1 ";"Altstadt";"010";"1.01";" 1";"A1";1;"1";60311
1521;"Kurt-Schumacher-Straße";"ungerade";"43";"";"45";"";"1 ";"Altstadt";"010";"1.01";" 1";"A1";1;"1";60313
1522;"Kurzgasse";"";"";"";"";"";"7 ";"Rödelheim";"401";"7.55";" 7";"A4";32;"11";60489
1523;"Kurzröderstraße";"";"";"";"";"";"10";"Eckenheim";"461";"10.72";"10";"B3";40;"12";60435
1524;"Lachnerstraße";"";"";"";"";"";"11";"Fechenheim";"520";"11.78";"11";"A1";49;"18";60386
1525;"Lachweg";"";"";"";"";"";"9 ";"Eschersheim";"451";"9.65";" 9";"B3";39;"12";60433
1526;"Ladenburgstraße";"";"";"";"";"";"9 ";"Dornbusch";"462";"9.69";" 9";"B3";41;"12";60433
1528;"Länderweg";"";"";"";"";"";"5 ";"Sachsenhausen-Nord";"331";"5.31";"5A";"A6";20;"8";60599
1529;"Lärchenstraße";"gerade";"";"";"";"";"6 ";"Griesheim";"552";"6.41";"6A";"A3";52;"16";65933
1529;"Lärchenstraße";"ungerade";"1";"";"135";"";"6 ";"Griesheim";"552";"6.41";"6A";"A3";52;"16";65933
1529;"Lärchenstraße";"ungerade";"137";"";"";"";"6 ";"Griesheim";"551";"6.39";"6A";"A3";52;"16";65933
1529;"Lärchenstraße";"ungerade";"139";"";"147";"A";"6 ";"Griesheim";"552";"6.41";"6A";"A3";52;"16";65933
1530;"Lahmeyerbrücke";"";"";"";"";"";"11";"Riederwald";"262";"11.76";"11";"A1";17;"5";60386
1530;"Lahmeyerbrücke";"";"";"";"";"";"11";"Fechenheim";"510";"11.77";"11";"A1";48;"5";60314
1530;"Lahmeyerbrücke";"";"";"";"";"";"11";"Fechenheim";"510";"11.77";"11";"A1";48;"5";60386
1530;"Lahmeyerbrücke";"";"";"";"";"";"4 ";"Ostend";"261";"4.27";" 4";"A1";6;"5";60314
1530;"Lahmeyerbrücke";"";"";"";"";"";"4 ";"Ostend";"261";"4.27";" 4";"A1";6;"5";60386
1531;"Lahmeyerstraße";"";"";"";"";"";"11";"Riederwald";"262";"11.76";"11";"A1";17;"18";60386
1532;"Lahnstraße";"";"";"";"";"";"1 ";"Gallus";"153";"1.05";" 1";"A3";7;"4";60326
1533;"Lamboystraße";"";"";"";"";"";"5 ";"Sachsenhausen-Süd";"323";"5.30";"5A";"A6";22;"8";60598
1534;"Landauer Straße";"";"";"";"";"";"6 ";"Nied";"561";"6.42";"6A";"A7";53;"16";65934
1535;"Landgrafenstraße";"";"";"";"";"";"2 ";"Bockenheim";"350";"2.13";" 2";"A4";25;"13";60486
1536;"Landgraf-Philipp-Straße";"";"";"";"";"";"9 ";"Eschersheim";"452";"9.66";" 9";"B3";39;"12";60431
1537;"Landgraf-Wilhelm-Straße";"";"";"";"";"";"9 ";"Eschersheim";"452";"9.66";" 9";"B3";39;"12";60431
1538;"Landvogtstraße";"";"";"";"";"";"9 ";"Dornbusch";"462";"9.69";" 9";"B3";41;"12";60320
1540;"Langenhainer Straße";"";"";"";"";"";"1 ";"Gallus";"165";"1.08";" 1";"A3";8;"4";60326
1541;"Langenselbolder Straße";"";"";"";"";"";"11";"Fechenheim";"510";"11.77";"11";"A1";48;"18";60386
1542;"Langer Weg";"";"";"";"";"";"7 ";"Rödelheim";"402";"7.56";" 7";"A4";33;"11";60489
1543;"Lange Straße";"gerade";"2";"";"24";"";"1 ";"Innenstadt";"080";"1.01";" 1";"A1";1;"1";60311
1543;"Lange Straße";"gerade";"26";"";"36";"";"1 ";"Innenstadt";"070";"1.01";" 1";"A1";1;"1";60311
1543;"Lange Straße";"ungerade";"3";"";"39";"";"1 ";"Innenstadt";"080";"1.01";" 1";"A1";1;"1";60311
1543;"Lange Straße";"ungerade";"57";"";"69";"";"1 ";"Innenstadt";"070";"1.01";" 1";"A1";1;"1";60311
1544;"Langheckenweg";"gerade";"2";"";"28";"";"9 ";"Eschersheim";"452";"9.66";" 9";"B3";39;"12";60433
1544;"Langheckenweg";"gerade";"34";"";"";"";"9 ";"Dornbusch";"462";"9.69";" 9";"B3";41;"12";60433
1544;"Langheckenweg";"ungerade";"1";"";"33";"";"9 ";"Eschersheim";"452";"9.66";" 9";"B3";39;"12";60433
1544;"Langheckenweg";"ungerade";"39";"";"41";"";"9 ";"Dornbusch";"462";"9.69";" 9";"B3";41;"12";60433
1545;"Langobardenweg";"";"";"";"";"";"6 ";"Unterliederbach";"622";"6.52";"6C";"A7";57;"17";65929
1546;"Langweidenstraße";"";"";"";"";"";"7 ";"Hausen";"410";"7.58";" 7";"A4";26;"11";60488
1547;"Lappengasse";"";"";"";"";"";"11";"Fechenheim";"510";"11.77";"11";"A1";48;"18";60386
1548;"Lassallestraße";"";"";"";"";"";"11";"Riederwald";"262";"11.76";"11";"A1";17;"18";60386
1549;"Laubestraße";"";"";"";"";"";"5 ";"Sachsenhausen-Nord";"324";"5.32";"5A";"A6";21;"8";60594
1550;"Launhardtstraße";"";"";"";"";"";"4 ";"Ostend";"261";"4.27";" 4";"A1";6;"5";60314
1551;"Launitzstraße";"";"";"";"";"";"5 ";"Sachsenhausen-Nord";"324";"5.32";"5A";"A6";21;"8";60594
1552;"Lauterbacher Straße";"";"";"";"";"";"11";"Fechenheim";"510";"11.77";"11";"A1";48;"18";60386
1553;"Leerbachstraße";"gerade";"4";"";"66";"";"2 ";"Westend-Süd";"110";"2.10";" 2";"A4";4;"3";60322
1553;"Leerbachstraße";"gerade";"88";"";"122";"";"2 ";"Westend-Nord";"191";"2.09";" 2";"B3";4;"3";60322
1553;"Leerbachstraße";"ungerade";"3";"";"63";"";"2 ";"Westend-Süd";"110";"2.10";" 2";"A4";4;"3";60322
1553;"Leerbachstraße";"ungerade";"67";"";"117";"";"2 ";"Westend-Nord";"191";"2.09";" 2";"B3";4;"3";60322
1554;"Legienstraße";"";"";"";"";"";"6 ";"Unterliederbach";"621";"6.51";"6C";"A7";57;"17";65929
1555;"Lehmkautstraße";"";"";"";"";"";"6 ";"Sindlingen";"601";"6.47";"6B";"A7";55;"17";65931
1556;"Lehrbergerstraße";"";"";"";"";"";"7 ";"Rödelheim";"402";"7.56";" 7";"A4";33;"11";60489
1557;"Leibbrandstraße";"";"";"";"";"";"4 ";"Ostend";"261";"4.27";" 4";"A1";6;"5";60314
1558;"Leibnizstraße";"";"";"";"";"";"3 ";"Nordend-Ost";"230";"3.20";" 3";"A1";14;"3";60316
1559;"Leimenrode";"";"";"";"";"";"3 ";"Nordend-West";"120";"3.21";" 3";"A1";5;"3";60322
1561;"Leinwebergasse";"";"";"";"";"";"11";"Fechenheim";"520";"11.78";"11";"A1";49;"18";60386
1562;"Leipziger Straße";"gerade";"";"";"";"";"2 ";"Bockenheim";"361";"2.12";" 2";"A4";27;"13";60487
1562;"Leipziger Straße";"ungerade";"";"";"";"";"2 ";"Bockenheim";"350";"2.13";" 2";"A4";25;"13";60487
1563;"Lenaustraße";"gerade";"22";"";"68";"";"3 ";"Nordend-West";"211";"3.19";" 3";"A1";12;"3";60318
1563;"Lenaustraße";"gerade";"72";"";"80";"";"3 ";"Nordend-West";"212";"3.17";" 3";"A1";12;"3";60318
1563;"Lenaustraße";"ungerade";"21";"";"71";"";"3 ";"Nordend-West";"211";"3.19";" 3";"A1";12;"3";60318
1563;"Lenaustraße";"ungerade";"77";"";"97";"";"3 ";"Nordend-West";"212";"3.17";" 3";"A1";12;"3";60318
1564;"Lenzenbergstraße";"gerade";"24";"";"130";"";"6 ";"Zeilsheim";"612";"6.50";"6B";"A7";56;"17";65931
1564;"Lenzenbergstraße";"gerade";"8";"";"";"";"6 ";"Zeilsheim";"604";"6.49";"6B";"A7";56;"17";65931
1564;"Lenzenbergstraße";"ungerade";"";"";"";"";"6 ";"Zeilsheim";"612";"6.50";"6B";"A7";56;"17";65931
1565;"Leo-Gans-Straße";"gerade";"";"";"";"";"11";"Fechenheim";"510";"11.77";"11";"A1";48;"18";60386
1565;"Leo-Gans-Straße";"ungerade";"1";"";"49";"";"11";"Fechenheim";"510";"11.77";"11";"A1";48;"18";60386
1565;"Leo-Gans-Straße";"ungerade";"51";"";"55";"";"11";"Fechenheim";"520";"11.78";"11";"A1";49;"18";60386
1566;"Leonhardsgasse";"";"";"";"";"";"11";"Seckbach";"390";"11.75";"11";"A1";31;"6";60389
1568;"Lepsiusstraße";"";"";"";"";"";"6 ";"Griesheim";"551";"6.39";"6A";"A3";52;"16";65933
1569;"Lerchenhof (Wohnplatz)";"";"";"";"";"";"6 ";"Sossenheim";"632";"6.54";"6C";"A7";58;"17";65936
1570;"Lerchesbergring";"";"";"";"";"";"5 ";"Sachsenhausen-Süd";"323";"5.30";"5A";"A6";22;"8";60598
1571;"Lersnerstraße";"";"";"";"";"";"3 ";"Nordend-West";"201";"3.21";" 3";"B3";11;"3";60322
1572;"Lessingstraße";"";"";"";"";"";"2 ";"Westend-Süd";"100";"2.11";" 2";"A4";3;"13";60325
1573;"Lettigkautweg";"";"";"";"";"";"5 ";"Sachsenhausen-Süd";"332";"5.29";"5A";"A6";24;"8";60599
1574;"Letzter Hasenpfad";"";"";"";"";"";"5 ";"Sachsenhausen-Süd";"323";"5.30";"5A";"A6";22;"8";60598
1575;"Leunastraße";"gerade";"";"";"";"";"6 ";"Höchst";"591";"6.46";"6C";"A7";54;"17";65929
1575;"Leunastraße";"ungerade";"19";"";"";"";"6 ";"Höchst";"592";"6.46";"6C";"A7";54;"17";65929
1575;"Leunastraße";"ungerade";"9";"";"15";"";"6 ";"Höchst";"591";"6.46";"6C";"A7";54;"17";65929
1576;"Leutholdstraße";"";"";"";"";"";"10";"Bonames";"491";"10.70";"10";"A2";45;"14";60437
1577;"Leverkuser Straße";"";"";"";"";"";"6 ";"Höchst";"591";"6.46";"6C";"A7";54;"17";65929
1578;"Libellenweg";"";"";"";"";"";"6 ";"Schwanheim";"532";"6.37";"6A";"A6";51;"10";60529
1579;"Licher Straße";"";"";"";"";"";"3 ";"Nordend-Ost";"222";"3.18";" 3";"A1";13;"6";60389
1580;"Lichtenbergstraße";"";"";"";"";"";"9 ";"Dornbusch";"462";"9.69";" 9";"B3";41;"12";60433
1581;"Lichtensteinstraße";"";"";"";"";"";"3 ";"Nordend-West";"203";"3.16";" 3";"B3";11;"3";60322
1582;"Liebfrauenberg";"";"";"";"";"";"1 ";"Altstadt";"010";"1.01";" 1";"A1";1;"1";60313
1583;"Liebfrauenstraße";"gerade";"2";"";"4";"";"1 ";"Altstadt";"010";"1.01";" 1";"A1";1;"1";60313
1583;"Liebfrauenstraße";"gerade";"6";"";"";"";"1 ";"Innenstadt";"060";"1.02";" 1";"A1";1;"1";60313
1583;"Liebfrauenstraße";"ungerade";"1";"";"3";"";"1 ";"Altstadt";"010";"1.01";" 1";"A1";1;"1";60313
1583;"Liebfrauenstraße";"ungerade";"5";"";"";"";"1 ";"Innenstadt";"060";"1.02";" 1";"A1";1;"1";60313
1584;"Liebigstraße";"gerade";"18";"";"60";"";"2 ";"Westend-Süd";"180";"2.10";" 2";"A4";4;"3";60323
1584;"Liebigstraße";"gerade";"6";"";"12";"";"2 ";"Westend-Süd";"110";"2.10";" 2";"A4";4;"3";60323
1584;"Liebigstraße";"ungerade";"13";"";"55";"";"2 ";"Westend-Süd";"180";"2.10";" 2";"A4";4;"3";60323
1584;"Liebigstraße";"ungerade";"3";"";"11";"";"2 ";"Westend-Süd";"110";"2.10";" 2";"A4";4;"3";60323
1585;"Liebknechtstraße";"gerade";"";"";"";"";"6 ";"Höchst";"570";"6.44";"6C";"A7";54;"17";65929
1585;"Liebknechtstraße";"ungerade";"";"";"";"";"6 ";"Unterliederbach";"622";"6.52";"6C";"A7";57;"17";65929
1586;"Liederbacher Straße";"gerade";"14";"";"90";"";"6 ";"Unterliederbach";"621";"6.51";"6C";"A7";57;"17";65929
1586;"Liederbacher Straße";"gerade";"2";"";"8";"";"6 ";"Höchst";"570";"6.44";"6C";"A7";54;"17";65929
1586;"Liederbacher Straße";"ungerade";"";"";"";"";"6 ";"Unterliederbach";"621";"6.51";"6C";"A7";57;"17";65929
1587;"Liegnitzer Straße";"";"";"";"";"";"5 ";"Sachsenhausen-Süd";"326";"5.34";"5A";"A6";23;"8";60598
1588;"Ligusterweg";"";"";"";"";"";"10";"Frankfurter Berg";"492";"10.71";"10";"A2";46;"14";60433
1589;"Liliencronstraße";"";"";"";"";"";"9 ";"Dornbusch";"442";"9.68";" 9";"B3";38;"12";60320
1590;"Lilienthalallee";"";"";"";"";"";"2 ";"Bockenheim";"362";"2.12";" 2";"A4";27;"13";60487
1591;"Lili-Schönemann-Steige";"";"";"";"";"";"4 ";"Ostend";"252";"4.25";" 4";"A1";16;"5";60385
1592;"Limpurgergasse";"";"";"";"";"";"1 ";"Altstadt";"010";"1.01";" 1";"A1";1;"1";60311
1593;"Lindenau";"";"";"";"";"";"9 ";"Eschersheim";"451";"9.65";" 9";"B3";39;"12";60433
1594;"Lindenhag";"";"";"";"";"";"6 ";"Griesheim";"542";"6.40";"6A";"A3";52;"16";65933
1595;"Lindenring";"";"";"";"";"";"9 ";"Eschersheim";"452";"9.66";" 9";"B3";39;"12";60431
1596;"Lindenscheidstraße";"";"";"";"";"";"6 ";"Sossenheim";"631";"6.53";"6C";"A7";58;"17";65936
1597;"Lindenstraße";"";"";"";"";"";"2 ";"Westend-Süd";"100";"2.11";" 2";"A4";3;"13";60325
1599;"Lindleystraße";"";"";"";"";"";"4 ";"Ostend";"261";"4.27";" 4";"A1";6;"5";60314
1600;"Linkstraße";"gerade";"2";"";"40";"";"6 ";"Griesheim";"541";"6.39";"6A";"A3";52;"16";65933
1600;"Linkstraße";"gerade";"42";"";"114";"";"6 ";"Griesheim";"551";"6.39";"6A";"A3";52;"16";65933
1600;"Linkstraße";"ungerade";"1";"";"29";"A";"6 ";"Griesheim";"541";"6.39";"6A";"A3";52;"16";65933
1600;"Linkstraße";"ungerade";"31";"";"83";"C";"6 ";"Griesheim";"551";"6.39";"6A";"A3";52;"16";65933
1601;"Linnéstraße";"gerade";"10";"";"32";"";"4 ";"Ostend";"252";"4.25";" 4";"A1";16;"5";60385
1601;"Linnéstraße";"gerade";"2";"";"6";"";"4 ";"Bornheim";"282";"4.24";" 4";"A1";19;"5";60385
1601;"Linnéstraße";"ungerade";"1";"";"7";"";"4 ";"Bornheim";"282";"4.24";" 4";"A1";19;"5";60385
1601;"Linnéstraße";"ungerade";"11";"";"33";"";"4 ";"Ostend";"252";"4.25";" 4";"A1";16;"5";60385
1602;"Lixfelder Weg";"";"";"";"";"";"7 ";"Rödelheim";"402";"7.56";" 7";"A4";33;"11";60489
1603;"Löherstraße";"";"";"";"";"";"5 ";"Sachsenhausen-Nord";"300";"5.31";"5A";"A6";20;"8";60594
1604;"Löhnunggasse";"gerade";"";"";"";"";"11";"Fechenheim";"510";"11.77";"11";"A1";48;"18";60386
1604;"Löhnunggasse";"ungerade";"";"";"";"";"11";"Fechenheim";"520";"11.78";"11";"A1";49;"18";60386
1605;"Loënstraße";"";"";"";"";"";"3 ";"Nordend-West";"203";"3.16";" 3";"B3";11;"3";60322
1606;"Lönsweg";"";"";"";"";"";"6 ";"Schwanheim";"531";"6.38";"6A";"A6";50;"10";60529
1607;"Lötzener Straße";"";"";"";"";"";"7 ";"Bockenheim";"343";"7.57";" 2";"A4";26;"11";60487
1608;"Löwengasse";"";"";"";"";"";"4 ";"Bornheim";"281";"4.24";" 4";"A1";19;"6";60385
1609;"Lohoffstraße";"";"";"";"";"";"7 ";"Rödelheim";"402";"7.56";" 7";"A4";33;"11";60489
1610;"Lohrgasse";"";"";"";"";"";"11";"Seckbach";"390";"11.75";"11";"A1";31;"6";60389
1611;"Loreleistraße";"";"";"";"";"";"6 ";"Unterliederbach";"621";"6.51";"6C";"A7";57;"17";65929
1612;"Lorsbacher Straße";"";"";"";"";"";"1 ";"Gallus";"165";"1.08";" 1";"A3";8;"4";60326
1613;"Lorscher Straße";"gerade";"";"";"";"";"7 ";"Rödelheim";"401";"7.55";" 7";"A4";32;"11";60489
1613;"Lorscher Straße";"ungerade";"1";"";"41";"";"7 ";"Rödelheim";"402";"7.56";" 7";"A4";33;"11";60489
1613;"Lorscher Straße";"ungerade";"99";"";"";"";"7 ";"Rödelheim";"401";"7.55";" 7";"A4";32;"11";60489
1614;"Lortzingstraße";"gerade";"24";"";"30";"";"3 ";"Nordend-West";"212";"3.17";" 3";"A1";12;"3";60318
1614;"Lortzingstraße";"gerade";"4";"";"18";"";"3 ";"Nordend-West";"211";"3.19";" 3";"A1";12;"3";60318
1614;"Lortzingstraße";"ungerade";"1";"";"3";"";"3 ";"Nordend-West";"211";"3.19";" 3";"A1";12;"3";60318
1614;"Lortzingstraße";"ungerade";"15";"";"";"";"3 ";"Nordend-West";"212";"3.17";" 3";"A1";12;"3";60318
1615;"Lotzstraße";"";"";"";"";"";"6 ";"Nied";"561";"6.42";"6A";"A7";53;"16";65934
1616;"Louisa (Park)";"";"";"";"";"";"5 ";"Sachsenhausen-Süd";"325";"5.34";"5A";"A6";23;"10";60598
1617;"Lucaestraße";"";"";"";"";"";"9 ";"Eschersheim";"452";"9.66";" 9";"B3";39;"12";60433
1618;"Luciusstraße";"";"";"";"";"";"6 ";"Höchst";"591";"6.46";"6C";"A7";54;"17";65929
1619;"Ludolfusstraße";"";"";"";"";"";"2 ";"Bockenheim";"362";"2.12";" 2";"A4";27;"13";60487
1620;"Ludwig-Hensler-Straße";"";"";"";"";"";"6 ";"Unterliederbach";"621";"6.51";"6C";"A7";57;"17";65929
1621;"Ludwig-Landmann-Straße";"gerade";"2";"";"88";"A";"7 ";"Praunheim";"422";"7.59";" 7";"A4";34;"14";60488
1621;"Ludwig-Landmann-Straße";"gerade";"304";"";"326";"";"7 ";"Rödelheim";"401";"7.55";" 7";"A4";32;"11";60487
1621;"Ludwig-Landmann-Straße";"gerade";"334";"";"338";"";"7 ";"Hausen";"410";"7.58";" 7";"A4";26;"11";60487
1621;"Ludwig-Landmann-Straße";"gerade";"350";"";"386";"";"7 ";"Rödelheim";"401";"7.55";" 7";"A4";32;"11";60487
1621;"Ludwig-Landmann-Straße";"gerade";"400";"";"408";"";"2 ";"Bockenheim";"344";"2.14";" 2";"A4";10;"11";60486
1621;"Ludwig-Landmann-Straße";"gerade";"90";"A";"216";"";"7 ";"Praunheim";"423";"7.59";" 7";"A4";34;"11";60488
1621;"Ludwig-Landmann-Straße";"ungerade";"1";"";"81";"";"7 ";"Praunheim";"422";"7.59";" 7";"A4";34;"14";60488
1621;"Ludwig-Landmann-Straße";"ungerade";"145";"";"147";"";"7 ";"Praunheim";"423";"7.59";" 7";"A4";34;"11";60488
1621;"Ludwig-Landmann-Straße";"ungerade";"219";"";"339";"";"7 ";"Rödelheim";"401";"7.55";" 7";"A4";32;"11";60488
1621;"Ludwig-Landmann-Straße";"ungerade";"341";"";"";"";"7 ";"Hausen";"410";"7.58";" 7";"A4";26;"11";60488
1621;"Ludwig-Landmann-Straße";"ungerade";"343";"";"371";"";"7 ";"Bockenheim";"343";"7.57";" 2";"A4";26;"11";60487
1621;"Ludwig-Landmann-Straße";"ungerade";"381";"";"405";"";"7 ";"Bockenheim";"343";"7.57";" 2";"A4";26;"11";60486
1622;"Ludwig-Rehn-Straße";"";"";"";"";"";"5 ";"Sachsenhausen-Nord";"322";"5.33";"5A";"A6";21;"8";60596
1623;"Ludwig-Richter-Straße";"";"";"";"";"";"9 ";"Eschersheim";"452";"9.66";" 9";"B3";39;"12";60433
1624;"Ludwigsburger Weg";"";"";"";"";"";"6 ";"Zeilsheim";"611";"6.49";"6B";"A7";56;"17";65931
1625;"Ludwig-Scriba-Straße";"";"";"";"";"";"6 ";"Höchst";"580";"6.45";"6C";"A7";54;"17";65929
1626;"Ludwigshafener Straße";"";"";"";"";"";"6 ";"Höchst";"591";"6.46";"6C";"A7";54;"17";65929
1628;"Ludwigstraße";"gerade";"18";"";"38";"";"1 ";"Gallus";"161";"1.06";" 1";"A3";7;"13";60327
1628;"Ludwigstraße";"gerade";"2";"";"16";"";"1 ";"Gallus";"152";"1.06";" 1";"A3";7;"4";60327
1628;"Ludwigstraße";"ungerade";"15";"";"21";"";"1 ";"Gallus";"152";"1.06";" 1";"A3";7;"4";60327
1628;"Ludwigstraße";"ungerade";"25";"";"43";"";"1 ";"Gallus";"161";"1.06";" 1";"A3";7;"13";60327
1629;"Ludwig-Tieck-Straße";"gerade";"";"";"";"";"9 ";"Eschersheim";"452";"9.66";" 9";"B3";39;"12";60431
1629;"Ludwig-Tieck-Straße";"ungerade";"";"";"";"";"9 ";"Ginnheim";"441";"9.67";" 9";"A2";38;"12";60431
1631;"Luginsland";"";"";"";"";"";"1 ";"Innenstadt";"050";"1.02";" 1";"A1";1;"1";60313
1633;"Luisenplatz";"";"";"";"";"";"3 ";"Nordend-Ost";"230";"3.20";" 3";"A1";14;"3";60316
1634;"Luisenstraße";"";"";"";"";"";"3 ";"Nordend-Ost";"230";"3.20";" 3";"A1";14;"3";60316
1635;"Lupinenweg";"";"";"";"";"";"10";"Frankfurter Berg";"492";"10.71";"10";"A2";46;"14";60433
1636;"Luthmerstraße";"";"";"";"";"";"6 ";"Nied";"561";"6.42";"6A";"A7";53;"16";65934
1637;"Luxemburgerallee";"";"";"";"";"";"4 ";"Ostend";"252";"4.25";" 4";"A1";16;"5";60385
1638;"Luzernenweg";"";"";"";"";"";"10";"Frankfurter Berg";"492";"10.71";"10";"A2";46;"14";60433
1639;"Lyoner Straße";"";"";"";"";"";"5 ";"Niederrad";"373";"5.36";"5B";"A6";29;"10";60528
1640;"Mahräckerstraße";"";"";"";"";"";"9 ";"Ginnheim";"441";"9.67";" 9";"A2";38;"12";60431
1641;"Mainberg";"";"";"";"";"";"6 ";"Höchst";"580";"6.45";"6C";"A7";54;"17";65929
1642;"Mainfeldstraße";"";"";"";"";"";"5 ";"Niederrad";"371";"5.35";"5B";"A6";28;"10";60528
1644;"Mainkai";"";"";"";"";"";"1 ";"Altstadt";"010";"1.01";" 1";"A1";1;"1";60311
1645;"Mainkurstraße";"";"";"";"";"";"4 ";"Bornheim";"282";"4.24";" 4";"A1";19;"5";60385
1646;"Mainluststraße";"";"";"";"";"";"1 ";"Bahnhofsviertel";"090";"1.03";" 1";"A3";2;"4";60329
1647;"Main-Neckar-Brücke";"";"";"";"";"";"1 ";"Gutleutviertel";"151";"1.04";" 1";"A3";2;"4";60327
1647;"Main-Neckar-Brücke";"";"";"";"";"";"5 ";"Sachsenhausen-Nord";"322";"5.33";"5A";"A6";21;"8";60596
1648;"Mainstraße";"";"";"";"";"";"1 ";"Innenstadt";"080";"1.01";" 1";"A1";1;"1";60311
1649;"Mainwasenweg";"";"";"";"";"";"5 ";"Sachsenhausen-Nord";"331";"5.31";"5A";"A6";20;"8";60599
1650;"Mainzer Landstraße";"gerade";"10";"";"58";"";"2 ";"Westend-Süd";"100";"2.11";" 2";"A4";3;"13";60325
1650;"Mainzer Landstraße";"gerade";"128";"";"232";"";"1 ";"Gallus";"161";"1.06";" 1";"A3";7;"4";60327
1650;"Mainzer Landstraße";"gerade";"234";"";"354";"";"1 ";"Gallus";"162";"1.07";" 1";"A3";9;"4";60326
1650;"Mainzer Landstraße";"gerade";"364";"";"378";"";"1 ";"Gallus";"165";"1.08";" 1";"A3";8;"4";60326
1650;"Mainzer Landstraße";"gerade";"406";"";"464";"A";"1 ";"Gallus";"164";"1.08";" 1";"A3";8;"16";60326
1650;"Mainzer Landstraße";"gerade";"478";"";"482";"";"6 ";"Griesheim";"542";"6.40";"6A";"A3";52;"16";60326
1650;"Mainzer Landstraße";"gerade";"500";"";"598";"";"6 ";"Griesheim";"542";"6.40";"6A";"A3";52;"16";65933
1650;"Mainzer Landstraße";"gerade";"600";"";"626";"";"6 ";"Griesheim";"552";"6.41";"6A";"A3";52;"16";65933
1650;"Mainzer Landstraße";"gerade";"750";"";"846";"";"6 ";"Nied";"561";"6.42";"6A";"A7";53;"16";65934
1650;"Mainzer Landstraße";"gerade";"78";"";"120";"";"1 ";"Gallus";"161";"1.06";" 1";"A3";7;"13";60327
1650;"Mainzer Landstraße";"ungerade";"1";"";"73";"";"1 ";"Bahnhofsviertel";"090";"1.03";" 1";"A3";2;"4";60329
1650;"Mainzer Landstraße";"ungerade";"117";"";"191";"";"1 ";"Gallus";"152";"1.06";" 1";"A3";7;"4";60327
1650;"Mainzer Landstraße";"ungerade";"193";"";"257";"";"1 ";"Gallus";"152";"1.06";" 1";"A3";7;"4";60326
1650;"Mainzer Landstraße";"ungerade";"261";"";"405";"";"1 ";"Gallus";"153";"1.05";" 1";"A3";7;"4";60326
1650;"Mainzer Landstraße";"ungerade";"409";"";"521";"";"1 ";"Gallus";"154";"1.05";" 1";"A3";8;"16";60326
1650;"Mainzer Landstraße";"ungerade";"529";"";"545";"";"6 ";"Griesheim";"542";"6.40";"6A";"A3";52;"16";65933
1650;"Mainzer Landstraße";"ungerade";"553";"";"683";"";"6 ";"Griesheim";"552";"6.41";"6A";"A3";52;"16";65933
1650;"Mainzer Landstraße";"ungerade";"693";"";"695";"";"6 ";"Nied";"562";"6.43";"6A";"A7";53;"16";65934
1650;"Mainzer Landstraße";"ungerade";"717";"";"793";"";"6 ";"Nied";"561";"6.42";"6A";"A7";53;"16";65934
1650;"Mainzer Landstraße";"ungerade";"87";"";"111";"";"1 ";"Gallus";"152";"1.06";" 1";"A3";7;"4";60329
1652;"Malapertstraße";"";"";"";"";"";"3 ";"Nordend-West";"202";"3.16";" 3";"B3";11;"12";60320
1653;"Malßstraße";"";"";"";"";"";"9 ";"Dornbusch";"442";"9.68";" 9";"B3";38;"12";60320
1654;"Mammolshainer Straße";"";"";"";"";"";"1 ";"Gallus";"165";"1.08";" 1";"A3";8;"4";60326
1655;"Manderscheider Straße";"";"";"";"";"";"6 ";"Schwanheim";"531";"6.38";"6A";"A6";50;"10";60529
1656;"Mannheimer Straße";"gerade";"2";"";"16";"";"1 ";"Gallus";"152";"1.06";" 1";"A3";7;"4";60329
1656;"Mannheimer Straße";"gerade";"28";"";"30";"";"1 ";"Gallus";"152";"1.06";" 1";"A3";7;"4";60327
1656;"Mannheimer Straße";"ungerade";"5";"";"35";"";"1 ";"Gutleutviertel";"151";"1.04";" 1";"A3";2;"4";60329
1656;"Mannheimer Straße";"ungerade";"73";"";"119";"";"1 ";"Gutleutviertel";"151";"1.04";" 1";"A3";2;"4";60327
1658;"Manskopfstraße";"";"";"";"";"";"2 ";"Bockenheim";"163";"2.15";" 2";"A4";10;"13";60486
1659;"Marbachweg";"gerade";"128";"";"230";"";"10";"Eckenheim";"461";"10.72";"10";"B3";40;"12";60435
1659;"Marbachweg";"gerade";"2";"";"";"";"11";"Seckbach";"390";"11.75";"11";"A1";31;"6";60389
1659;"Marbachweg";"gerade";"232";"";"296";"";"10";"Eckenheim";"461";"10.72";"10";"B3";40;"12";60320
1659;"Marbachweg";"gerade";"298";"";"364";"";"9 ";"Dornbusch";"462";"9.69";" 9";"B3";41;"12";60320
1659;"Marbachweg";"gerade";"70";"";"120";"";"10";"Preungesheim";"470";"10.73";"10";"B3";42;"12";60435
1659;"Marbachweg";"ungerade";"121";"";"135";"";"10";"Eckenheim";"461";"10.72";"10";"B3";40;"12";60435
1659;"Marbachweg";"ungerade";"261";"";"319";"";"9 ";"Dornbusch";"463";"9.69";" 9";"B3";41;"12";60320
1659;"Marbachweg";"ungerade";"331";"";"365";"";"9 ";"Dornbusch";"462";"9.69";" 9";"B3";41;"12";60320
1659;"Marbachweg";"ungerade";"47";"";"107";"";"10";"Preungesheim";"470";"10.73";"10";"B3";42;"12";60435
1659;"Marbachweg";"ungerade";"9";"";"9";"A";"10";"Preungesheim";"470";"10.73";"10";"B3";42;"12";60389
1660;"Marburger Straße";"";"";"";"";"";"2 ";"Bockenheim";"361";"2.12";" 2";"A4";27;"13";60487
1661;"Marderweg";"";"";"";"";"";"6 ";"Griesheim";"552";"6.41";"6A";"A3";52;"16";65933
1662;"Margaretenstraße";"";"";"";"";"";"7 ";"Rödelheim";"402";"7.56";" 7";"A4";33;"11";60489
1663;"Mariannenstraße";"";"";"";"";"";"5 ";"Sachsenhausen-Süd";"332";"5.29";"5A";"A6";24;"8";60599
1664;"Marienberger Straße";"";"";"";"";"";"6 ";"Sossenheim";"631";"6.53";"6C";"A7";58;"17";65936
1665;"Marienburgstraße";"";"";"";"";"";"5 ";"Niederrad";"371";"5.35";"5B";"A6";28;"10";60528
1666;"Marienstraße";"";"";"";"";"";"1 ";"Bahnhofsviertel";"090";"1.03";" 1";"A3";2;"4";60329
1667;"Mark-Aurel-Straße";"gerade";"";"";"";"";"8 ";"Heddernheim";"431";"8.61";" 8";"A2";37;"14";60439
1667;"Mark-Aurel-Straße";"ungerade";"1";"";"29";"";"8 ";"Heddernheim";"431";"8.61";" 8";"A2";37;"14";60439
1667;"Mark-Aurel-Straße";"ungerade";"31";"";"33";"";"8 ";"Heddernheim";"432";"8.62";" 8";"A2";36;"14";60439
1668;"Markgrafenstraße";"";"";"";"";"";"2 ";"Bockenheim";"361";"2.12";" 2";"A4";27;"13";60487
1669;"Markomannenweg";"";"";"";"";"";"6 ";"Unterliederbach";"622";"6.52";"6C";"A7";57;"17";65929
1670;"Markt";"";"";"";"";"";"1 ";"Altstadt";"010";"1.01";" 1";"A1";1;"1";60311
1672;"Marquardstraße";"";"";"";"";"";"7 ";"Rödelheim";"402";"7.56";" 7";"A4";33;"11";60489
1673;"Marschnerstraße";"";"";"";"";"";"3 ";"Nordend-West";"211";"3.19";" 3";"A1";12;"3";60318
1674;"Martin-Böff-Gasse";"";"";"";"";"";"11";"Fechenheim";"520";"11.78";"11";"A1";49;"18";60386
1675;"Martin-Luther-Straße";"gerade";"26";"";"62";"";"3 ";"Nordend-Ost";"222";"3.18";" 3";"A1";13;"6";60389
1675;"Martin-Luther-Straße";"gerade";"4";"";"22";"";"3 ";"Nordend-Ost";"221";"3.19";" 3";"A1";13;"3";60316
1675;"Martin-Luther-Straße";"ungerade";"3";"";"33";"";"3 ";"Nordend-Ost";"221";"3.19";" 3";"A1";13;"3";60316
1675;"Martin-Luther-Straße";"ungerade";"35";"";"67";"";"3 ";"Nordend-Ost";"222";"3.18";" 3";"A1";13;"6";60389
1676;"Martin-May-Straße";"";"";"";"";"";"5 ";"Sachsenhausen-Nord";"324";"5.32";"5A";"A6";21;"8";60594
1677;"Martinskirchstraße";"";"";"";"";"";"6 ";"Schwanheim";"531";"6.38";"6A";"A6";50;"10";60529
1678;"Martinsweg";"";"";"";"";"";"6 ";"Schwanheim";"531";"6.38";"6A";"A6";50;"10";60529
1679;"Martorffstraße";"";"";"";"";"";"9 ";"Dornbusch";"463";"9.69";" 9";"B3";41;"12";60320
1680;"Marxheimer Platz";"";"";"";"";"";"1 ";"Gallus";"164";"1.08";" 1";"A3";8;"16";60326
1681;"Marxheimer Straße";"";"";"";"";"";"1 ";"Gallus";"164";"1.08";" 1";"A3";8;"16";60326
1682;"Massenheimer Straße";"";"";"";"";"";"10";"Bonames";"491";"10.70";"10";"A2";45;"14";60437
1683;"Maßholderpfad";"";"";"";"";"";"6 ";"Griesheim";"542";"6.40";"6A";"A3";52;"16";65933
1684;"Mathildenplatz";"";"";"";"";"";"5 ";"Oberrad";"380";"5.28";"5A";"A6";30;"8";60599
1685;"Mathildenstraße";"";"";"";"";"";"5 ";"Oberrad";"380";"5.28";"5A";"A6";30;"8";60599
1686;"Matternstraße";"";"";"";"";"";"10";"Eckenheim";"461";"10.72";"10";"B3";40;"12";60435
1687;"Matthias-Claudius-Straße";"";"";"";"";"";"9 ";"Eschersheim";"452";"9.66";" 9";"B3";39;"12";60431
1688;"Mauerweg";"gerade";"4";"";"";"";"3 ";"Nordend-Ost";"130";"3.20";" 3";"A1";14;"3";60316
1688;"Mauerweg";"gerade";"8";"";"22";"";"3 ";"Nordend-Ost";"130";"3.20";" 3";"A1";5;"3";60316
1688;"Mauerweg";"ungerade";"";"";"";"";"3 ";"Nordend-Ost";"130";"3.20";" 3";"A1";14;"3";60316
1689;"Maulbeerstraße";"";"";"";"";"";"4 ";"Ostend";"251";"4.25";" 4";"A1";16;"5";60314
1690;"Mauritiusstraße";"";"";"";"";"";"6 ";"Schwanheim";"531";"6.38";"6A";"A6";50;"10";60529
1691;"Max-Beckmann-Straße";"";"";"";"";"";"5 ";"Sachsenhausen-Süd";"332";"5.29";"5A";"A6";24;"8";60599
1692;"Max-Bock-Straße";"";"";"";"";"";"9 ";"Dornbusch";"462";"9.69";" 9";"B3";41;"12";60320
1693;"Max-Eyth-Straße";"";"";"";"";"";"11";"Fechenheim";"510";"11.77";"11";"A1";48;"18";60386
1694;"Max-Hartig-Weg";"";"";"";"";"";"6 ";"Unterliederbach";"621";"6.51";"6C";"A7";57;"17";65929
1695;"Max-Hirsch-Straße";"";"";"";"";"";"11";"Riederwald";"262";"11.76";"11";"A1";17;"18";60386
1696;"Maximilianstraße";"";"";"";"";"";"4 ";"Bornheim";"282";"4.24";" 4";"A1";19;"5";60385
1697;"Max-Quarck-Straße";"";"";"";"";"";"5 ";"Sachsenhausen-Nord";"322";"5.33";"5A";"A6";21;"8";60596
1698;"Max-Reger-Straße";"";"";"";"";"";"5 ";"Sachsenhausen-Süd";"325";"5.34";"5A";"A6";23;"10";60598
1700;"Maybachstraße";"";"";"";"";"";"9 ";"Eschersheim";"451";"9.65";" 9";"B3";39;"12";60433
1702;"Mayfarthstraße";"";"";"";"";"";"4 ";"Ostend";"261";"4.27";" 4";"A1";6;"5";60314
1703;"Mechtildstraße";"";"";"";"";"";"9 ";"Dornbusch";"462";"9.69";" 9";"B3";41;"12";60320
1704;"Meerholzer Straße";"";"";"";"";"";"11";"Fechenheim";"510";"11.77";"11";"A1";48;"18";60386
1705;"Meersburger Straße";"";"";"";"";"";"11";"Fechenheim";"520";"11.78";"11";"A1";49;"18";60386
1706;"Meininger Weg";"";"";"";"";"";"6 ";"Zeilsheim";"611";"6.49";"6B";"A7";56;"17";65931
1707;"Meisengasse";"";"";"";"";"";"1 ";"Innenstadt";"050";"1.02";" 1";"A1";1;"1";60313
1708;"Melanchthonplatz";"";"";"";"";"";"5 ";"Oberrad";"380";"5.28";"5A";"A6";30;"8";60599
1709;"Melchiorstraße";"";"";"";"";"";"6 ";"Höchst";"591";"6.46";"6C";"A7";54;"17";65929
1710;"Melemstraße";"";"";"";"";"";"3 ";"Nordend-West";"203";"3.16";" 3";"B3";11;"3";60322
1711;"Melibocusstraße";"gerade";"2";"";"32";"";"5 ";"Niederrad";"371";"5.35";"5B";"A6";28;"10";60528
1711;"Melibocusstraße";"gerade";"34";"";"86";"";"5 ";"Niederrad";"372";"5.36";"5B";"A6";28;"10";60528
1711;"Melibocusstraße";"ungerade";"11";"";"31";"";"5 ";"Niederrad";"371";"5.35";"5B";"A6";28;"10";60528
1711;"Melibocusstraße";"ungerade";"33";"";"47";"";"5 ";"Niederrad";"372";"5.36";"5B";"A6";28;"10";60528
1712;"Melsunger Straße";"";"";"";"";"";"11";"Seckbach";"390";"11.75";"11";"A1";31;"6";60389
1713;"Mendelssohnstraße";"";"";"";"";"";"2 ";"Westend-Süd";"170";"2.11";" 2";"A4";3;"13";60325
1714;"Mergenthalerstraße";"";"";"";"";"";"11";"Seckbach";"390";"11.75";"11";"A1";31;"18";60388
1715;"Merianplatz";"gerade";"";"";"";"";"3 ";"Nordend-Ost";"230";"3.20";" 3";"A1";14;"3";60316
1715;"Merianplatz";"ungerade";"1";"";"";"";"3 ";"Nordend-Ost";"130";"3.20";" 3";"A1";5;"3";60316
1715;"Merianplatz";"ungerade";"3";"";"";"";"3 ";"Nordend-Ost";"230";"3.20";" 3";"A1";14;"3";60316
1715;"Merianplatz";"ungerade";"5";"";"13";"";"3 ";"Nordend-Ost";"130";"3.20";" 3";"A1";5;"3";60316
1716;"Merianstraße";"";"";"";"";"";"3 ";"Nordend-Ost";"130";"3.20";" 3";"A1";5;"3";60316
1717;"Mertonstraße";"";"";"";"";"";"2 ";"Westend-Süd";"170";"2.11";" 2";"A4";3;"13";60325
1718;"Merziger Weg";"";"";"";"";"";"6 ";"Schwanheim";"531";"6.38";"6A";"A6";50;"10";60529
1719;"Messelweg";"";"";"";"";"";"7 ";"Praunheim";"422";"7.59";" 7";"A4";34;"14";60488
1721;"Metzlerstraße";"";"";"";"";"";"5 ";"Sachsenhausen-Nord";"324";"5.32";"5A";"A6";21;"8";60594
1722;"Metzstraße";"";"";"";"";"";"2 ";"Bockenheim";"361";"2.12";" 2";"A4";27;"13";60487
1723;"Michaelstraße";"";"";"";"";"";"6 ";"Sossenheim";"631";"6.53";"6C";"A7";58;"17";65936
1724;"Michael-Stumpf-Straße";"";"";"";"";"";"6 ";"Höchst";"570";"6.44";"6C";"A7";54;"17";65929
1725;"Mierendorffstraße";"";"";"";"";"";"9 ";"Dornbusch";"462";"9.69";" 9";"B3";41;"12";60320
1726;"Miltenberger Straße";"";"";"";"";"";"5 ";"Sachsenhausen-Süd";"332";"5.29";"5A";"A6";24;"8";60599
1727;"Miquelallee";"gerade";"160";"";"162";"";"2 ";"Westend-Nord";"191";"2.09";" 2";"B3";4;"3";60323
1727;"Miquelallee";"gerade";"2";"";"4";"";"2 ";"Westend-Süd";"180";"2.10";" 2";"A4";4;"3";60487
1727;"Miquelallee";"ungerade";"191";"";"";"";"2 ";"Westend-Nord";"192";"2.09";" 2";"B3";4;"3";60320
1727;"Miquelallee";"ungerade";"3";"";"11";"";"2 ";"Bockenheim";"362";"2.12";" 2";"A4";27;"13";60487
1728;"Mithrasstraße";"";"";"";"";"";"8 ";"Heddernheim";"432";"8.62";" 8";"A2";36;"14";60439
1729;"Mittelseestraße";"gerade";"30";"";"40";"";"11";"Fechenheim";"520";"11.78";"11";"A1";49;"18";60386
1729;"Mittelseestraße";"gerade";"8";"";"28";"";"11";"Fechenheim";"510";"11.77";"11";"A1";48;"18";60386
1729;"Mittelseestraße";"ungerade";"1";"";"25";"";"11";"Fechenheim";"510";"11.77";"11";"A1";48;"18";60386
1729;"Mittelseestraße";"ungerade";"31";"";"33";"";"11";"Fechenheim";"520";"11.78";"11";"A1";49;"18";60386
1730;"Mittelweg";"";"";"";"";"";"3 ";"Nordend-West";"120";"3.21";" 3";"A1";5;"3";60318
1731;"Mittlerer Hasenpfad";"";"";"";"";"";"5 ";"Sachsenhausen-Süd";"323";"5.30";"5A";"A6";22;"8";60598
1732;"Mittlerer Schafhofweg";"";"";"";"";"";"5 ";"Sachsenhausen-Süd";"323";"5.30";"5A";"A6";22;"8";60598
1733;"Mönchhofstraße";"gerade";"";"";"";"";"1 ";"Gallus";"164";"1.08";" 1";"A3";8;"16";60326
1733;"Mönchhofstraße";"ungerade";"";"";"";"";"6 ";"Griesheim";"542";"6.40";"6A";"A3";52;"16";60326
1734;"Mörfelder Landstraße";"gerade";"124";"";"230";"";"5 ";"Sachsenhausen-Nord";"322";"5.33";"5A";"A6";21;"8";60598
1734;"Mörfelder Landstraße";"gerade";"2";"";"82";"";"5 ";"Sachsenhausen-Nord";"324";"5.32";"5A";"A6";21;"8";60598
1734;"Mörfelder Landstraße";"gerade";"232";"";"280";"";"5 ";"Sachsenhausen-Süd";"325";"5.34";"5A";"A6";23;"10";60598
1734;"Mörfelder Landstraße";"gerade";"356";"";"362";"";"5 ";"Sachsenhausen-Süd";"325";"5.34";"5A";"A6";23;"10";60528
1734;"Mörfelder Landstraße";"gerade";"84";"";"122";"";"5 ";"Sachsenhausen-Nord";"321";"5.32";"5A";"A6";21;"8";60598
1734;"Mörfelder Landstraße";"ungerade";"173";"";"251";"";"5 ";"Sachsenhausen-Süd";"326";"5.34";"5A";"A6";23;"8";60598
1734;"Mörfelder Landstraße";"ungerade";"255";"";"277";"B";"5 ";"Sachsenhausen-Süd";"325";"5.34";"5A";"A6";23;"10";60598
1734;"Mörfelder Landstraße";"ungerade";"331";"";"383";"";"5 ";"Sachsenhausen-Süd";"325";"5.34";"5A";"A6";23;"10";60528
1734;"Mörfelder Landstraße";"ungerade";"9";"";"167";"";"5 ";"Sachsenhausen-Süd";"323";"5.30";"5A";"A6";22;"8";60598
1735;"Mörikestraße";"";"";"";"";"";"9 ";"Dornbusch";"442";"9.68";" 9";"B3";38;"12";60320
1736;"Mombacher Weg";"";"";"";"";"";"6 ";"Sossenheim";"631";"6.53";"6C";"A7";58;"17";65936
1737;"Monchstraße";"";"";"";"";"";"10";"Bonames";"491";"10.70";"10";"A2";45;"14";60437
1738;"Monisstraße";"";"";"";"";"";"9 ";"Dornbusch";"463";"9.69";" 9";"B3";41;"12";60320
1739;"Montabaurer Straße";"";"";"";"";"";"6 ";"Sossenheim";"631";"6.53";"6C";"A7";58;"17";65936
1740;"Morgensternstraße";"";"";"";"";"";"5 ";"Sachsenhausen-Nord";"321";"5.32";"5A";"A6";21;"8";60596
1741;"Morgenzeile";"";"";"";"";"";"6 ";"Schwanheim";"532";"6.37";"6A";"A6";51;"10";60529
1742;"Moselstraße";"";"";"";"";"";"1 ";"Bahnhofsviertel";"090";"1.03";" 1";"A3";2;"4";60329
1743;"Motzstraße";"";"";"";"";"";"11";"Riederwald";"262";"11.76";"11";"A1";17;"18";60386
1744;"Mousonstraße";"";"";"";"";"";"4 ";"Ostend";"140";"4.26";" 4";"A1";6;"5";60316
1745;"Mozartplatz";"";"";"";"";"";"2 ";"Westend-Süd";"110";"2.10";" 2";"A4";4;"3";60322
1746;"Mühlackerstraße";"";"";"";"";"";"10";"Bonames";"491";"10.70";"10";"A2";45;"14";60437
1747;"Mühlbruchstraße";"";"";"";"";"";"5 ";"Sachsenhausen-Nord";"331";"5.31";"5A";"A6";20;"8";60594
1748;"Mühlgasse";"";"";"";"";"";"2 ";"Bockenheim";"350";"2.13";" 2";"A4";25;"13";60486
1749;"Mühlheimer Straße";"";"";"";"";"";"11";"Fechenheim";"520";"11.78";"11";"A1";49;"18";60386
1750;"Mühlwehrstraße";"";"";"";"";"";"7 ";"Hausen";"410";"7.58";" 7";"A4";26;"11";60488
1751;"Mühlwiesenstraße";"";"";"";"";"";"7 ";"Hausen";"410";"7.58";" 7";"A4";26;"11";60488
1752;"Müllerstraße";"";"";"";"";"";"2 ";"Bockenheim";"163";"2.15";" 2";"A4";10;"13";60486
1753;"Mümlingstraße";"";"";"";"";"";"5 ";"Oberrad";"380";"5.28";"5A";"A6";30;"8";60599
1754;"Münchener Straße";"";"";"";"";"";"1 ";"Bahnhofsviertel";"090";"1.03";" 1";"A3";2;"4";60329
1755;"Münsterer Straße";"";"";"";"";"";"1 ";"Gallus";"162";"1.07";" 1";"A3";9;"4";60326
1756;"Münsterer Weg";"";"";"";"";"";"6 ";"Zeilsheim";"611";"6.49";"6B";"A7";56;"17";65931
1757;"Münzenberger Straße";"";"";"";"";"";"3 ";"Nordend-Ost";"222";"3.18";" 3";"A1";13;"6";60389
1758;"Münzgasse";"";"";"";"";"";"1 ";"Altstadt";"010";"1.01";" 1";"A1";1;"1";60311
1759;"Mulanskystraße";"";"";"";"";"";"2 ";"Bockenheim";"361";"2.12";" 2";"A4";27;"13";60487
1760;"Musikantenweg";"gerade";"34";"";"80";"";"3 ";"Nordend-Ost";"230";"3.20";" 3";"A1";14;"3";60316
1760;"Musikantenweg";"gerade";"4";"";"32";"";"3 ";"Nordend-Ost";"130";"3.20";" 3";"A1";14;"3";60316
1760;"Musikantenweg";"ungerade";"35";"";"77";"";"3 ";"Nordend-Ost";"230";"3.20";" 3";"A1";14;"3";60316
1760;"Musikantenweg";"ungerade";"5";"";"23";"";"3 ";"Nordend-Ost";"130";"3.20";" 3";"A1";14;"3";60316
1761;"Muthesiusweg";"";"";"";"";"";"7 ";"Praunheim";"422";"7.59";" 7";"A4";34;"14";60488
1762;"Myliusstraße";"";"";"";"";"";"2 ";"Westend-Süd";"180";"2.10";" 2";"A4";4;"3";60323
1763;"Nach dem Brand";"";"";"";"";"";"6 ";"Höchst";"591";"6.46";"6C";"A7";54;"17";65929
1764;"Nachtigallenweg";"";"";"";"";"";"6 ";"Unterliederbach";"621";"6.51";"6C";"A7";57;"17";65929
1765;"Nahestraße";"";"";"";"";"";"6 ";"Unterliederbach";"621";"6.51";"6C";"A7";57;"17";65929
1766;"Nansenring";"";"";"";"";"";"5 ";"Sachsenhausen-Süd";"323";"5.30";"5A";"A6";22;"8";60598
1767;"Nassauer Straße";"";"";"";"";"";"8 ";"Heddernheim";"431";"8.61";" 8";"A2";37;"14";60439
1768;"Nathan-Trier-Straße";"";"";"";"";"";"6 ";"Griesheim";"541";"6.39";"6A";"A3";52;"16";65933
1769;"Nauheimer Straße";"";"";"";"";"";"2 ";"Bockenheim";"341";"2.13";" 2";"A4";25;"13";60486
1770;"Nebeniusstraße";"";"";"";"";"";"11";"Riederwald";"262";"11.76";"11";"A1";17;"18";60386
1771;"Neckarstraße";"";"";"";"";"";"1 ";"Bahnhofsviertel";"090";"1.03";" 1";"A3";2;"4";60329
1772;"Nedergäßchen";"";"";"";"";"";"3 ";"Nordend-Ost";"230";"3.20";" 3";"A1";14;"3";60316
1773;"Neebstraße";"";"";"";"";"";"4 ";"Bornheim";"271";"4.23";" 4";"A1";15;"6";60385
1775;"Nesenstraße";"";"";"";"";"";"3 ";"Nordend-West";"201";"3.21";" 3";"B3";11;"3";60322
1776;"Nesselbuschstraße";"";"";"";"";"";"8 ";"Heddernheim";"432";"8.62";" 8";"A2";36;"14";60439
1777;"Neue Kräme";"";"";"";"";"";"1 ";"Altstadt";"010";"1.01";" 1";"A1";1;"1";60311
1778;"Neue Mainzer Straße";"gerade";"2";"";"20";"";"1 ";"Altstadt";"010";"1.01";" 1";"A1";1;"1";60311
1778;"Neue Mainzer Straße";"gerade";"22";"";"68";"";"1 ";"Innenstadt";"040";"1.03";" 1";"A1";1;"1";60311
1778;"Neue Mainzer Straße";"gerade";"72";"";"84";"";"1 ";"Innenstadt";"050";"1.02";" 1";"A1";1;"1";60311
1778;"Neue Mainzer Straße";"ungerade";"1";"";"31";"";"1 ";"Innenstadt";"040";"1.03";" 1";"A1";1;"1";60311
1778;"Neue Mainzer Straße";"ungerade";"33";"";"37";"";"1 ";"Innenstadt";"040";"1.03";" 1";"A1";1;"1";60310
1778;"Neue Mainzer Straße";"ungerade";"47";"";"55";"";"1 ";"Innenstadt";"040";"1.03";" 1";"A1";1;"1";60311
1778;"Neue Mainzer Straße";"ungerade";"75";"";"79";"";"1 ";"Innenstadt";"050";"1.02";" 1";"A1";1;"1";60311
1779;"Neuenhainer Straße";"";"";"";"";"";"1 ";"Gallus";"162";"1.07";" 1";"A3";9;"4";60326
1781;"Neue Rothofstraße";"";"";"";"";"";"1 ";"Innenstadt";"050";"1.02";" 1";"A1";1;"1";60313
1782;"Neuer Wall";"";"";"";"";"";"5 ";"Sachsenhausen-Nord";"300";"5.31";"5A";"A6";20;"8";60594
1783;"Heinrich-Limpert-Weg";"";"";"";"";"";"5 ";"Sachsenhausen-Süd";"332";"5.29";"5A";"A6";24;"8";60599
1784;"Neue Schlesingergasse";"gerade";"14";"";"18";"";"1 ";"Innenstadt";"040";"1.03";" 1";"A1";1;"1";60315
1784;"Neue Schlesingergasse";"gerade";"22";"";"24";"";"1 ";"Innenstadt";"040";"1.03";" 1";"A1";1;"1";60311
1786;"Neuhaußstraße";"";"";"";"";"";"3 ";"Nordend-West";"203";"3.16";" 3";"B3";11;"3";60322
1787;"Neuhofstraße";"";"";"";"";"";"3 ";"Nordend-West";"211";"3.19";" 3";"A1";12;"3";60318
1788;"Neulandstraße";"";"";"";"";"";"6 ";"Sindlingen";"602";"6.48";"6B";"A7";55;"17";65931
1789;"Neumannstraße";"";"";"";"";"";"9 ";"Eschersheim";"452";"9.66";" 9";"B3";39;"12";60433
1790;"Neumarkt";"";"";"";"";"";"6 ";"Nied";"562";"6.43";"6A";"A7";53;"16";65934
1791;"Neunkircher Weg";"";"";"";"";"";"6 ";"Schwanheim";"531";"6.38";"6A";"A6";50;"10";60529
1793;"Neuwiesenstraße";"";"";"";"";"";"5 ";"Niederrad";"372";"5.36";"5B";"A6";28;"10";60528
1794;"Neu-Zeilsheim";"gerade";"2";"";"18";"A";"6 ";"Zeilsheim";"612";"6.50";"6B";"A7";56;"17";65931
1794;"Neu-Zeilsheim";"gerade";"20";"";"78";"";"6 ";"Zeilsheim";"611";"6.49";"6B";"A7";56;"17";65931
1794;"Neu-Zeilsheim";"gerade";"80";"";"96";"";"6 ";"Zeilsheim";"604";"6.49";"6B";"A7";56;"17";65931
1794;"Neu-Zeilsheim";"ungerade";"1";"";"17";"A";"6 ";"Zeilsheim";"612";"6.50";"6B";"A7";56;"17";65931
1794;"Neu-Zeilsheim";"ungerade";"19";"";"69";"";"6 ";"Zeilsheim";"611";"6.49";"6B";"A7";56;"17";65931
1794;"Neu-Zeilsheim";"ungerade";"71";"";"89";"";"6 ";"Zeilsheim";"604";"6.49";"6B";"A7";56;"17";65931
1795;"Nibelungenallee";"";"";"";"";"";"3 ";"Nordend-West";"212";"3.17";" 3";"A1";12;"3";60318
1796;"Nibelungenplatz";"";"";"";"";"";"3 ";"Nordend-West";"212";"3.17";" 3";"A1";12;"3";60318
1797;"Niddablick";"";"";"";"";"";"9 ";"Ginnheim";"441";"9.67";" 9";"A2";38;"12";60431
1802;"Niddagaustraße";"";"";"";"";"";"7 ";"Rödelheim";"401";"7.55";" 7";"A4";32;"11";60489
1803;"Niddastraße";"gerade";"12";"";"68";"";"1 ";"Bahnhofsviertel";"090";"1.03";" 1";"A3";2;"4";60329
1803;"Niddastraße";"gerade";"72";"";"110";"";"1 ";"Gallus";"152";"1.06";" 1";"A3";7;"4";60329
1803;"Niddastraße";"ungerade";"5";"";"67";"";"1 ";"Bahnhofsviertel";"090";"1.03";" 1";"A3";2;"4";60329
1803;"Niddastraße";"ungerade";"77";"";"107";"";"1 ";"Gallus";"152";"1.06";" 1";"A3";7;"4";60329
1804;"Niedenau";"";"";"";"";"";"2 ";"Westend-Süd";"100";"2.11";" 2";"A4";3;"13";60325
1805;"Niederbornstraße";"";"";"";"";"";"10";"Eckenheim";"461";"10.72";"10";"B3";40;"12";60435
1806;"Niedergärtenstraße";"";"";"";"";"";"10";"Eckenheim";"461";"10.72";"10";"B3";40;"12";60435
1807;"Niedergasse";"";"";"";"";"";"11";"Seckbach";"390";"11.75";"11";"A1";31;"6";60389
1808;"Nieder Kirchweg";"";"";"";"";"";"6 ";"Nied";"561";"6.42";"6A";"A7";53;"16";65934
1809;"Niederräder Brücke";"";"";"";"";"";"1 ";"Gutleutviertel";"151";"1.04";" 1";"A3";2;"16";60327
1809;"Niederräder Brücke";"";"";"";"";"";"5 ";"Niederrad";"371";"5.35";"5B";"A6";28;"10";60528
1810;"Niederräder Landstraße";"gerade";"2";"";"14";"A";"5 ";"Sachsenhausen-Süd";"325";"5.34";"5A";"A6";23;"10";60598
1810;"Niederräder Landstraße";"gerade";"28";"";"78";"";"5 ";"Niederrad";"371";"5.35";"5B";"A6";28;"10";60528
1810;"Niederräder Landstraße";"ungerade";"15";"";"33";"";"5 ";"Niederrad";"371";"5.35";"5B";"A6";28;"10";60528
1810;"Niederräder Landstraße";"ungerade";"9";"";"";"";"5 ";"Sachsenhausen-Süd";"325";"5.34";"5A";"A6";23;"10";60528
1811;"Niederräder Ufer";"";"";"";"";"";"5 ";"Niederrad";"371";"5.35";"5B";"A6";28;"10";60528
1812;"Niederschelder Weg";"";"";"";"";"";"8 ";"Heddernheim";"431";"8.61";" 8";"A2";37;"14";60439
1814;"Niedwiesenstraße";"gerade";"";"";"";"";"9 ";"Eschersheim";"452";"9.66";" 9";"B3";39;"12";60431
1814;"Niedwiesenstraße";"ungerade";"1";"";"127";"";"9 ";"Eschersheim";"452";"9.66";" 9";"B3";39;"12";60431
1814;"Niedwiesenstraße";"ungerade";"133";"";"";"";"9 ";"Ginnheim";"441";"9.67";" 9";"A2";38;"12";60431
1815;"Niemandsfeld";"";"";"";"";"";"10";"Preungesheim";"470";"10.73";"10";"B3";42;"12";60435
1816;"Niersteiner Straße";"";"";"";"";"";"5 ";"Sachsenhausen-Süd";"323";"5.30";"5A";"A6";22;"8";60598
1817;"Nikolausstraße";"";"";"";"";"";"6 ";"Sossenheim";"631";"6.53";"6C";"A7";58;"17";65936
1818;"Nistergasse";"";"";"";"";"";"8 ";"Heddernheim";"431";"8.61";" 8";"A2";37;"14";60439
1820;"Nobelring";"";"";"";"";"";"5 ";"Sachsenhausen-Süd";"323";"5.30";"5A";"A6";22;"8";60598
1821;"Nördlinger Weg";"";"";"";"";"";"6 ";"Zeilsheim";"611";"6.49";"6B";"A7";56;"17";65931
1822;"Nonnenpfad";"";"";"";"";"";"5 ";"Oberrad";"380";"5.28";"5A";"A6";30;"8";60599
1823;"Nordendplatz";"";"";"";"";"";"3 ";"Nordend-West";"212";"3.17";" 3";"A1";12;"3";60318
1824;"Nordendstraße";"";"";"";"";"";"3 ";"Nordend-West";"212";"3.17";" 3";"A1";12;"3";60318
1825;"Nordheimstraße";"";"";"";"";"";"5 ";"Sachsenhausen-Nord";"322";"5.33";"5A";"A6";21;"8";60596
1826;"Nürburgstraße";"";"";"";"";"";"6 ";"Schwanheim";"531";"6.38";"6A";"A6";50;"10";60529
1827;"Nußbaumplatz";"";"";"";"";"";"4 ";"Bornheim";"272";"4.22";" 4";"A1";18;"6";60385
1828;"Nußbaumstraße";"";"";"";"";"";"4 ";"Bornheim";"272";"4.22";" 4";"A1";18;"6";60385
1829;"Nußgartenstraße";"";"";"";"";"";"11";"Seckbach";"390";"11.75";"11";"A1";31;"6";60389
1830;"Nußzeil";"gerade";"2";"";"54";"A";"9 ";"Eschersheim";"451";"9.65";" 9";"B3";39;"12";60433
1830;"Nußzeil";"gerade";"56";"";"98";"";"9 ";"Eschersheim";"452";"9.66";" 9";"B3";39;"12";60433
1830;"Nußzeil";"ungerade";"13";"";"79";"";"9 ";"Eschersheim";"451";"9.65";" 9";"B3";39;"12";60433
1830;"Nußzeil";"ungerade";"87";"";"97";"";"9 ";"Eschersheim";"452";"9.66";" 9";"B3";39;"12";60433
1831;"Obere Kreuzäckerstraße";"";"";"";"";"";"10";"Preungesheim";"470";"10.73";"10";"B3";42;"12";60435
1832;"Oberer Kalbacher Weg";"";"";"";"";"";"10";"Bonames";"491";"10.70";"10";"A2";45;"14";60437
1833;"Oberer Ornberg";"";"";"";"";"";"10";"Frankfurter Berg";"492";"10.71";"10";"A2";46;"14";60433
1834;"Oberer Schafhofweg";"gerade";"";"";"";"";"5 ";"Sachsenhausen-Süd";"323";"5.30";"5A";"A6";22;"8";60598
1834;"Oberer Schafhofweg";"ungerade";"69";"";"69";"A";"5 ";"Sachsenhausen-Süd";"326";"5.34";"5A";"A6";23;"8";60598
1834;"Oberer Schafhofweg";"ungerade";"7";"";"65";"";"5 ";"Sachsenhausen-Süd";"323";"5.30";"5A";"A6";22;"8";60598
1835;"Oberfeldstraße";"";"";"";"";"";"8 ";"Praunheim";"426";"8.62";" 7";"A2";36;"14";60439
1836;"Oberhöchstädter Weg";"";"";"";"";"";"7 ";"Praunheim";"422";"7.59";" 7";"A4";34;"14";60488
1837;"Oberlindau";"gerade";"2";"";"20";"";"2 ";"Westend-Süd";"110";"2.10";" 2";"A4";4;"3";60323
1837;"Oberlindau";"gerade";"54";"";"84";"";"2 ";"Westend-Süd";"180";"2.10";" 2";"A4";4;"3";60323
1837;"Oberlindau";"gerade";"90";"";"112";"";"2 ";"Westend-Nord";"191";"2.09";" 2";"B3";4;"3";60322
1837;"Oberlindau";"ungerade";"3";"";"29";"";"2 ";"Westend-Süd";"110";"2.10";" 2";"A4";4;"3";60323
1837;"Oberlindau";"ungerade";"51";"";"91";"";"2 ";"Westend-Süd";"180";"2.10";" 2";"A4";4;"3";60323
1837;"Oberlindau";"ungerade";"95";"";"119";"";"2 ";"Westend-Nord";"191";"2.09";" 2";"B3";4;"3";60322
1838;"Obermainanlage";"";"";"";"";"";"4 ";"Ostend";"140";"4.26";" 4";"A1";6;"5";60314
1841;"Obermainstraße";"";"";"";"";"";"4 ";"Ostend";"140";"4.26";" 4";"A1";6;"5";60314
1842;"Obermühlgasse";"";"";"";"";"";"8 ";"Niederursel";"481";"8.63";" 8";"A2";43;"14";60439
1843;"Obernhainer Straße";"";"";"";"";"";"4 ";"Bornheim";"271";"4.23";" 4";"A1";15;"6";60389
1844;"Oberräder Fußweg";"";"";"";"";"";"5 ";"Sachsenhausen-Nord";"331";"5.31";"5A";"A6";20;"8";60599
1845;"Oberschelder Weg";"";"";"";"";"";"8 ";"Heddernheim";"431";"8.61";" 8";"A2";37;"14";60439
1847;"Obertshäuser Weg";"";"";"";"";"";"11";"Fechenheim";"520";"11.78";"11";"A1";49;"18";60386
1848;"Oberurseler Weg";"";"";"";"";"";"8 ";"Niederursel";"481";"8.63";" 8";"A2";43;"14";60439
1849;"Oberweg";"";"";"";"";"";"3 ";"Nordend-West";"120";"3.21";" 3";"A1";5;"3";60318
1850;"Oberweid";"";"";"";"";"";"6 ";"Schwanheim";"531";"6.38";"6A";"A6";50;"10";60529
1851;"Oberwiesenstraße";"";"";"";"";"";"10";"Preungesheim";"470";"10.73";"10";"B3";42;"12";60435
1852;"Oberwiesenweg";"";"";"";"";"";"10";"Preungesheim";"470";"10.73";"10";"B3";42;"14";60389
1852;"Oberwiesenweg";"";"";"";"";"";"10";"Preungesheim";"470";"10.73";"10";"B3";42;"14";60435
1852;"Oberwiesenweg";"";"";"";"";"";"10";"Berkersheim";"500";"10.74";"10";"A2";47;"14";60389
1852;"Oberwiesenweg";"";"";"";"";"";"10";"Berkersheim";"500";"10.74";"10";"A2";47;"14";60435
1854;"Odenwaldstraße";"";"";"";"";"";"5 ";"Niederrad";"371";"5.35";"5B";"A6";28;"10";60528
1855;"Odrellstraße";"";"";"";"";"";"2 ";"Bockenheim";"163";"2.15";" 2";"A4";10;"13";60486
1856;"Oeder Weg";"gerade";"106";"";"164";"";"3 ";"Nordend-West";"203";"3.16";" 3";"B3";11;"3";60318
1856;"Oeder Weg";"gerade";"2";"";"72";"";"3 ";"Nordend-West";"120";"3.21";" 3";"A1";5;"3";60318
1856;"Oeder Weg";"gerade";"74";"";"100";"";"3 ";"Nordend-West";"201";"3.21";" 3";"B3";11;"3";60318
1856;"Oeder Weg";"ungerade";"1";"";"73";"";"3 ";"Nordend-West";"120";"3.21";" 3";"A1";5;"3";60318
1856;"Oeder Weg";"ungerade";"101";"";"159";"";"3 ";"Nordend-West";"203";"3.16";" 3";"B3";11;"3";60318
1856;"Oeder Weg";"ungerade";"75";"";"95";"";"3 ";"Nordend-West";"201";"3.21";" 3";"B3";11;"3";60318
1857;"Oelmühlgasse";"";"";"";"";"";"7 ";"Rödelheim";"401";"7.55";" 7";"A4";32;"11";60489
1858;"Oeserstraße";"gerade";"180";"";"210";"";"6 ";"Griesheim";"542";"6.40";"6A";"A3";52;"16";65933
1858;"Oeserstraße";"gerade";"2";"";"28";"A";"6 ";"Nied";"561";"6.42";"6A";"A7";53;"16";65934
1858;"Oeserstraße";"gerade";"220";"";"";"";"2 ";"Bockenheim";"163";"2.15";" 2";"A4";10;"16";65933
1858;"Oeserstraße";"gerade";"30";"";"152";"";"6 ";"Nied";"562";"6.43";"6A";"A7";53;"16";65934
1858;"Oeserstraße";"ungerade";"1";"";"25";"";"6 ";"Nied";"561";"6.42";"6A";"A7";53;"16";65934
1858;"Oeserstraße";"ungerade";"181";"";"215";"";"6 ";"Griesheim";"542";"6.40";"6A";"A3";52;"16";65934
1858;"Oeserstraße";"ungerade";"219";"";"";"";"2 ";"Bockenheim";"163";"2.15";" 2";"A4";10;"16";65934
1858;"Oeserstraße";"ungerade";"31";"";"157";"";"6 ";"Nied";"562";"6.43";"6A";"A7";53;"16";65934
1859;"Oestricher Weg";"";"";"";"";"";"6 ";"Schwanheim";"531";"6.38";"6A";"A6";50;"10";60529
1860;"Offenbacher Landstraße";"gerade";"232";"";"482";"";"5 ";"Oberrad";"380";"5.28";"5A";"A6";30;"8";60599
1860;"Offenbacher Landstraße";"gerade";"44";"";"224";"";"5 ";"Sachsenhausen-Süd";"332";"5.29";"5A";"A6";24;"8";60599
1860;"Offenbacher Landstraße";"gerade";"500";"";"534";"";"5 ";"Sachsenhausen-Süd";"332";"5.29";"5A";"A6";24;"";60599
1860;"Offenbacher Landstraße";"ungerade";"1";"";"219";"";"5 ";"Sachsenhausen-Nord";"331";"5.31";"5A";"A6";20;"8";60599
1860;"Offenbacher Landstraße";"ungerade";"233";"";"507";"";"5 ";"Oberrad";"380";"5.28";"5A";"A6";30;"8";60599
1860;"Offenbacher Landstraße";"ungerade";"535";"";"573";"";"5 ";"Oberrad";"380";"5.28";"5A";"A6";30;"";60599
1861;"Ohlengarten";"";"";"";"";"";"7 ";"Praunheim";"425";"7.60";" 7";"A4";35;"14";60488
1862;"Ohmstraße";"";"";"";"";"";"2 ";"Bockenheim";"342";"2.14";" 2";"A4";10;"13";60486
1863;"Okrifteler Straße";"";"";"";"";"";"6 ";"Sindlingen";"601";"6.47";"6B";"A7";55;"17";65931
1864;"Olbrichstraße";"";"";"";"";"";"7 ";"Praunheim";"422";"7.59";" 7";"A4";34;"14";60488
1865;"Opernplatz";"gerade";"2";"";"";"";"1 ";"Innenstadt";"050";"1.02";" 1";"A1";1;"1";60311
1865;"Opernplatz";"gerade";"4";"";"16";"";"1 ";"Innenstadt";"050";"1.02";" 1";"A1";1;"1";60313
1865;"Opernplatz";"ungerade";"";"";"";"";"1 ";"Innenstadt";"050";"1.02";" 1";"A1";1;"1";60313
1866;"Oppauer Weg";"";"";"";"";"";"6 ";"Zeilsheim";"611";"6.49";"6B";"A7";56;"17";65931
1867;"Oppenheimer Landstraße";"gerade";"102";"";"104";"";"5 ";"Sachsenhausen-Süd";"323";"5.30";"5A";"A6";22;"8";60598
1867;"Oppenheimer Landstraße";"gerade";"34";"";"76";"";"5 ";"Sachsenhausen-Nord";"321";"5.32";"5A";"A6";21;"8";60596
1867;"Oppenheimer Landstraße";"gerade";"4";"";"22";"";"5 ";"Sachsenhausen-Nord";"324";"5.32";"5A";"A6";21;"8";60594
1867;"Oppenheimer Landstraße";"gerade";"82";"";"92";"";"5 ";"Sachsenhausen-Nord";"322";"5.33";"5A";"A6";21;"8";60596
1867;"Oppenheimer Landstraße";"ungerade";"1";"";"19";"";"5 ";"Sachsenhausen-Nord";"324";"5.32";"5A";"A6";21;"8";60594
1867;"Oppenheimer Landstraße";"ungerade";"27";"";"73";"";"5 ";"Sachsenhausen-Nord";"321";"5.32";"5A";"A6";21;"8";60596
1867;"Oppenheimer Landstraße";"ungerade";"77";"";"79";"";"5 ";"Sachsenhausen-Nord";"321";"5.32";"5A";"A6";21;"8";60598
1867;"Oppenheimer Landstraße";"ungerade";"81";"";"91";"";"5 ";"Sachsenhausen-Nord";"321";"5.32";"5A";"A6";21;"8";60596
1867;"Oppenheimer Landstraße";"ungerade";"95";"";"97";"";"5 ";"Sachsenhausen-Süd";"323";"5.30";"5A";"A6";22;"8";60598
1868;"Oppenheimer Platz";"";"";"";"";"";"5 ";"Sachsenhausen-Nord";"324";"5.32";"5A";"A6";21;"8";60594
1869;"Oppenheimer Straße";"gerade";"12";"";"38";"";"5 ";"Sachsenhausen-Nord";"300";"5.31";"5A";"A6";20;"8";60594
1869;"Oppenheimer Straße";"gerade";"44";"";"50";"";"5 ";"Sachsenhausen-Nord";"324";"5.32";"5A";"A6";21;"8";60594
1869;"Oppenheimer Straße";"ungerade";"5";"";"49";"";"5 ";"Sachsenhausen-Nord";"300";"5.31";"5A";"A6";20;"8";60594
1869;"Oppenheimer Straße";"ungerade";"51";"";"55";"";"5 ";"Sachsenhausen-Nord";"324";"5.32";"5A";"A6";21;"8";60594
1870;"Oranienstraße";"";"";"";"";"";"8 ";"Heddernheim";"431";"8.61";" 8";"A2";37;"14";60439
1871;"Orber Straße";"";"";"";"";"";"11";"Fechenheim";"510";"11.77";"11";"A1";48;"18";60386
1872;"Ortenberger Straße";"";"";"";"";"";"4 ";"Bornheim";"281";"4.24";" 4";"A1";19;"6";60385
1873;"Orthstraße";"";"";"";"";"";"4 ";"Bornheim";"281";"4.24";" 4";"A1";19;"6";60385
1874;"Oskar-Sommer-Straße";"";"";"";"";"";"5 ";"Sachsenhausen-Nord";"322";"5.33";"5A";"A6";21;"8";60596
1875;"Oskar-von-Miller-Straße";"";"";"";"";"";"4 ";"Ostend";"140";"4.26";" 4";"A1";6;"5";60314
1876;"Ostbahnhofstraße";"";"";"";"";"";"4 ";"Ostend";"261";"4.27";" 4";"A1";6;"5";60314
1877;"Ostendstraße";"gerade";"12";"";"58";"";"4 ";"Ostend";"140";"4.26";" 4";"A1";6;"5";60314
1877;"Ostendstraße";"gerade";"60";"";"88";"";"4 ";"Ostend";"261";"4.27";" 4";"A1";6;"5";60314
1877;"Ostendstraße";"ungerade";"1";"";"53";"";"4 ";"Ostend";"140";"4.26";" 4";"A1";6;"5";60314
1877;"Ostendstraße";"ungerade";"59";"";"83";"";"4 ";"Ostend";"261";"4.27";" 4";"A1";6;"5";60314
1878;"Osthafenplatz";"";"";"";"";"";"4 ";"Ostend";"261";"4.27";" 4";"A1";6;"5";60314
1879;"Ostparkstraße";"gerade";"";"";"";"";"4 ";"Ostend";"261";"4.27";" 4";"A1";6;"5";60385
1879;"Ostparkstraße";"ungerade";"";"";"";"";"4 ";"Ostend";"252";"4.25";" 4";"A1";16;"5";60385
1880;"Oswaltstraße";"";"";"";"";"";"8 ";"Niederursel";"481";"8.63";" 8";"A2";43;"14";60439
1881;"Otto-Ernst-Weg";"";"";"";"";"";"6 ";"Unterliederbach";"621";"6.51";"6C";"A7";57;"17";65929
1882;"Otto-Fleck-Schneise";"";"";"";"";"";"5 ";"Sachsenhausen-Süd";"325";"5.34";"5A";"A6";23;"10";60528
1883;"Otto-Loewe-Straße";"";"";"";"";"";"2 ";"Bockenheim";"350";"2.13";" 2";"A4";25;"13";60486
1884;"Ottostraße";"";"";"";"";"";"1 ";"Gallus";"152";"1.06";" 1";"A3";7;"4";60329
1885;"Otzbergstraße";"";"";"";"";"";"5 ";"Niederrad";"371";"5.35";"5B";"A6";28;"10";60528
1886;"Overbergstraße";"";"";"";"";"";"6 ";"Sossenheim";"632";"6.54";"6C";"A7";58;"17";65936
1887;"Palleskestraße";"";"";"";"";"";"6 ";"Höchst";"580";"6.45";"6C";"A7";54;"17";65929
1889;"Palmengartenstraße";"";"";"";"";"";"2 ";"Westend-Süd";"180";"2.10";" 2";"A4";4;"3";60325
1890;"Palmstraße";"";"";"";"";"";"3 ";"Nordend-Ost";"130";"3.20";" 3";"A1";14;"3";60316
1891;"Paquetstraße";"";"";"";"";"";"9 ";"Ginnheim";"441";"9.67";" 9";"A2";38;"12";60431
1892;"Paradiesgasse";"";"";"";"";"";"5 ";"Sachsenhausen-Nord";"300";"5.31";"5A";"A6";20;"8";60594
1893;"Parkstraße";"";"";"";"";"";"2 ";"Westend-Nord";"191";"2.09";" 2";"B3";4;"3";60322
1894;"Parlamentsplatz";"";"";"";"";"";"4 ";"Ostend";"252";"4.25";" 4";"A1";16;"5";60385
1895;"Parlamentsstraße";"";"";"";"";"";"4 ";"Ostend";"252";"4.25";" 4";"A1";16;"5";60385
1896;"Parrotweg";"";"";"";"";"";"2 ";"Bockenheim";"163";"2.15";" 2";"A4";10;"13";60486
1897;"Passavantstraße";"";"";"";"";"";"5 ";"Sachsenhausen-Nord";"322";"5.33";"5A";"A6";21;"8";60596
1898;"Paul-Bode-Straße";"";"";"";"";"";"9 ";"Eschersheim";"452";"9.66";" 9";"B3";39;"12";60433
1899;"Paul-Ehrlich-Straße";"";"";"";"";"";"5 ";"Sachsenhausen-Nord";"322";"5.33";"5A";"A6";21;"8";60596
1900;"Paul-Heyse-Straße";"";"";"";"";"";"9 ";"Ginnheim";"441";"9.67";" 9";"A2";38;"12";60431
1901;"Paulistraße";"";"";"";"";"";"6 ";"Höchst";"591";"6.46";"6C";"A7";54;"17";65929
1902;"Paul-Kirchhof-Platz";"";"";"";"";"";"6 ";"Sindlingen";"602";"6.48";"6B";"A7";55;"17";65931
1903;"Paul-Schwerin-Straße";"";"";"";"";"";"6 ";"Höchst";"570";"6.44";"6C";"A7";54;"17";65929
1904;"Paulsplatz";"";"";"";"";"";"1 ";"Altstadt";"010";"1.01";" 1";"A1";1;"1";60311
1905;"Pestalozziplatz";"";"";"";"";"";"4 ";"Bornheim";"281";"4.24";" 4";"A1";19;"6";60385
1906;"Pestalozzistraße";"";"";"";"";"";"4 ";"Bornheim";"281";"4.24";" 4";"A1";19;"6";60385
1907;"Peter-Bied-Straße";"gerade";"";"";"";"";"6 ";"Unterliederbach";"621";"6.51";"6C";"A7";57;"17";65929
1907;"Peter-Bied-Straße";"ungerade";"3";"";"41";"";"6 ";"Höchst";"570";"6.44";"6C";"A7";54;"17";65929
1907;"Peter-Bied-Straße";"ungerade";"43";"";"55";"";"6 ";"Unterliederbach";"621";"6.51";"6C";"A7";57;"17";65929
1908;"Peter-Böhler-Straße";"";"";"";"";"";"9 ";"Ginnheim";"441";"9.67";" 9";"A2";38;"12";60431
1909;"Petersstraße";"";"";"";"";"";"1 ";"Innenstadt";"060";"1.02";" 1";"A1";1;"1";60313
1910;"Peter-Zenger-Straße";"";"";"";"";"";"7 ";"Hausen";"410";"7.58";" 7";"A4";26;"11";60488
1911;"Petterweilstraße";"gerade";"2";"";"48";"";"4 ";"Bornheim";"240";"4.23";" 4";"A1";15;"6";60385
1911;"Petterweilstraße";"gerade";"58";"";"68";"";"4 ";"Bornheim";"271";"4.23";" 4";"A1";15;"6";60385
1911;"Petterweilstraße";"ungerade";"1";"";"57";"";"4 ";"Bornheim";"240";"4.23";" 4";"A1";15;"6";60385
1911;"Petterweilstraße";"ungerade";"63";"";"71";"";"4 ";"Bornheim";"271";"4.23";" 4";"A1";15;"6";60385
1912;"Pfadfinderweg";"";"";"";"";"";"2 ";"Westend-Nord";"192";"2.09";" 2";"B3";4;"12";60320
1913;"Pfälzer Straße";"";"";"";"";"";"6 ";"Unterliederbach";"621";"6.51";"6C";"A7";57;"17";65929
1914;"Pfaffenwiese";"gerade";"2";"";"56";"";"6 ";"Zeilsheim";"611";"6.49";"6B";"A7";56;"17";65931
1914;"Pfaffenwiese";"gerade";"300";"";"320";"";"6 ";"Zeilsheim";"604";"6.49";"6B";"A7";56;"17";65929
1914;"Pfaffenwiese";"gerade";"58";"";"140";"";"6 ";"Zeilsheim";"604";"6.49";"6B";"A7";56;"17";65931
1914;"Pfaffenwiese";"ungerade";"1";"";"103";"";"6 ";"Zeilsheim";"612";"6.50";"6B";"A7";56;"17";65931
1914;"Pfaffenwiese";"ungerade";"111";"";"135";"";"6 ";"Zeilsheim";"604";"6.49";"6B";"A7";56;"17";65931
1914;"Pfaffenwiese";"ungerade";"301";"";"";"";"6 ";"Unterliederbach";"623";"6.51";"6C";"A7";57;"17";65929
1915;"Pfannmüllerstraße";"";"";"";"";"";"7 ";"Hausen";"410";"7.58";" 7";"A4";26;"11";60488
1916;"Pfarrgäßchen";"";"";"";"";"";"10";"Bonames";"491";"10.70";"10";"A2";45;"14";60437
1917;"Pfeiferstraße";"";"";"";"";"";"9 ";"Ginnheim";"441";"9.67";" 9";"A2";38;"12";60431
1918;"Pferdskopfweg";"";"";"";"";"";"6 ";"Zeilsheim";"612";"6.50";"6B";"A7";56;"17";65931
1919;"Pfingstbornstraße";"";"";"";"";"";"6 ";"Sindlingen";"601";"6.47";"6B";"A7";55;"17";65931
1920;"Pfingstbrunnenstraße";"";"";"";"";"";"2 ";"Bockenheim";"342";"2.14";" 2";"A4";10;"13";60486
1921;"Pfingstweidstraße";"";"";"";"";"";"4 ";"Ostend";"140";"4.26";" 4";"A1";6;"5";60316
1922;"Pflugspfad";"";"";"";"";"";"6 ";"Zeilsheim";"612";"6.50";"6B";"A7";56;"17";65931
1923;"Pflugstraße";"";"";"";"";"";"9 ";"Ginnheim";"441";"9.67";" 9";"A2";38;"12";60431
1924;"Pfortengartenweg";"";"";"";"";"";"6 ";"Zeilsheim";"612";"6.50";"6B";"A7";56;"17";65931
1925;"Pfortenstraße";"gerade";"4";"";"44";"";"11";"Fechenheim";"520";"11.78";"11";"A1";49;"18";60386
1925;"Pfortenstraße";"gerade";"72";"";"";"";"11";"Fechenheim";"510";"11.77";"11";"A1";48;"18";60386
1925;"Pfortenstraße";"ungerade";"";"";"";"";"11";"Fechenheim";"520";"11.78";"11";"A1";49;"18";60386
1926;"Pforzheimer Straße";"";"";"";"";"";"1 ";"Gutleutviertel";"151";"1.04";" 1";"A3";2;"4";60329
1927;"Pfungststraße";"";"";"";"";"";"4 ";"Ostend";"251";"4.25";" 4";"A1";16;"5";60314
1928;"Philipp-Fleck-Straße";"";"";"";"";"";"2 ";"Bockenheim";"163";"2.15";" 2";"A4";10;"13";60486
1929;"Philipp-Reis-Straße";"";"";"";"";"";"2 ";"Bockenheim";"163";"2.15";" 2";"A4";10;"13";60486
1930;"Philippsruher Straße";"gerade";"";"";"";"";"4 ";"Ostend";"251";"4.25";" 4";"A1";16;"5";60314
1930;"Philippsruher Straße";"ungerade";"";"";"";"";"4 ";"Ostend";"261";"4.27";" 4";"A1";6;"5";60314
1931;"Philosophenweg";"";"";"";"";"";"6 ";"Unterliederbach";"621";"6.51";"6C";"A7";57;"17";65929
1932;"Platanenstraße";"";"";"";"";"";"6 ";"Griesheim";"552";"6.41";"6A";"A3";52;"16";65933
1933;"Platenstraße";"gerade";"30";"";"46";"";"9 ";"Dornbusch";"442";"9.68";" 9";"B3";38;"12";60320
1933;"Platenstraße";"gerade";"4";"";"6";"";"2 ";"Westend-Nord";"192";"2.09";" 2";"B3";4;"12";60320
1933;"Platenstraße";"gerade";"48";"";"64";"";"9 ";"Dornbusch";"442";"9.68";" 9";"B3";38;"12";60431
1933;"Platenstraße";"gerade";"80";"";"86";"";"9 ";"Ginnheim";"441";"9.67";" 9";"A2";38;"12";60431
1933;"Platenstraße";"ungerade";"1";"";"11";"";"2 ";"Westend-Nord";"192";"2.09";" 2";"B3";4;"12";60320
1933;"Platenstraße";"ungerade";"31";"";"71";"";"9 ";"Dornbusch";"442";"9.68";" 9";"B3";38;"12";60320
1933;"Platenstraße";"ungerade";"73";"";"79";"Z";"9 ";"Dornbusch";"442";"9.68";" 9";"B3";38;"12";60431
1933;"Platenstraße";"ungerade";"99";"";"137";"";"9 ";"Ginnheim";"441";"9.67";" 9";"A2";38;"12";60431
1934;"Platz der Republik";"";"";"";"";"";"2 ";"Westend-Süd";"100";"2.11";" 2";"A4";3;"13";60325
1935;"Plessengasse";"";"";"";"";"";"11";"Fechenheim";"510";"11.77";"11";"A1";48;"18";60386
1936;"Plieningerstraße";"";"";"";"";"";"2 ";"Westend-Nord";"192";"2.09";" 2";"B3";4;"12";60320
1938;"Porthstraße";"";"";"";"";"";"10";"Eckenheim";"461";"10.72";"10";"B3";40;"12";60435
1939;"Porzellanhofstraße";"";"";"";"";"";"1 ";"Innenstadt";"070";"1.01";" 1";"A1";1;"1";60313
1940;"Poststraße";"";"";"";"";"";"1 ";"Gallus";"152";"1.06";" 1";"A3";7;"4";60329
1941;"Prächterstraße";"";"";"";"";"";"9 ";"Ginnheim";"441";"9.67";" 9";"A2";38;"12";60431
1942;"Prämäckerweg";"";"";"";"";"";"10";"Frankfurter Berg";"492";"10.71";"10";"A2";46;"14";60433
1944;"Praunheimer Hohl";"gerade";"";"";"";"";"7 ";"Praunheim";"422";"7.59";" 7";"A4";34;"14";60488
1944;"Praunheimer Hohl";"ungerade";"1";"";"3";"";"7 ";"Praunheim";"423";"7.59";" 7";"A4";34;"14";60488
1944;"Praunheimer Hohl";"ungerade";"9";"";"";"";"7 ";"Praunheim";"422";"7.59";" 7";"A4";34;"14";60488
1945;"Praunheimer Landstraße";"gerade";"114";"";"228";"";"7 ";"Praunheim";"424";"7.60";" 7";"A4";35;"14";60488
1945;"Praunheimer Landstraße";"gerade";"2";"";"78";"";"7 ";"Hausen";"410";"7.58";" 7";"A4";26;"11";60488
1945;"Praunheimer Landstraße";"gerade";"94";"";"112";"";"7 ";"Praunheim";"424";"7.60";" 7";"A4";35;"11";60488
1945;"Praunheimer Landstraße";"ungerade";"115";"";"233";"";"7 ";"Praunheim";"424";"7.60";" 7";"A4";35;"14";60488
1945;"Praunheimer Landstraße";"ungerade";"3";"";"109";"";"7 ";"Hausen";"410";"7.58";" 7";"A4";26;"11";60488
1946;"Praunheimer Weg";"gerade";"134";"";"160";"";"8 ";"Praunheim";"426";"8.62";" 7";"A2";36;"14";60439
1946;"Praunheimer Weg";"gerade";"162";"";"";"";"7 ";"Praunheim";"425";"7.60";" 7";"A4";35;"14";60439
1946;"Praunheimer Weg";"gerade";"2";"";"126";"";"8 ";"Niederursel";"481";"8.63";" 8";"A2";43;"14";60439
1946;"Praunheimer Weg";"ungerade";"1";"";"";"";"8 ";"Niederursel";"481";"8.63";" 8";"A2";43;"14";60439
1946;"Praunheimer Weg";"ungerade";"3";"";"169";"";"8 ";"Niederursel";"482";"8.64";" 8";"A2";44;"14";60439
1947;"Preungesheimer Straße";"";"";"";"";"";"4 ";"Bornheim";"272";"4.22";" 4";"A1";18;"6";60389
1948;"Prießnitzstraße";"";"";"";"";"";"7 ";"Rödelheim";"401";"7.55";" 7";"A4";32;"11";60489
1949;"Prieststraße";"";"";"";"";"";"9 ";"Dornbusch";"463";"9.69";" 9";"B3";41;"12";60320
1950;"Pützerstraße";"";"";"";"";"";"7 ";"Praunheim";"422";"7.59";" 7";"A4";34;"14";60488
1951;"Quäkerplatz";"";"";"";"";"";"1 ";"Gallus";"162";"1.07";" 1";"A3";9;"4";60326
1952;"Querstraße";"";"";"";"";"";"3 ";"Nordend-West";"120";"3.21";" 3";"A1";5;"3";60322
1953;"Quirinsstraße";"";"";"";"";"";"5 ";"Sachsenhausen-Süd";"332";"5.29";"5A";"A6";24;"8";60599
1954;"Raabestraße";"";"";"";"";"";"9 ";"Dornbusch";"442";"9.68";" 9";"B3";38;"12";60431
1955;"Rabenkopfweg";"";"";"";"";"";"6 ";"Zeilsheim";"604";"6.49";"6B";"A7";56;"17";65931
1956;"Radilostraße";"";"";"";"";"";"7 ";"Rödelheim";"402";"7.56";" 7";"A4";33;"11";60489
1957;"Rahmhofstraße";"";"";"";"";"";"1 ";"Innenstadt";"050";"1.02";" 1";"A1";1;"1";60313
1958;"Raiffeisenstraße";"";"";"";"";"";"11";"Riederwald";"262";"11.76";"11";"A1";17;"18";60386
1959;"Raimundstraße";"gerade";"4";"";"72";"";"9 ";"Ginnheim";"441";"9.67";" 9";"A2";38;"12";60431
1959;"Raimundstraße";"gerade";"90";"";"164";"";"9 ";"Dornbusch";"442";"9.68";" 9";"B3";38;"12";60320
1959;"Raimundstraße";"ungerade";"1";"";"45";"";"9 ";"Ginnheim";"441";"9.67";" 9";"A2";38;"12";60431
1959;"Raimundstraße";"ungerade";"101";"";"159";"";"9 ";"Dornbusch";"442";"9.68";" 9";"B3";38;"12";60320
1960;"Ranzengasse";"";"";"";"";"";"6 ";"Sindlingen";"601";"6.47";"6B";"A7";55;"17";65931
1961;"Rappstraße";"";"";"";"";"";"3 ";"Nordend-West";"120";"3.21";" 3";"A1";5;"3";60318
1962;"Rasselweg";"";"";"";"";"";"6 ";"Zeilsheim";"612";"6.50";"6B";"A7";56;"17";65931
1963;"Rat-Beil-Straße";"gerade";"";"";"";"";"3 ";"Nordend-West";"213";"3.17";" 3";"A1";12;"12";60318
1963;"Rat-Beil-Straße";"ungerade";"";"";"";"";"3 ";"Nordend-West";"212";"3.17";" 3";"A1";12;"3";60318
1964;"Rathausgasse";"";"";"";"";"";"11";"Seckbach";"390";"11.75";"11";"A1";31;"6";60389
1965;"Rathenauplatz";"";"";"";"";"";"1 ";"Innenstadt";"050";"1.02";" 1";"A1";1;"1";60313
1966;"Ratsweg";"gerade";"10";"";"";"";"11";"Riederwald";"262";"11.76";"11";"A1";17;"18";60386
1966;"Ratsweg";"gerade";"12";"";"14";"";"4 ";"Bornheim";"281";"4.24";" 4";"A1";19;"6";60386
1967;"Ratswegbrücke";"";"";"";"";"";"4 ";"Ostend";"261";"4.27";" 4";"A1";6;"5";60314
1967;"Ratswegbrücke";"";"";"";"";"";"4 ";"Ostend";"261";"4.27";" 4";"A1";6;"5";60385
1967;"Ratswegbrücke";"";"";"";"";"";"4 ";"Ostend";"261";"4.27";" 4";"A1";6;"5";60386
1968;"Rauenthaler Weg";"";"";"";"";"";"6 ";"Schwanheim";"531";"6.38";"6A";"A6";50;"10";60529
1969;"Raugasse";"";"";"";"";"";"6 ";"Höchst";"591";"6.46";"6C";"A7";54;"17";65929
1970;"Rauschenbachstraße";"";"";"";"";"";"10";"Bonames";"491";"10.70";"10";"A2";45;"14";60437
1971;"Rauschenberger Straße";"gerade";"";"";"";"";"9 ";"Dornbusch";"462";"9.69";" 9";"B3";41;"12";60433
1971;"Rauschenberger Straße";"ungerade";"";"";"";"";"9 ";"Eschersheim";"452";"9.66";" 9";"B3";39;"12";60433
1972;"Ravensteinstraße";"";"";"";"";"";"4 ";"Ostend";"252";"4.25";" 4";"A1";16;"5";60385
1973;"Rebenstraße";"";"";"";"";"";"5 ";"Oberrad";"380";"5.28";"5A";"A6";30;"8";60599
1974;"Rebgärten";"";"";"";"";"";"9 ";"Ginnheim";"441";"9.67";" 9";"A2";38;"12";60431
1975;"Rebhuhnstraße";"";"";"";"";"";"6 ";"Griesheim";"552";"6.41";"6A";"A3";52;"16";65933
1977;"Rebstockpark";"";"";"";"";"";"2 ";"Bockenheim";"163";"2.15";" 2";"A4";10;"13";60486
1978;"Rebstöcker Straße";"gerade";"60";"";"80";"";"1 ";"Gallus";"165";"1.08";" 1";"A3";8;"4";60326
1978;"Rebstöcker Straße";"gerade";"8";"";"20";"";"1 ";"Gallus";"153";"1.05";" 1";"A3";7;"4";60326
1978;"Rebstöcker Straße";"ungerade";"29";"";"39";"";"1 ";"Gallus";"153";"1.05";" 1";"A3";7;"4";60326
1978;"Rebstöcker Straße";"ungerade";"49";"A";"49";"E";"1 ";"Gallus";"154";"1.05";" 1";"A3";8;"4";60326
1978;"Rebstöcker Straße";"ungerade";"55";"";"59";"";"1 ";"Gallus";"153";"1.05";" 1";"A3";7;"4";60326
1978;"Rebstöcker Straße";"ungerade";"61";"";"127";"";"1 ";"Gallus";"165";"1.08";" 1";"A3";8;"4";60326
1979;"Rebstöcker Weg";"";"";"";"";"";"7 ";"Rödelheim";"401";"7.55";" 7";"A4";32;"11";60489
1980;"Rechneigrabenstraße";"";"";"";"";"";"1 ";"Innenstadt";"080";"1.01";" 1";"A1";1;"1";60311
1981;"Rehstraße";"";"";"";"";"";"6 ";"Griesheim";"552";"6.41";"6A";"A3";52;"16";65933
1982;"Reichelstraße";"";"";"";"";"";"9 ";"Ginnheim";"441";"9.67";" 9";"A2";38;"12";60431
1983;"Reichenbacher Weg";"";"";"";"";"";"7 ";"Rödelheim";"401";"7.55";" 7";"A4";32;"11";60489
1984;"Reichsburgstraße";"";"";"";"";"";"7 ";"Rödelheim";"402";"7.56";" 7";"A4";33;"11";60489
1985;"Reichsforststraße";"";"";"";"";"";"5 ";"Niederrad";"372";"5.36";"5B";"A6";28;"10";60528
1986;"Reifenberger Straße";"gerade";"";"";"";"";"7 ";"Rödelheim";"401";"7.55";" 7";"A4";32;"11";60489
1986;"Reifenberger Straße";"ungerade";"11";"";"61";"";"7 ";"Rödelheim";"401";"7.55";" 7";"A4";32;"11";60489
1986;"Reifenberger Straße";"ungerade";"71";"";"75";"";"7 ";"Praunheim";"423";"7.59";" 7";"A4";34;"11";60488
1987;"Reinborner Weg";"";"";"";"";"";"7 ";"Rödelheim";"401";"7.55";" 7";"A4";32;"11";60489
1988;"Reineckstraße";"";"";"";"";"";"1 ";"Altstadt";"010";"1.01";" 1";"A1";1;"1";60313
1989;"Reinganumstraße";"";"";"";"";"";"4 ";"Ostend";"252";"4.25";" 4";"A1";16;"5";60385
1990;"Reinhardstraße";"";"";"";"";"";"9 ";"Dornbusch";"462";"9.69";" 9";"B3";41;"12";60433
1991;"Rembrandtstraße";"";"";"";"";"";"5 ";"Sachsenhausen-Nord";"322";"5.33";"5A";"A6";21;"8";60596
1992;"Rendeler Straße";"gerade";"";"";"";"";"4 ";"Bornheim";"271";"4.23";" 4";"A1";15;"6";60385
1992;"Rendeler Straße";"ungerade";"";"";"";"";"4 ";"Bornheim";"272";"4.22";" 4";"A1";18;"6";60385
1994;"Rennbahnstraße";"gerade";"2";"";"32";"";"5 ";"Niederrad";"371";"5.35";"5B";"A6";28;"10";60528
1994;"Rennbahnstraße";"gerade";"36";"";"74";"";"5 ";"Niederrad";"372";"5.36";"5B";"A6";28;"10";60528
1994;"Rennbahnstraße";"ungerade";"";"";"";"";"5 ";"Sachsenhausen-Süd";"325";"5.34";"5A";"A6";23;"10";60528
1995;"Renneroder Straße";"";"";"";"";"";"6 ";"Sossenheim";"631";"6.53";"6C";"A7";58;"17";65936
1997;"Rennsteig";"";"";"";"";"";"6 ";"Unterliederbach";"621";"6.51";"6C";"A7";57;"17";65929
1998;"Rethelstraße";"";"";"";"";"";"5 ";"Sachsenhausen-Nord";"322";"5.33";"5A";"A6";21;"8";60596
1999;"Reuterweg";"gerade";"16";"";"68";"";"2 ";"Westend-Süd";"110";"2.10";" 2";"A4";4;"3";60323
1999;"Reuterweg";"gerade";"74";"";"104";"";"2 ";"Westend-Nord";"191";"2.09";" 2";"B3";4;"3";60323
1999;"Reuterweg";"ungerade";"47";"";"69";"";"2 ";"Westend-Süd";"180";"2.10";" 2";"A4";4;"3";60323
1999;"Reuterweg";"ungerade";"71";"";"91";"";"2 ";"Westend-Nord";"191";"2.09";" 2";"B3";4;"3";60323
2000;"Reversbrunnenweg";"";"";"";"";"";"5 ";"Sachsenhausen-Süd";"332";"5.29";"5A";"A6";24;"8";60599
2001;"Rhaban-Fröhlich-Straße";"gerade";"";"";"";"";"9 ";"Eschersheim";"452";"9.66";" 9";"B3";39;"12";60433
2001;"Rhaban-Fröhlich-Straße";"ungerade";"";"";"";"";"9 ";"Eschersheim";"451";"9.65";" 9";"B3";39;"12";60433
2002;"Rheinlandstraße";"gerade";"";"";"";"";"6 ";"Schwanheim";"531";"6.38";"6A";"A6";50;"10";60529
2002;"Rheinlandstraße";"ungerade";"131";"";"133";"";"6 ";"Schwanheim";"531";"6.38";"6A";"A6";50;"10";60529
2002;"Rheinlandstraße";"ungerade";"3";"";"53";"";"6 ";"Schwanheim";"532";"6.37";"6A";"A6";51;"10";60529
2003;"Rheinstraße";"gerade";"16";"A";"24";"";"2 ";"Westend-Süd";"170";"2.11";" 2";"A4";3;"13";60325
2003;"Rheinstraße";"gerade";"4";"";"16";"";"2 ";"Westend-Süd";"100";"2.11";" 2";"A4";3;"13";60325
2003;"Rheinstraße";"ungerade";"1";"";"15";"";"2 ";"Westend-Süd";"100";"2.11";" 2";"A4";3;"13";60325
2003;"Rheinstraße";"ungerade";"17";"";"31";"";"2 ";"Westend-Süd";"170";"2.11";" 2";"A4";3;"13";60325
2004;"Rhönstraße";"gerade";"2";"";"44";"";"4 ";"Ostend";"251";"4.25";" 4";"A1";16;"5";60316
2004;"Rhönstraße";"gerade";"62";"";"98";"";"4 ";"Ostend";"252";"4.25";" 4";"A1";16;"5";60385
2004;"Rhönstraße";"ungerade";"51";"";"55";"";"4 ";"Ostend";"251";"4.25";" 4";"A1";16;"5";60316
2004;"Rhönstraße";"ungerade";"77";"";"139";"";"4 ";"Ostend";"252";"4.25";" 4";"A1";16;"5";60385
2005;"Rhonestraße";"";"";"";"";"";"5 ";"Niederrad";"373";"5.36";"5B";"A6";29;"10";60528
2006;"Ricarda-Huch-Straße";"gerade";"2";"";"6";"";"9 ";"Dornbusch";"442";"9.68";" 9";"B3";38;"12";60431
2006;"Ricarda-Huch-Straße";"gerade";"8";"";"24";"";"9 ";"Ginnheim";"441";"9.67";" 9";"A2";38;"12";60431
2006;"Ricarda-Huch-Straße";"ungerade";"";"";"";"";"9 ";"Ginnheim";"441";"9.67";" 9";"A2";38;"12";60431
2007;"Richard-Biringer-Weg";"";"";"";"";"";"6 ";"Unterliederbach";"621";"6.51";"6C";"A7";57;"17";65929
2008;"Richard-Strauss-Allee";"";"";"";"";"";"5 ";"Sachsenhausen-Süd";"325";"5.34";"5A";"A6";23;"10";60598
2009;"Richard-Wagner-Straße";"";"";"";"";"";"3 ";"Nordend-West";"212";"3.17";" 3";"A1";12;"3";60318
2010;"Richard-Weidlich-Platz";"";"";"";"";"";"6 ";"Sindlingen";"602";"6.48";"6B";"A7";55;"17";65931
2011;"Riederhofstraße";"";"";"";"";"";"4 ";"Ostend";"261";"4.27";" 4";"A1";6;"5";60314
2012;"Riederspießstraße";"";"";"";"";"";"11";"Riederwald";"262";"11.76";"11";"A1";17;"18";60386
2014;"Riedhofweg";"";"";"";"";"";"5 ";"Sachsenhausen-Nord";"322";"5.33";"5A";"A6";21;"8";60596
2015;"Riedrain";"";"";"";"";"";"6 ";"Sossenheim";"632";"6.54";"6C";"A7";58;"17";65936
2016;"Sossenheimer Riedstraße";"";"";"";"";"";"6 ";"Sossenheim";"632";"6.54";"6C";"A7";58;"17";65936
2017;"Ringelstraße";"gerade";"2";"";"34";"";"4 ";"Bornheim";"282";"4.24";" 4";"A1";19;"5";60385
2017;"Ringelstraße";"gerade";"40";"";"54";"";"4 ";"Bornheim";"281";"4.24";" 4";"A1";19;"6";60385
2017;"Ringelstraße";"ungerade";"1";"";"23";"";"4 ";"Bornheim";"282";"4.24";" 4";"A1";19;"5";60385
2017;"Ringelstraße";"ungerade";"41";"";"57";"";"4 ";"Bornheim";"281";"4.24";" 4";"A1";19;"6";60385
2018;"Risselsteinweg";"";"";"";"";"";"6 ";"Zeilsheim";"604";"6.49";"6B";"A7";56;"17";65931
2019;"Robert-Blum-Straße";"";"";"";"";"";"4 ";"Ostend";"252";"4.25";" 4";"A1";16;"5";60385
2020;"Robert-Bosch-Straße";"";"";"";"";"";"11";"Fechenheim";"520";"11.78";"11";"A1";49;"18";60386
2021;"Robert-Bunsen-Straße";"";"";"";"";"";"6 ";"Höchst";"580";"6.45";"6C";"A7";54;"17";65929
2022;"Robert-Mayer-Straße";"gerade";"18";"";"58";"";"2 ";"Bockenheim";"341";"2.13";" 2";"A4";25;"13";60486
2022;"Robert-Mayer-Straße";"gerade";"2";"";"10";"";"2 ";"Westend-Süd";"170";"2.11";" 2";"A4";3;"13";60325
2022;"Robert-Mayer-Straße";"ungerade";"11";"";"15";"";"2 ";"Westend-Süd";"170";"2.11";" 2";"A4";3;"13";60325
2022;"Robert-Mayer-Straße";"ungerade";"17";"";"63";"";"2 ";"Bockenheim";"341";"2.13";" 2";"A4";25;"13";60486
2023;"Rodbertusstraße";"";"";"";"";"";"11";"Riederwald";"262";"11.76";"11";"A1";17;"18";60386
2024;"Rodheimer Straße";"";"";"";"";"";"4 ";"Bornheim";"271";"4.23";" 4";"A1";15;"6";60385
2025;"Rödelheimer Bahnweg";"";"";"";"";"";"7 ";"Rödelheim";"402";"7.56";" 7";"A4";33;"11";60489
2026;"Rödelheimer Landstraße";"gerade";"146";"";"208";"";"7 ";"Rödelheim";"401";"7.55";" 7";"A4";32;"11";60489
2026;"Rödelheimer Landstraße";"gerade";"4";"";"134";"";"7 ";"Bockenheim";"343";"7.57";" 2";"A4";26;"11";60487
2026;"Rödelheimer Landstraße";"ungerade";"1";"";"7";"A";"7 ";"Bockenheim";"343";"7.57";" 2";"A4";26;"11";60487
2026;"Rödelheimer Landstraße";"ungerade";"13";"";"13";"B";"7 ";"Bockenheim";"343";"7.57";" 2";"A4";26;"11";60487
2026;"Rödelheimer Landstraße";"ungerade";"15";"";"17";"A";"7 ";"Bockenheim";"343";"7.57";" 2";"A4";26;"11";60486
2026;"Rödelheimer Landstraße";"ungerade";"19";"";"85";"";"7 ";"Bockenheim";"343";"7.57";" 2";"A4";26;"11";60487
2026;"Rödelheimer Landstraße";"ungerade";"9";"";"11";"A";"7 ";"Bockenheim";"343";"7.57";" 2";"A4";26;"11";60486
2026;"Rödelheimer Landstraße";"ungerade";"93";"";"149";"";"7 ";"Rödelheim";"401";"7.55";" 7";"A4";32;"11";60489
2027;"Rödelheimer Parkweg";"";"";"";"";"";"7 ";"Rödelheim";"401";"7.55";" 7";"A4";32;"11";60489
2028;"Rödelheimer Straße";"gerade";"2";"";"14";"";"2 ";"Bockenheim";"362";"2.12";" 2";"A4";27;"13";60487
2028;"Rödelheimer Straße";"gerade";"32";"";"38";"";"2 ";"Bockenheim";"350";"2.13";" 2";"A4";25;"13";60487
2028;"Rödelheimer Straße";"ungerade";"";"";"";"";"2 ";"Bockenheim";"350";"2.13";" 2";"A4";25;"13";60487
2029;"Röderbergweg";"gerade";"104";"";"270";"";"4 ";"Ostend";"252";"4.25";" 4";"A1";16;"5";60385
2029;"Röderbergweg";"gerade";"4";"";"44";"";"4 ";"Ostend";"261";"4.27";" 4";"A1";6;"5";60314
2029;"Röderbergweg";"gerade";"60";"";"96";"";"4 ";"Ostend";"251";"4.25";" 4";"A1";16;"5";60314
2029;"Röderbergweg";"ungerade";"121";"";"259";"";"4 ";"Ostend";"252";"4.25";" 4";"A1";16;"5";60385
2029;"Röderbergweg";"ungerade";"9";"";"91";"";"4 ";"Ostend";"251";"4.25";" 4";"A1";16;"5";60314
2030;"Röderichstraße";"";"";"";"";"";"7 ";"Rödelheim";"402";"7.56";" 7";"A4";33;"11";60489
2031;"Römerberg";"";"";"";"";"";"1 ";"Altstadt";"010";"1.01";" 1";"A1";1;"1";60311
2032;"Roggengasse";"";"";"";"";"";"6 ";"Unterliederbach";"621";"6.51";"6C";"A7";57;"17";65929
2033;"Rohlederstraße";"";"";"";"";"";"10";"Eckenheim";"461";"10.72";"10";"B3";40;"12";60435
2034;"Rohmerplatz";"";"";"";"";"";"2 ";"Bockenheim";"350";"2.13";" 2";"A4";25;"13";60486
2035;"Rohmerstraße";"";"";"";"";"";"2 ";"Bockenheim";"350";"2.13";" 2";"A4";25;"13";60486
2036;"Rohrbachstraße";"gerade";"4";"";"44";"";"3 ";"Nordend-Ost";"222";"3.18";" 3";"A1";13;"6";60389
2036;"Rohrbachstraße";"gerade";"48";"";"68";"";"3 ";"Nordend-Ost";"221";"3.19";" 3";"A1";13;"3";60389
2036;"Rohrbachstraße";"ungerade";"3";"";"37";"";"3 ";"Nordend-Ost";"222";"3.18";" 3";"A1";13;"6";60389
2036;"Rohrbachstraße";"ungerade";"41";"";"59";"";"3 ";"Nordend-Ost";"221";"3.19";" 3";"A1";13;"3";60389
2037;"Rombergstraße";"";"";"";"";"";"6 ";"Zeilsheim";"612";"6.50";"6B";"A7";56;"17";65931
2038;"Romroder Straße";"";"";"";"";"";"11";"Seckbach";"390";"11.75";"11";"A1";31;"6";60389
2039;"Ronneburgstraße";"gerade";"12";"";"40";"";"10";"Eckenheim";"461";"10.72";"10";"B3";40;"12";60435
2039;"Ronneburgstraße";"gerade";"2";"";"8";"";"10";"Preungesheim";"470";"10.73";"10";"B3";42;"12";60435
2039;"Ronneburgstraße";"ungerade";"";"";"";"";"10";"Eckenheim";"461";"10.72";"10";"B3";40;"12";60435
2040;"Roscherstraße";"";"";"";"";"";"11";"Riederwald";"262";"11.76";"11";"A1";17;"18";60386
2041;"Roseggerstraße";"";"";"";"";"";"9 ";"Dornbusch";"442";"9.68";" 9";"B3";38;"12";60320
2042;"Rosenbergerstraße";"";"";"";"";"";"1 ";"Innenstadt";"060";"1.02";" 1";"A1";1;"1";60313
2043;"Roßbachstraße";"";"";"";"";"";"7 ";"Hausen";"410";"7.58";" 7";"A4";26;"11";60488
2044;"Roßdorfer Straße";"";"";"";"";"";"4 ";"Bornheim";"282";"4.24";" 4";"A1";19;"5";60385
2045;"Rossertstraße";"";"";"";"";"";"2 ";"Westend-Süd";"180";"2.10";" 2";"A4";4;"3";60323
2046;"Rossittener Straße";"";"";"";"";"";"7 ";"Bockenheim";"343";"7.57";" 2";"A4";26;"11";60487
2047;"Roßkopfstraße";"";"";"";"";"";"8 ";"Niederursel";"481";"8.63";" 8";"A2";43;"14";60439
2048;"Roßmarkt";"gerade";"10";"";"12";"";"1 ";"Innenstadt";"050";"1.02";" 1";"A1";1;"1";60311
2048;"Roßmarkt";"gerade";"12";"A";"";"";"1 ";"Innenstadt";"040";"1.03";" 1";"A1";1;"1";60311
2048;"Roßmarkt";"gerade";"14";"";"";"";"1 ";"Innenstadt";"050";"1.02";" 1";"A1";1;"1";60311
2048;"Roßmarkt";"gerade";"18";"";"";"";"1 ";"Innenstadt";"040";"1.03";" 1";"A1";1;"1";60311
2048;"Roßmarkt";"ungerade";"";"";"";"";"1 ";"Innenstadt";"040";"1.03";" 1";"A1";1;"1";60311
2049;"Rostocker Straße";"";"";"";"";"";"2 ";"Westend-Nord";"191";"2.09";" 2";"B3";4;"3";60323
2050;"Rotdornweg";"";"";"";"";"";"10";"Frankfurter Berg";"492";"10.71";"10";"A2";46;"14";60433
2051;"Rote-Kreuz-Weg";"";"";"";"";"";"5 ";"Sachsenhausen-Süd";"332";"5.29";"5A";"A6";24;"8";60599
2052;"Heinz-Herbert-Karry-Straße";"";"";"";"";"";"11";"Seckbach";"390";"11.75";"11";"A1";31;"6";60389
2054;"Roter Weg";"";"";"";"";"";"6 ";"Sindlingen";"601";"6.47";"6B";"A7";55;"17";65931
2055;"Rothschildallee";"gerade";"4";"";"";"";"3 ";"Nordend-Ost";"222";"3.18";" 3";"A1";13;"6";60389
2055;"Rothschildallee";"gerade";"6";"";"52";"";"3 ";"Nordend-Ost";"222";"3.18";" 3";"A1";13;"3";60389
2055;"Rothschildallee";"ungerade";"";"";"";"";"3 ";"Nordend-Ost";"221";"3.19";" 3";"A1";13;"3";60389
2056;"Rotkehlchenweg";"";"";"";"";"";"6 ";"Unterliederbach";"621";"6.51";"6C";"A7";57;"17";65929
2057;"Rotlintstraße";"gerade";"4";"";"76";"";"3 ";"Nordend-Ost";"221";"3.19";" 3";"A1";13;"3";60316
2057;"Rotlintstraße";"gerade";"80";"";"128";"";"3 ";"Nordend-Ost";"222";"3.18";" 3";"A1";13;"6";60389
2057;"Rotlintstraße";"ungerade";"3";"";"57";"";"3 ";"Nordend-Ost";"221";"3.19";" 3";"A1";13;"3";60316
2057;"Rotlintstraße";"ungerade";"65";"";"119";"";"3 ";"Nordend-Ost";"222";"3.18";" 3";"A1";13;"6";60389
2058;"Rotteckstraße";"";"";"";"";"";"3 ";"Nordend-Ost";"130";"3.20";" 3";"A1";5;"3";60316
2060;"Rottweiler Straße";"";"";"";"";"";"1 ";"Gutleutviertel";"151";"1.04";" 1";"A3";2;"4";60327
2061;"Rubensstraße";"";"";"";"";"";"5 ";"Sachsenhausen-Nord";"322";"5.33";"5A";"A6";21;"8";60596
2062;"Rudolf-Hilferding-Straße";"";"";"";"";"";"8 ";"Niederursel";"482";"8.64";" 8";"A2";44;"14";60439
2063;"Rudolf-Presber-Straße";"";"";"";"";"";"9 ";"Dornbusch";"442";"9.68";" 9";"B3";38;"12";60431
2064;"Rudolfstraße";"";"";"";"";"";"1 ";"Gallus";"152";"1.06";" 1";"A3";7;"4";60327
2065;"Rückertstraße";"";"";"";"";"";"4 ";"Ostend";"140";"4.26";" 4";"A1";6;"5";60314
2066;"Rühlstraße";"";"";"";"";"";"9 ";"Eschersheim";"452";"9.66";" 9";"B3";39;"12";60433
2067;"Rümelinstraße";"";"";"";"";"";"11";"Riederwald";"262";"11.76";"11";"A1";17;"18";60386
2068;"Rüsselsheimer Straße";"";"";"";"";"";"1 ";"Gallus";"164";"1.08";" 1";"A3";8;"16";60326
2069;"Rüsterstraße";"";"";"";"";"";"2 ";"Westend-Süd";"100";"2.11";" 2";"A4";3;"13";60325
2071;"Rugierstraße";"";"";"";"";"";"6 ";"Unterliederbach";"622";"6.52";"6C";"A7";57;"17";65929
2074;"Runkeler Straße";"";"";"";"";"";"10";"Eckenheim";"461";"10.72";"10";"B3";40;"12";60435
2075;"Ruppertshainer Straße";"";"";"";"";"";"1 ";"Gallus";"165";"1.08";" 1";"A3";8;"4";60326
2076;"Ruprechtstraße";"";"";"";"";"";"4 ";"Bornheim";"282";"4.24";" 4";"A1";19;"5";60385
2077;"Saalburgallee";"gerade";"";"";"";"";"4 ";"Bornheim";"282";"4.24";" 4";"A1";19;"5";60385
2077;"Saalburgallee";"ungerade";"1";"";"37";"";"4 ";"Bornheim";"281";"4.24";" 4";"A1";19;"5";60385
2077;"Saalburgallee";"ungerade";"39";"";"41";"";"4 ";"Bornheim";"281";"4.24";" 4";"A1";19;"6";60385
2078;"Saalburgstraße";"gerade";"2";"";"20";"";"4 ";"Bornheim";"281";"4.24";" 4";"A1";19;"5";60385
2078;"Saalburgstraße";"gerade";"22";"";"54";"";"4 ";"Bornheim";"271";"4.23";" 4";"A1";15;"6";60385
2078;"Saalburgstraße";"ungerade";"1";"";"19";"";"4 ";"Bornheim";"282";"4.24";" 4";"A1";19;"5";60385
2078;"Saalburgstraße";"ungerade";"29";"";"77";"";"4 ";"Bornheim";"271";"4.23";" 4";"A1";15;"6";60385
2079;"Saalfelder Straße";"";"";"";"";"";"6 ";"Zeilsheim";"611";"6.49";"6B";"A7";56;"17";65931
2080;"Saalgasse";"";"";"";"";"";"1 ";"Altstadt";"010";"1.01";" 1";"A1";1;"1";60311
2081;"Saarbrücker Straße";"";"";"";"";"";"6 ";"Schwanheim";"531";"6.38";"6A";"A6";50;"10";60529
2082;"Sachsenhäuser Landwehrweg";"gerade";"208";"";"300";"";"5 ";"Sachsenhausen-Süd";"323";"5.30";"5A";"A6";22;"8";60598
2082;"Sachsenhäuser Landwehrweg";"gerade";"56";"";"126";"";"5 ";"Sachsenhausen-Süd";"332";"5.29";"5A";"A6";24;"8";60599
2082;"Sachsenhäuser Landwehrweg";"ungerade";"195";"";"311";"";"5 ";"Sachsenhausen-Süd";"323";"5.30";"5A";"A6";22;"8";60598
2082;"Sachsenhäuser Landwehrweg";"ungerade";"359";"";"385";"";"5 ";"Sachsenhausen-Süd";"326";"5.34";"5A";"A6";23;"8";60598
2082;"Sachsenhäuser Landwehrweg";"ungerade";"39";"";"191";"";"5 ";"Sachsenhausen-Süd";"332";"5.29";"5A";"A6";24;"8";60599
2083;"Sachsenhäuser Ufer (Museumsufer)";"";"";"";"";"";"5 ";"Sachsenhausen-Nord";"300";"5.31";"5A";"A6";20;"8";60594
2085;"Salmünsterer Straße";"";"";"";"";"";"11";"Fechenheim";"510";"11.77";"11";"A1";48;"18";60386
2086;"Salzschlirfer Straße";"";"";"";"";"";"11";"Fechenheim";"510";"11.77";"11";"A1";48;"18";60386
2087;"Sandäckerstraße";"";"";"";"";"";"6 ";"Griesheim";"552";"6.41";"6A";"A3";52;"16";65933
2088;"Am Sandberg";"";"";"";"";"";"5 ";"Sachsenhausen-Süd";"332";"5.29";"5A";"A6";24;"8";60599
2091;"Sandgasse";"";"";"";"";"";"1 ";"Altstadt";"010";"1.01";" 1";"A1";1;"1";60311
2092;"Sandhöfer Allee";"";"";"";"";"";"5 ";"Niederrad";"371";"5.35";"5B";"A6";28;"10";60528
2095;"Sandhofstraße";"";"";"";"";"";"5 ";"Niederrad";"371";"5.35";"5B";"A6";28;"10";60528
2096;"Sandplackenstraße";"gerade";"";"";"";"";"7 ";"Praunheim";"425";"7.60";" 7";"A4";35;"14";60488
2096;"Sandplackenstraße";"ungerade";"";"";"";"";"7 ";"Praunheim";"422";"7.59";" 7";"A4";34;"14";60488
2097;"Sandweg";"gerade";"2";"";"56";"";"4 ";"Ostend";"140";"4.26";" 4";"A1";6;"5";60316
2097;"Sandweg";"gerade";"60";"";"116";"";"4 ";"Ostend";"251";"4.25";" 4";"A1";16;"5";60316
2097;"Sandweg";"ungerade";"1";"";"57";"";"3 ";"Nordend-Ost";"130";"3.20";" 3";"A1";14;"5";60316
2097;"Sandweg";"ungerade";"59";"";"149";"";"3 ";"Nordend-Ost";"230";"3.20";" 3";"A1";14;"5";60316
2098;"Sauerackerweg";"";"";"";"";"";"6 ";"Schwanheim";"532";"6.37";"6A";"A6";51;"10";60529
2099;"Sauerstraße";"";"";"";"";"";"6 ";"Nied";"561";"6.42";"6A";"A7";53;"16";65934
2100;"Savignystraße";"gerade";"";"";"";"";"2 ";"Westend-Süd";"100";"2.11";" 2";"A4";3;"13";60325
2100;"Savignystraße";"ungerade";"71";"";"77";"";"2 ";"Westend-Süd";"170";"2.11";" 2";"A4";3;"13";60325
2100;"Savignystraße";"ungerade";"9";"";"67";"";"2 ";"Westend-Süd";"100";"2.11";" 2";"A4";3;"13";60325
2101;"Schadowstraße";"";"";"";"";"";"5 ";"Sachsenhausen-Nord";"321";"5.32";"5A";"A6";21;"8";60596
2102;"Schäfergasse";"";"";"";"";"";"1 ";"Innenstadt";"060";"1.02";" 1";"A1";1;"1";60313
2103;"Schäfers Gärten";"";"";"";"";"";"9 ";"Ginnheim";"441";"9.67";" 9";"A2";38;"12";60431
2104;"Schäfflestraße";"";"";"";"";"";"11";"Riederwald";"262";"11.76";"11";"A1";17;"18";60386
2105;"Schärfengäßchen";"";"";"";"";"";"1 ";"Altstadt";"010";"1.01";" 1";"A1";1;"1";60311
2106;"Schafheckstraße";"";"";"";"";"";"5 ";"Oberrad";"380";"5.28";"5A";"A6";30;"8";60599
2107;"Schalkwiesenweg";"";"";"";"";"";"7 ";"Praunheim";"424";"7.60";" 7";"A4";35;"14";60488
2108;"Schaubstraße";"";"";"";"";"";"5 ";"Sachsenhausen-Nord";"322";"5.33";"5A";"A6";21;"8";60596
2109;"Schaumainkai (Museumsufer)";"gerade";"";"";"";"";"5 ";"Sachsenhausen-Nord";"322";"5.33";"5A";"A6";21;"8";60596
2109;"Schaumainkai (Museumsufer)";"ungerade";"1";"";"7";"";"5 ";"Sachsenhausen-Nord";"300";"5.31";"5A";"A6";20;"8";60594
2109;"Schaumainkai (Museumsufer)";"ungerade";"13";"";"39";"";"5 ";"Sachsenhausen-Nord";"324";"5.32";"5A";"A6";21;"8";60594
2109;"Schaumainkai (Museumsufer)";"ungerade";"41";"";"63";"";"5 ";"Sachsenhausen-Nord";"321";"5.32";"5A";"A6";21;"8";60596
2109;"Schaumainkai (Museumsufer)";"ungerade";"65";"";"103";"";"5 ";"Sachsenhausen-Nord";"322";"5.33";"5A";"A6";21;"8";60596
2110;"Schaumburger Straße";"";"";"";"";"";"6 ";"Sossenheim";"631";"6.53";"6C";"A7";58;"17";65936
2111;"Scheerengasse";"";"";"";"";"";"5 ";"Oberrad";"380";"5.28";"5A";"A6";30;"8";60599
2112;"Scheffelstraße";"gerade";"2";"";"28";"";"3 ";"Nordend-West";"120";"3.21";" 3";"A1";5;"3";60318
2112;"Scheffelstraße";"gerade";"30";"";"32";"";"3 ";"Nordend-Ost";"130";"3.20";" 3";"A1";5;"3";60318
2112;"Scheffelstraße";"ungerade";"";"";"";"";"3 ";"Nordend-West";"120";"3.21";" 3";"A1";5;"3";60318
2113;"Scheidstraße";"";"";"";"";"";"9 ";"Dornbusch";"463";"9.69";" 9";"B3";41;"12";60320
2114;"Scheidswaldstraße";"";"";"";"";"";"4 ";"Ostend";"252";"4.25";" 4";"A1";16;"5";60385
2115;"Schellenbergstraße";"";"";"";"";"";"6 ";"Sossenheim";"632";"6.54";"6C";"A7";58;"17";65936
2116;"Schellgasse";"";"";"";"";"";"5 ";"Sachsenhausen-Nord";"300";"5.31";"5A";"A6";20;"8";60594
2117;"Schellingstraße";"";"";"";"";"";"3 ";"Nordend-Ost";"230";"3.20";" 3";"A1";14;"3";60316
2118;"Schenckstraße";"";"";"";"";"";"7 ";"Rödelheim";"401";"7.55";" 7";"A4";32;"11";60489
2119;"Schenkendorfstraße";"";"";"";"";"";"9 ";"Eschersheim";"452";"9.66";" 9";"B3";39;"12";60431
2120;"Scherbiusstraße";"";"";"";"";"";"2 ";"Bockenheim";"163";"2.15";" 2";"A4";10;"13";60486
2121;"Schichaustraße";"";"";"";"";"";"4 ";"Ostend";"261";"4.27";" 4";"A1";6;"5";60314
2122;"Schielestraße";"";"";"";"";"";"4 ";"Ostend";"261";"4.27";" 4";"A1";6;"5";60314
2123;"Schießhüttenstraße";"";"";"";"";"";"11";"Fechenheim";"520";"11.78";"11";"A1";49;"18";60386
2125;"Schifferstraße";"gerade";"";"";"";"";"5 ";"Sachsenhausen-Nord";"300";"5.31";"5A";"A6";20;"8";60594
2125;"Schifferstraße";"ungerade";"";"";"";"";"5 ";"Sachsenhausen-Nord";"324";"5.32";"5A";"A6";21;"8";60594
2127;"Schillerstraße";"";"";"";"";"";"1 ";"Innenstadt";"050";"1.02";" 1";"A1";1;"1";60313
2129;"Schlehenweg";"";"";"";"";"";"10";"Frankfurter Berg";"492";"10.71";"10";"A2";46;"14";60433
2130;"Schleidenstraße";"";"";"";"";"";"3 ";"Nordend-West";"120";"3.21";" 3";"A1";5;"3";60318
2131;"Schleiermacherstraße";"";"";"";"";"";"3 ";"Nordend-Ost";"230";"3.20";" 3";"A1";14;"3";60316
2132;"Schleifergasse";"";"";"";"";"";"6 ";"Höchst";"591";"6.46";"6C";"A7";54;"17";65929
2133;"Schleswiger Straße";"";"";"";"";"";"10";"Eckenheim";"461";"10.72";"10";"B3";40;"12";60435
2134;"Schlettweinstraße";"";"";"";"";"";"11";"Riederwald";"262";"11.76";"11";"A1";17;"18";60386
2135;"Schleusenstraße";"";"";"";"";"";"1 ";"Gutleutviertel";"151";"1.04";" 1";"A3";2;"4";60327
2136;"Schleusenweg";"";"";"";"";"";"5 ";"Niederrad";"371";"5.35";"5B";"A6";28;"10";60528
2137;"Schlickstraße";"";"";"";"";"";"9 ";"Dornbusch";"463";"9.69";" 9";"B3";41;"12";60320
2138;"Schliemannweg";"";"";"";"";"";"10";"Eckenheim";"461";"10.72";"10";"B3";40;"12";60435
2139;"Schliephakestraße";"";"";"";"";"";"6 ";"Nied";"562";"6.43";"6A";"A7";53;"16";65934
2140;"Schlinkenweg";"";"";"";"";"";"3 ";"Nordend-Ost";"222";"3.18";" 3";"A1";13;"6";60389
2141;"Schlitzer Straße";"";"";"";"";"";"11";"Fechenheim";"510";"11.77";"11";"A1";48;"18";60386
2142;"Schloßborner Straße";"";"";"";"";"";"1 ";"Gallus";"165";"1.08";" 1";"A3";8;"4";60326
2143;"Schlosserstraße";"";"";"";"";"";"3 ";"Nordend-West";"203";"3.16";" 3";"B3";11;"3";60322
2144;"Schloßstraße";"gerade";"10";"";"76";"";"2 ";"Bockenheim";"350";"2.13";" 2";"A4";25;"13";60486
2144;"Schloßstraße";"gerade";"78";"";"126";"";"2 ";"Bockenheim";"341";"2.13";" 2";"A4";25;"13";60486
2144;"Schloßstraße";"ungerade";"5";"";"65";"";"2 ";"Bockenheim";"350";"2.13";" 2";"A4";25;"13";60486
2144;"Schloßstraße";"ungerade";"73";"";"129";"";"2 ";"Bockenheim";"341";"2.13";" 2";"A4";25;"13";60486
2146;"Schmalkaldener Straße";"gerade";"";"";"";"";"6 ";"Unterliederbach";"621";"6.51";"6C";"A7";57;"17";65929
2146;"Schmalkaldener Straße";"ungerade";"13";"";"15";"";"6 ";"Unterliederbach";"623";"6.51";"6C";"A7";57;"17";65929
2146;"Schmalkaldener Straße";"ungerade";"19";"";"";"";"6 ";"Zeilsheim";"612";"6.50";"6B";"A7";56;"17";65929
2146;"Schmalkaldener Straße";"ungerade";"7";"";"9";"";"6 ";"Unterliederbach";"621";"6.51";"6C";"A7";57;"17";65929
2147;"Schmickbrücke";"";"";"";"";"";"4 ";"Ostend";"261";"4.27";" 4";"A1";6;"5";60314
2148;"Schmickstraße";"";"";"";"";"";"4 ";"Ostend";"261";"4.27";" 4";"A1";6;"5";60314
2149;"Schmidtbornstraße";"";"";"";"";"";"6 ";"Nied";"561";"6.42";"6A";"A7";53;"16";65934
2150;"Schmidtstraße";"gerade";"16";"";"";"";"1 ";"Gallus";"165";"1.08";" 1";"A3";8;"16";60326
2150;"Schmidtstraße";"gerade";"2";"";"12";"";"1 ";"Gallus";"164";"1.08";" 1";"A3";8;"16";60326
2150;"Schmidtstraße";"ungerade";"71";"";"75";"";"1 ";"Gallus";"165";"1.08";" 1";"A3";8;"16";60326
2150;"Schmidtstraße";"ungerade";"9";"";"69";"";"1 ";"Gallus";"164";"1.08";" 1";"A3";8;"16";60326
2151;"Schmittener Straße";"";"";"";"";"";"7 ";"Rödelheim";"401";"7.55";" 7";"A4";32;"11";60489
2152;"Schnappbornweg";"";"";"";"";"";"5 ";"Sachsenhausen-Süd";"332";"5.29";"5A";"A6";24;"8";60599
2153;"Schneckenhofstraße";"";"";"";"";"";"5 ";"Sachsenhausen-Nord";"321";"5.32";"5A";"A6";21;"8";60596
2154;"Schneiderstraße";"";"";"";"";"";"6 ";"Sindlingen";"601";"6.47";"6B";"A7";55;"17";65931
2155;"Schneidhainer Straße";"gerade";"";"";"";"";"1 ";"Gallus";"162";"1.07";" 1";"A3";9;"4";60326
2155;"Schneidhainer Straße";"ungerade";"";"";"";"";"1 ";"Gallus";"165";"1.08";" 1";"A3";8;"4";60326
2156;"Schneidmühlenweg";"";"";"";"";"";"6 ";"Unterliederbach";"622";"6.52";"6C";"A7";57;"17";65929
2157;"Schneidwallgasse";"";"";"";"";"";"1 ";"Altstadt";"010";"1.01";" 1";"A1";1;"1";60311
2158;"Schnepfenpfad";"";"";"";"";"";"6 ";"Griesheim";"552";"6.41";"6A";"A3";52;"16";65933
2159;"Schöffenstraße";"";"";"";"";"";"6 ";"Griesheim";"541";"6.39";"6A";"A3";52;"16";65933
2160;"Schönberger Weg";"";"";"";"";"";"7 ";"Praunheim";"422";"7.59";" 7";"A4";34;"14";60488
2161;"Schönbornstraße";"";"";"";"";"";"9 ";"Ginnheim";"441";"9.67";" 9";"A2";38;"12";60431
2162;"Schöne Aussicht";"";"";"";"";"";"1 ";"Innenstadt";"080";"1.01";" 1";"A1";1;"1";60311
2163;"Schönhofstraße";"";"";"";"";"";"2 ";"Bockenheim";"350";"2.13";" 2";"A4";25;"13";60487
2164;"Schönstraße";"";"";"";"";"";"1 ";"Gutleutviertel";"151";"1.04";" 1";"A3";2;"4";60327
2165;"Schönwetterstraße";"";"";"";"";"";"9 ";"Dornbusch";"463";"9.69";" 9";"B3";41;"12";60320
2166;"Scholdererweg";"";"";"";"";"";"5 ";"Sachsenhausen-Süd";"332";"5.29";"5A";"A6";24;"8";60599
2167;"Schopenhauerstraße";"";"";"";"";"";"3 ";"Nordend-Ost";"230";"3.20";" 3";"A1";14;"3";60316
2168;"Schottener Straße";"";"";"";"";"";"10";"Eckenheim";"461";"10.72";"10";"B3";40;"12";60435
2169;"Schottensteinstraße";"";"";"";"";"";"5 ";"Niederrad";"372";"5.36";"5B";"A6";28;"10";60528
2170;"Schreinerstraße";"";"";"";"";"";"6 ";"Sindlingen";"601";"6.47";"6B";"A7";55;"17";65931
2171;"Schreyerstraße";"";"";"";"";"";"5 ";"Sachsenhausen-Nord";"322";"5.33";"5A";"A6";21;"8";60596
2172;"Schrimpegasse";"";"";"";"";"";"6 ";"Schwanheim";"531";"6.38";"6A";"A6";50;"10";60529
2173;"Schubertstraße";"";"";"";"";"";"2 ";"Westend-Süd";"170";"2.11";" 2";"A4";3;"13";60325
2174;"Schüttenhelmweg";"";"";"";"";"";"6 ";"Schwanheim";"532";"6.37";"6A";"A6";51;"10";60529
2175;"Schüttgrabenstraße";"";"";"";"";"";"8 ";"Niederursel";"481";"8.63";" 8";"A2";43;"14";60439
2176;"Schützenbleiche";"gerade";"";"";"";"";"6 ";"Höchst";"591";"6.46";"6C";"A7";54;"17";65929
2176;"Schützenbleiche";"ungerade";"";"";"";"";"6 ";"Höchst";"580";"6.45";"6C";"A7";54;"17";65929
2177;"Schützenhüttenweg";"";"";"";"";"";"5 ";"Sachsenhausen-Süd";"323";"5.30";"5A";"A6";22;"8";60598
2178;"Schützenstraße";"";"";"";"";"";"1 ";"Innenstadt";"080";"1.01";" 1";"A1";1;"1";60311
2179;"Schulstraße";"";"";"";"";"";"5 ";"Sachsenhausen-Nord";"300";"5.31";"5A";"A6";20;"8";60594
2180;"Schultheißenweg";"";"";"";"";"";"7 ";"Rödelheim";"402";"7.56";" 7";"A4";33;"11";60489
2181;"Schulze-Delitzsch-Straße";"";"";"";"";"";"11";"Riederwald";"262";"11.76";"11";"A1";17;"18";60386
2182;"Schumannstraße";"";"";"";"";"";"2 ";"Westend-Süd";"170";"2.11";" 2";"A4";3;"13";60325
2183;"Schwabstraße";"";"";"";"";"";"10";"Eckenheim";"461";"10.72";"10";"B3";40;"12";60435
2184;"Schwälmer Straße";"";"";"";"";"";"2 ";"Bockenheim";"350";"2.13";" 2";"A4";25;"13";60486
2185;"Schwagerstraße";"";"";"";"";"";"9 ";"Eschersheim";"452";"9.66";" 9";"B3";39;"12";60431
2186;"Schwalbacher Straße";"gerade";"18";"";"40";"";"1 ";"Gallus";"153";"1.05";" 1";"A3";7;"4";60326
2186;"Schwalbacher Straße";"gerade";"42";"";"100";"";"1 ";"Gallus";"162";"1.07";" 1";"A3";9;"4";60326
2186;"Schwalbacher Straße";"ungerade";"47";"";"71";"";"1 ";"Gallus";"162";"1.07";" 1";"A3";9;"4";60326
2186;"Schwalbacher Straße";"ungerade";"5";"";"27";"";"1 ";"Gallus";"153";"1.05";" 1";"A3";7;"4";60326
2187;"Schwanenhof (Wohnplatz)";"";"";"";"";"";"6 ";"Schwanheim";"531";"6.38";"6A";"A6";50;"10";60529
2188;"Schwanenstraße";"";"";"";"";"";"4 ";"Ostend";"140";"4.26";" 4";"A1";6;"5";60314
2189;"Schwanheimer Bahnstraße";"";"";"";"";"";"6 ";"Schwanheim";"531";"6.38";"6A";"A6";50;"10";60529
2190;"Schwanheimer Brücke";"";"";"";"";"";"6 ";"Schwanheim";"531";"6.38";"6A";"A6";50;"10";60529
2190;"Schwanheimer Brücke";"";"";"";"";"";"6 ";"Nied";"561";"6.42";"6A";"A7";53;"16";65934
2191;"Schwanheimer Straße";"";"";"";"";"";"5 ";"Niederrad";"371";"5.35";"5B";"A6";28;"10";60528
2192;"Schwanheimer Ufer";"gerade";"150";"";"";"";"6 ";"Schwanheim";"532";"6.37";"6A";"A6";51;"10";60529
2192;"Schwanheimer Ufer";"gerade";"300";"";"310";"";"6 ";"Schwanheim";"531";"6.38";"6A";"A6";50;"10";60529
2192;"Schwanheimer Ufer";"ungerade";"";"";"";"";"5 ";"Niederrad";"373";"5.36";"5B";"A6";29;"10";60529
2193;"Schwanthalerstraße";"gerade";"2";"";"22";"";"5 ";"Sachsenhausen-Nord";"324";"5.32";"5A";"A6";21;"8";60594
2193;"Schwanthalerstraße";"gerade";"36";"";"38";"";"5 ";"Sachsenhausen-Nord";"324";"5.32";"5A";"A6";21;"8";60596
2193;"Schwanthalerstraße";"gerade";"40";"";"74";"";"5 ";"Sachsenhausen-Nord";"321";"5.32";"5A";"A6";21;"8";60596
2193;"Schwanthalerstraße";"ungerade";"37";"";"41";"";"5 ";"Sachsenhausen-Nord";"324";"5.32";"5A";"A6";21;"8";60596
2193;"Schwanthalerstraße";"ungerade";"45";"";"73";"";"5 ";"Sachsenhausen-Nord";"321";"5.32";"5A";"A6";21;"8";60596
2193;"Schwanthalerstraße";"ungerade";"5";"";"33";"";"5 ";"Sachsenhausen-Nord";"324";"5.32";"5A";"A6";21;"8";60594
2194;"Schwarzbachstraße";"";"";"";"";"";"6 ";"Schwanheim";"531";"6.38";"6A";"A6";50;"10";60529
2195;"Schwarzburgstraße";"gerade";"74";"";"90";"";"3 ";"Nordend-West";"203";"3.16";" 3";"B3";11;"3";60318
2195;"Schwarzburgstraße";"gerade";"8";"";"70";"";"3 ";"Nordend-West";"212";"3.17";" 3";"A1";12;"3";60318
2195;"Schwarzburgstraße";"ungerade";"1";"";"53";"";"3 ";"Nordend-West";"212";"3.17";" 3";"A1";12;"3";60318
2195;"Schwarzburgstraße";"ungerade";"57";"";"77";"";"3 ";"Nordend-West";"203";"3.16";" 3";"B3";11;"3";60318
2196;"Schwarzerlenweg";"";"";"";"";"";"6 ";"Griesheim";"542";"6.40";"6A";"A3";52;"16";65933
2198;"Schwarzsteinkautweg";"gerade";"";"";"";"";"5 ";"Sachsenhausen-Süd";"326";"5.34";"5A";"A6";23;"8";60598
2198;"Schwarzsteinkautweg";"ungerade";"1";"";"15";"";"5 ";"Sachsenhausen-Süd";"325";"5.34";"5A";"A6";23;"10";60598
2198;"Schwarzsteinkautweg";"ungerade";"17";"";"19";"";"5 ";"Sachsenhausen-Süd";"326";"5.34";"5A";"A6";23;"8";60598
2199;"Schwarzwaldstraße";"gerade";"2";"";"48";"";"5 ";"Niederrad";"371";"5.35";"5B";"A6";28;"10";60528
2199;"Schwarzwaldstraße";"gerade";"56";"";"162";"";"5 ";"Niederrad";"372";"5.36";"5B";"A6";28;"10";60528
2199;"Schwarzwaldstraße";"ungerade";"1";"";"45";"";"5 ";"Niederrad";"371";"5.35";"5B";"A6";28;"10";60528
2199;"Schwarzwaldstraße";"ungerade";"121";"";"155";"";"5 ";"Sachsenhausen-Süd";"325";"5.34";"5A";"A6";23;"10";60528
2199;"Schwarzwaldstraße";"ungerade";"53";"";"85";"";"5 ";"Niederrad";"372";"5.36";"5B";"A6";28;"10";60528
2200;"Schwedenpfad";"";"";"";"";"";"6 ";"Nied";"561";"6.42";"6A";"A7";53;"17";65934
2201;"Schwedlerbrücke";"";"";"";"";"";"4 ";"Ostend";"261";"4.27";" 4";"A1";6;"5";60314
2201;"Schwedlerbrücke";"";"";"";"";"";"4 ";"Ostend";"261";"4.27";" 4";"A1";6;"5";60385
2202;"Schwedlerstraße";"";"";"";"";"";"4 ";"Ostend";"261";"4.27";" 4";"A1";6;"5";60314
2203;"Schweinfurter Weg";"";"";"";"";"";"5 ";"Sachsenhausen-Süd";"332";"5.29";"5A";"A6";24;"8";60599
2204;"Schweizer Platz";"gerade";"";"";"";"";"5 ";"Sachsenhausen-Nord";"321";"5.32";"5A";"A6";21;"8";60594
2204;"Schweizer Platz";"ungerade";"";"";"";"";"5 ";"Sachsenhausen-Nord";"324";"5.32";"5A";"A6";21;"8";60594
2205;"Schweizer Straße";"gerade";"";"";"";"";"5 ";"Sachsenhausen-Nord";"321";"5.32";"5A";"A6";21;"8";60594
2205;"Schweizer Straße";"ungerade";"";"";"";"";"5 ";"Sachsenhausen-Nord";"324";"5.32";"5A";"A6";21;"8";60594
2206;"Schwertmannstraße";"";"";"";"";"";"10";"Bonames";"491";"10.70";"10";"A2";45;"14";60437
2207;"Schwesternstraße";"";"";"";"";"";"6 ";"Sossenheim";"631";"6.53";"6C";"A7";58;"17";65936
2208;"Schwindstraße";"";"";"";"";"";"2 ";"Westend-Süd";"170";"2.11";" 2";"A4";3;"13";60325
2209;"Sebastian-Rinz-Straße";"";"";"";"";"";"2 ";"Westend-Nord";"191";"2.09";" 2";"B3";4;"3";60323
2210;"Seckbacher Landstraße";"";"";"";"";"";"4 ";"Bornheim";"272";"4.22";" 4";"A1";18;"6";60389
2211;"Seckbächer Gasse";"";"";"";"";"";"1 ";"Altstadt";"010";"1.01";" 1";"A1";1;"1";60311
2212;"Sedanstraße";"";"";"";"";"";"11";"Fechenheim";"520";"11.78";"11";"A1";49;"18";60386
2213;"Seebachstraße";"";"";"";"";"";"6 ";"Unterliederbach";"621";"6.51";"6C";"A7";57;"17";65929
2214;"Seegewann";"";"";"";"";"";"7 ";"Rödelheim";"402";"7.56";" 7";"A4";33;"11";60489
2215;"Seeheimer Straße";"";"";"";"";"";"5 ";"Oberrad";"380";"5.28";"5A";"A6";30;"8";60599
2216;"Seehofstraße";"";"";"";"";"";"5 ";"Sachsenhausen-Nord";"331";"5.31";"5A";"A6";20;"8";60594
2217;"Seehofsweg";"";"";"";"";"";"5 ";"Sachsenhausen-Süd";"332";"5.29";"5A";"A6";24;"8";60599
2218;"Seelenberger Straße";"";"";"";"";"";"7 ";"Rödelheim";"401";"7.55";" 7";"A4";32;"11";60489
2219;"Seibertsgasse";"";"";"";"";"";"8 ";"Niederursel";"481";"8.63";" 8";"A2";43;"14";60439
2220;"Seilerbahn";"";"";"";"";"";"6 ";"Höchst";"580";"6.45";"6C";"A7";54;"17";65929
2221;"Seilerstraße";"";"";"";"";"";"1 ";"Innenstadt";"070";"1.01";" 1";"A1";1;"1";60313
2222;"Selma-Lagerlöf-Straße";"";"";"";"";"";"9 ";"Ginnheim";"441";"9.67";" 9";"A2";38;"12";60431
2223;"Senckenberganlage";"";"";"";"";"";"2 ";"Westend-Süd";"170";"2.11";" 2";"A4";3;"13";60325
2224;"Seulberger Straße";"";"";"";"";"";"10";"Bonames";"491";"10.70";"10";"A2";45;"14";60437
2225;"Seumestraße";"";"";"";"";"";"3 ";"Nordend-Ost";"230";"3.20";" 3";"A1";14;"3";60316
2226;"Severusstraße";"gerade";"2";"";"44";"";"8 ";"Heddernheim";"431";"8.61";" 8";"A2";37;"14";60439
2226;"Severusstraße";"gerade";"46";"";"80";"";"8 ";"Heddernheim";"432";"8.62";" 8";"A2";36;"14";60439
2226;"Severusstraße";"ungerade";"1";"";"45";"";"8 ";"Heddernheim";"431";"8.61";" 8";"A2";37;"14";60439
2226;"Severusstraße";"ungerade";"47";"";"99";"";"8 ";"Heddernheim";"432";"8.62";" 8";"A2";36;"14";60439
2227;"Siegener Straße";"gerade";"";"";"";"";"6 ";"Sossenheim";"632";"6.54";"6C";"A7";58;"17";65936
2227;"Siegener Straße";"ungerade";"";"";"";"";"6 ";"Sossenheim";"631";"6.53";"6C";"A7";58;"17";65936
2228;"Siemensstraße";"";"";"";"";"";"5 ";"Sachsenhausen-Nord";"331";"5.31";"5A";"A6";20;"8";60594
2229;"Sieringstraße";"";"";"";"";"";"6 ";"Unterliederbach";"622";"6.52";"6C";"A7";57;"17";65929
2230;"Siesmayerstraße";"gerade";"4";"";"62";"";"2 ";"Westend-Süd";"180";"2.10";" 2";"A4";4;"3";60323
2230;"Siesmayerstraße";"gerade";"66";"";"72";"";"2 ";"Westend-Nord";"191";"2.09";" 2";"B3";4;"3";60323
2230;"Siesmayerstraße";"ungerade";"";"";"";"";"2 ";"Westend-Süd";"180";"2.10";" 2";"A4";4;"3";60323
2231;"Sigmund-Freud-Straße";"";"";"";"";"";"10";"Eckenheim";"461";"10.72";"10";"B3";40;"12";60435
2232;"Silberbornstraße";"";"";"";"";"";"9 ";"Dornbusch";"463";"9.69";" 9";"B3";41;"12";60320
2233;"Silcherstraße";"";"";"";"";"";"6 ";"Schwanheim";"531";"6.38";"6A";"A6";50;"10";60529
2234;"Silostraße";"";"";"";"";"";"6 ";"Unterliederbach";"623";"6.51";"6C";"A7";57;"17";65929
2235;"Simon-Bolivar-Anlage";"";"";"";"";"";"2 ";"Westend-Nord";"191";"2.09";" 2";"B3";4;"3";60323
2236;"Simon-Ochs-Straße";"";"";"";"";"";"10";"Preungesheim";"470";"10.73";"10";"B3";42;"12";60435
2237;"Simsonstraße";"";"";"";"";"";"4 ";"Ostend";"252";"4.25";" 4";"A1";16;"5";60385
2238;"Sindlinger Bahnstraße";"gerade";"12";"";"122";"";"6 ";"Sindlingen";"601";"6.47";"6B";"A7";55;"17";65931
2238;"Sindlinger Bahnstraße";"gerade";"124";"";"176";"";"6 ";"Sindlingen";"602";"6.48";"6B";"A7";55;"17";65931
2238;"Sindlinger Bahnstraße";"ungerade";"1";"";"123";"";"6 ";"Sindlingen";"601";"6.47";"6B";"A7";55;"17";65931
2238;"Sindlinger Bahnstraße";"ungerade";"127";"A";"179";"";"6 ";"Sindlingen";"602";"6.48";"6B";"A7";55;"17";65931
2239;"Sindlinger Mainwasen";"";"";"";"";"";"6 ";"Sindlingen";"601";"6.47";"6B";"A7";55;"17";65931
2240;"Sindlinger Straße";"";"";"";"";"";"1 ";"Gallus";"162";"1.07";" 1";"A3";9;"4";60326
2241;"Sinner Weg";"";"";"";"";"";"8 ";"Heddernheim";"431";"8.61";" 8";"A2";37;"14";60439
2242;"Siolistraße";"";"";"";"";"";"2 ";"Westend-Nord";"191";"2.09";" 2";"B3";4;"3";60323
2243;"Sirenenstraße";"";"";"";"";"";"6 ";"Höchst";"580";"6.45";"6C";"A7";54;"17";65929
2244;"Sodener Straße";"gerade";"";"";"";"";"1 ";"Gallus";"162";"1.07";" 1";"A3";9;"4";60326
2244;"Sodener Straße";"ungerade";"";"";"";"";"1 ";"Gallus";"165";"1.08";" 1";"A3";8;"4";60326
2245;"Sömmerringstraße";"";"";"";"";"";"3 ";"Nordend-West";"201";"3.21";" 3";"B3";11;"3";60322
2246;"Solmspark";"";"";"";"";"";"7 ";"Rödelheim";"401";"7.55";" 7";"A4";32;"11";60489
2247;"Solmsstraße";"";"";"";"";"";"2 ";"Bockenheim";"342";"2.14";" 2";"A4";10;"13";60486
2248;"Sommerhoffpark";"";"";"";"";"";"1 ";"Gutleutviertel";"151";"1.04";" 1";"A3";2;"4";60327
2249;"Sondershausenstraße";"";"";"";"";"";"1 ";"Gallus";"154";"1.05";" 1";"A3";8;"16";60326
2250;"Sonnemannstraße";"gerade";"20";"";"";"";"4 ";"Ostend";"261";"4.27";" 4";"A1";6;"5";60314
2250;"Sonnemannstraße";"gerade";"6";"";"16";"";"4 ";"Ostend";"140";"4.26";" 4";"A1";6;"5";60314
2250;"Sonnemannstraße";"ungerade";"1";"";"51";"";"4 ";"Ostend";"140";"4.26";" 4";"A1";6;"5";60314
2250;"Sonnemannstraße";"ungerade";"53";"";"83";"";"4 ";"Ostend";"261";"4.27";" 4";"A1";6;"5";60314
2251;"Sonnenhof (Wohnplatz)";"";"";"";"";"";"6 ";"Sossenheim";"632";"6.54";"6C";"A7";58;"17";65936
2252;"Sonnenweg";"";"";"";"";"";"6 ";"Schwanheim";"532";"6.37";"6A";"A6";51;"10";60529
2253;"Sontraer Straße";"";"";"";"";"";"11";"Fechenheim";"510";"11.77";"11";"A1";48;"18";60386
2254;"Soonwaldstraße";"";"";"";"";"";"6 ";"Unterliederbach";"621";"6.51";"6C";"A7";57;"17";65929
2255;"Sophienstraße";"gerade";"";"";"";"";"2 ";"Bockenheim";"362";"2.12";" 2";"A4";27;"13";60487
2255;"Sophienstraße";"ungerade";"1";"";"121";"";"2 ";"Bockenheim";"361";"2.12";" 2";"A4";27;"13";60487
2255;"Sophienstraße";"ungerade";"125";"";"131";"";"2 ";"Bockenheim";"362";"2.12";" 2";"A4";27;"13";60487
2256;"Sossenheimer Mühlgasse";"";"";"";"";"";"6 ";"Sossenheim";"631";"6.53";"6C";"A7";58;"17";65936
2257;"Sossenheimer Weg";"gerade";"170";"";"198";"";"6 ";"Sossenheim";"631";"6.53";"6C";"A7";58;"17";65936
2257;"Sossenheimer Weg";"gerade";"2";"";"80";"";"6 ";"Unterliederbach";"622";"6.52";"6C";"A7";57;"17";65929
2257;"Sossenheimer Weg";"gerade";"94";"";"164";"E";"6 ";"Höchst";"570";"6.44";"6C";"A7";54;"17";65929
2257;"Sossenheimer Weg";"ungerade";"3";"";"77";"";"6 ";"Unterliederbach";"622";"6.52";"6C";"A7";57;"17";65929
2257;"Sossenheimer Weg";"ungerade";"99";"";"";"";"6 ";"Sossenheim";"631";"6.53";"6C";"A7";58;"17";65936
2258;"Souchaystraße";"";"";"";"";"";"5 ";"Sachsenhausen-Nord";"324";"5.32";"5A";"A6";21;"8";60594
2259;"Spatzengasse";"";"";"";"";"";"5 ";"Oberrad";"380";"5.28";"5A";"A6";30;"8";60599
2260;"Speckgäßchen";"";"";"";"";"";"5 ";"Oberrad";"380";"5.28";"5A";"A6";30;"8";60599
2261;"Speckgasse";"";"";"";"";"";"5 ";"Oberrad";"380";"5.28";"5A";"A6";30;"8";60599
2262;"Speckweg";"gerade";"";"";"";"";"5 ";"Sachsenhausen-Nord";"331";"5.31";"5A";"A6";20;"8";60599
2262;"Speckweg";"ungerade";"";"";"";"";"5 ";"Oberrad";"380";"5.28";"5A";"A6";30;"8";60599
2263;"Speicherstraße";"";"";"";"";"";"1 ";"Gutleutviertel";"151";"1.04";" 1";"A3";2;"4";60327
2264;"Spenerstraße";"";"";"";"";"";"9 ";"Dornbusch";"462";"9.69";" 9";"B3";41;"12";60320
2265;"Spessartstraße";"";"";"";"";"";"4 ";"Bornheim";"282";"4.24";" 4";"A1";19;"5";60385
2266;"Speyerer Straße";"";"";"";"";"";"1 ";"Gallus";"161";"1.06";" 1";"A3";7;"4";60327
2267;"Spielmannstraße";"";"";"";"";"";"6 ";"Nied";"561";"6.42";"6A";"A7";53;"16";65934
2268;"Spielsgasse";"";"";"";"";"";"8 ";"Niederursel";"481";"8.63";" 8";"A2";43;"14";60439
2269;"Spohrstraße";"gerade";"16";"";"66";"";"3 ";"Nordend-West";"212";"3.17";" 3";"A1";12;"3";60318
2269;"Spohrstraße";"gerade";"2";"";"14";"";"3 ";"Nordend-West";"211";"3.19";" 3";"A1";12;"3";60318
2269;"Spohrstraße";"ungerade";"1";"";"17";"A";"3 ";"Nordend-West";"211";"3.19";" 3";"A1";12;"3";60318
2269;"Spohrstraße";"ungerade";"19";"";"63";"";"3 ";"Nordend-West";"212";"3.17";" 3";"A1";12;"3";60318
2271;"Städelstraße";"";"";"";"";"";"5 ";"Sachsenhausen-Nord";"321";"5.32";"5A";"A6";21;"8";60596
2273;"Stalburgstraße";"";"";"";"";"";"3 ";"Nordend-West";"201";"3.21";" 3";"B3";11;"3";60318
2274;"Starenweg";"";"";"";"";"";"6 ";"Unterliederbach";"621";"6.51";"6C";"A7";57;"17";65929
2275;"Starkenburger Straße";"";"";"";"";"";"11";"Fechenheim";"520";"11.78";"11";"A1";49;"18";60386
2276;"Staufenstraße";"gerade";"";"";"";"";"2 ";"Westend-Süd";"180";"2.10";" 2";"A4";4;"3";60323
2276;"Staufenstraße";"ungerade";"";"";"";"";"2 ";"Westend-Süd";"110";"2.10";" 2";"A4";4;"3";60323
2279;"Stefan-Zweig-Straße";"";"";"";"";"";"9 ";"Ginnheim";"441";"9.67";" 9";"A2";38;"12";60431
2280;"Stegerwaldstraße";"";"";"";"";"";"6 ";"Unterliederbach";"621";"6.51";"6C";"A7";57;"17";65929
2281;"Stegstraße";"";"";"";"";"";"5 ";"Sachsenhausen-Nord";"324";"5.32";"5A";"A6";21;"8";60594
2282;"Steinäckerstraße";"";"";"";"";"";"11";"Fechenheim";"520";"11.78";"11";"A1";49;"18";60386
2283;"Steinauer Straße";"";"";"";"";"";"11";"Fechenheim";"510";"11.77";"11";"A1";48;"18";60386
2284;"Steinbacher Hohl";"gerade";"";"";"";"";"7 ";"Praunheim";"425";"7.60";" 7";"A4";35;"14";60488
2284;"Steinbacher Hohl";"ungerade";"";"";"";"";"7 ";"Praunheim";"422";"7.59";" 7";"A4";34;"14";60488
2285;"Steingrundweg";"";"";"";"";"";"5 ";"Niederrad";"372";"5.36";"5B";"A6";28;"10";60528
2286;"Steinhausenstraße";"";"";"";"";"";"5 ";"Sachsenhausen-Süd";"332";"5.29";"5A";"A6";24;"8";60599
2287;"Steinkleestraße";"";"";"";"";"";"10";"Eckenheim";"461";"10.72";"10";"B3";40;"12";60435
2288;"Steinkopfweg";"";"";"";"";"";"6 ";"Zeilsheim";"611";"6.49";"6B";"A7";56;"17";65931
2289;"Steinlestraße";"";"";"";"";"";"5 ";"Sachsenhausen-Nord";"322";"5.33";"5A";"A6";21;"8";60596
2290;"Steinmetzstraße";"";"";"";"";"";"6 ";"Sindlingen";"601";"6.47";"6B";"A7";55;"17";65931
2291;"Steinrutsch";"";"";"";"";"";"6 ";"Zeilsheim";"611";"6.49";"6B";"A7";56;"17";65931
2293;"Steinweg";"";"";"";"";"";"1 ";"Innenstadt";"050";"1.02";" 1";"A1";1;"1";60313
2294;"Stephan-Heise-Straße";"";"";"";"";"";"7 ";"Praunheim";"423";"7.59";" 7";"A4";34;"11";60488
2295;"Stephanstraße";"";"";"";"";"";"1 ";"Innenstadt";"060";"1.02";" 1";"A1";1;"1";60313
2296;"Sterlepperstraße";"";"";"";"";"";"10";"Eckenheim";"461";"10.72";"10";"B3";40;"12";60435
2297;"Sternbrücke";"";"";"";"";"";"7 ";"Rödelheim";"401";"7.55";" 7";"A4";32;"11";60487
2297;"Sternbrücke";"";"";"";"";"";"7 ";"Rödelheim";"401";"7.55";" 7";"A4";32;"11";60489
2298;"Sternstraße";"";"";"";"";"";"3 ";"Nordend-West";"120";"3.21";" 3";"A1";5;"3";60318
2299;"Stettenstraße";"";"";"";"";"";"3 ";"Nordend-West";"203";"3.16";" 3";"B3";11;"3";60322
2300;"Steuernagelstraße";"";"";"";"";"";"1 ";"Gallus";"154";"1.05";" 1";"A3";8;"16";60326
2301;"St.-George-Straße";"";"";"";"";"";"4 ";"Bornheim";"272";"4.22";" 4";"A1";18;"6";60389
2302;"Stichelstraße";"";"";"";"";"";"7 ";"Rödelheim";"401";"7.55";" 7";"A4";32;"11";60489
2303;"Stichgärtenstraße";"";"";"";"";"";"6 ";"Nied";"561";"6.42";"6A";"A7";53;"16";65934
2304;"Stieglitzenweg";"";"";"";"";"";"6 ";"Unterliederbach";"621";"6.51";"6C";"A7";57;"17";65929
2305;"Stierstädter Straße";"";"";"";"";"";"7 ";"Praunheim";"422";"7.59";" 7";"A4";34;"14";60488
2306;"Stiftstraße";"";"";"";"";"";"1 ";"Innenstadt";"060";"1.02";" 1";"A1";1;"1";60313
2307;"Stockheimer Straße";"";"";"";"";"";"4 ";"Bornheim";"281";"4.24";" 4";"A1";19;"6";60385
2308;"Stoltzestraße";"";"";"";"";"";"1 ";"Innenstadt";"080";"1.01";" 1";"A1";1;"1";60311
2309;"Storchgasse";"";"";"";"";"";"6 ";"Höchst";"591";"6.46";"6C";"A7";54;"17";65929
2311;"Strahlenberger Weg";"";"";"";"";"";"5 ";"Sachsenhausen-Nord";"331";"5.31";"5A";"A6";20;"8";60599
2312;"Stralsunder Straße";"";"";"";"";"";"2 ";"Westend-Nord";"191";"2.09";" 2";"B3";4;"3";60323
2314;"Stresemannallee";"gerade";"6";"";"48";"";"5 ";"Sachsenhausen-Nord";"322";"5.33";"5A";"A6";21;"8";60596
2314;"Stresemannallee";"gerade";"78";"";"96";"";"5 ";"Sachsenhausen-Süd";"326";"5.34";"5A";"A6";23;"8";60598
2314;"Stresemannallee";"ungerade";"";"";"";"";"5 ";"Sachsenhausen-Nord";"322";"5.33";"5A";"A6";21;"8";60596
2315;"Stroofstraße";"";"";"";"";"";"6 ";"Griesheim";"551";"6.39";"6A";"A3";52;"16";65933
2316;"Strubbergstraße";"";"";"";"";"";"7 ";"Rödelheim";"402";"7.56";" 7";"A4";33;"11";60489
2317;"Stützeläckerweg";"";"";"";"";"";"7 ";"Rödelheim";"402";"7.56";" 7";"A4";33;"11";60489
2318;"Stupanusstraße";"";"";"";"";"";"6 ";"Höchst";"570";"6.44";"6C";"A7";54;"17";65929
2319;"Stuttgarter Straße";"";"";"";"";"";"1 ";"Gutleutviertel";"151";"1.04";" 1";"A3";2;"4";60329
2320;"Sudermannstraße";"";"";"";"";"";"9 ";"Ginnheim";"441";"9.67";" 9";"A2";38;"12";60431
2321;"Sulzbacher Straße";"";"";"";"";"";"1 ";"Gallus";"162";"1.07";" 1";"A3";9;"4";60326
2322;"Tacitusstraße";"";"";"";"";"";"8 ";"Heddernheim";"432";"8.62";" 8";"A2";36;"14";60439
2323;"Taläckerstraße";"";"";"";"";"";"6 ";"Griesheim";"551";"6.39";"6A";"A3";52;"16";65933
2324;"Tannenkopfweg";"";"";"";"";"";"6 ";"Schwanheim";"532";"6.37";"6A";"A6";51;"10";60529
2325;"Tannenwaldstraße";"";"";"";"";"";"6 ";"Schwanheim";"531";"6.38";"6A";"A6";50;"10";60529
2326;"Tarnowitzer Straße";"";"";"";"";"";"6 ";"Griesheim";"552";"6.41";"6A";"A3";52;"16";65933
2327;"Taubenstraße";"";"";"";"";"";"1 ";"Innenstadt";"050";"1.02";" 1";"A1";1;"1";60313
2328;"Taufsteinweg";"";"";"";"";"";"10";"Eckenheim";"461";"10.72";"10";"B3";40;"12";60435
2329;"Taunusanlage";"gerade";"12";"";"20";"";"2 ";"Westend-Süd";"100";"2.11";" 2";"A4";3;"13";60325
2329;"Taunusanlage";"gerade";"4";"";"10";"";"1 ";"Bahnhofsviertel";"090";"1.03";" 1";"A3";2;"4";60329
2329;"Taunusanlage";"ungerade";"1";"";"11";"";"1 ";"Bahnhofsviertel";"090";"1.03";" 1";"A3";2;"4";60329
2329;"Taunusanlage";"ungerade";"15";"";"21";"";"2 ";"Westend-Süd";"100";"2.11";" 2";"A4";3;"13";60325
2330;"Taunusblick";"";"";"";"";"";"6 ";"Nied";"562";"6.43";"6A";"A7";53;"16";65934
2331;"Taunusstraße";"";"";"";"";"";"1 ";"Bahnhofsviertel";"090";"1.03";" 1";"A3";2;"4";60329
2332;"Taunustor";"";"";"";"";"";"1 ";"Innenstadt";"040";"1.03";" 1";"A1";1;"1";60310
2333;"Teichstraße";"";"";"";"";"";"5 ";"Sachsenhausen-Nord";"331";"5.31";"5A";"A6";20;"8";60594
2334;"Telemannstraße";"";"";"";"";"";"2 ";"Westend-Süd";"180";"2.10";" 2";"A4";4;"3";60323
2335;"Teplitz-Schönauer-Straße";"";"";"";"";"";"5 ";"Sachsenhausen-Süd";"326";"5.34";"5A";"A6";23;"8";60598
2336;"Teutonenweg";"";"";"";"";"";"6 ";"Unterliederbach";"622";"6.52";"6C";"A7";57;"17";65929
2337;"Tevesstraße";"";"";"";"";"";"1 ";"Gallus";"154";"1.05";" 1";"A3";8;"16";60326
2338;"Textorstraße";"gerade";"2";"";"76";"";"5 ";"Sachsenhausen-Nord";"324";"5.32";"5A";"A6";21;"8";60594
2338;"Textorstraße";"gerade";"80";"";"112";"";"5 ";"Sachsenhausen-Nord";"321";"5.32";"5A";"A6";21;"8";60596
2338;"Textorstraße";"ungerade";"7";"";"83";"";"5 ";"Sachsenhausen-Nord";"324";"5.32";"5A";"A6";21;"8";60594
2338;"Textorstraße";"ungerade";"87";"";"";"";"5 ";"Sachsenhausen-Nord";"321";"5.32";"5A";"A6";21;"8";60594
2338;"Textorstraße";"ungerade";"89";"";"111";"";"5 ";"Sachsenhausen-Nord";"321";"5.32";"5A";"A6";21;"8";60596
2339;"Willy-Brandt-Platz";"";"";"";"";"";"1 ";"Innenstadt";"040";"1.03";" 1";"A1";1;"1";60311
2340;"Theobald-Christ-Straße";"";"";"";"";"";"4 ";"Ostend";"140";"4.26";" 4";"A1";6;"5";60316
2341;"Theobald-Ziegler-Straße";"";"";"";"";"";"10";"Eckenheim";"461";"10.72";"10";"B3";40;"12";60435
2342;"Theodor-Fischer-Weg";"";"";"";"";"";"7 ";"Praunheim";"422";"7.59";" 7";"A4";34;"14";60488
2343;"Theodor-Haubach-Weg";"";"";"";"";"";"11";"Riederwald";"262";"11.76";"11";"A1";17;"18";60386
2344;"Theodor-Heuss-Allee";"gerade";"2";"";"";"";"2 ";"Westend-Süd";"170";"2.11";" 2";"A4";3;"13";60486
2344;"Theodor-Heuss-Allee";"gerade";"44";"";"50";"";"2 ";"Bockenheim";"341";"2.13";" 2";"A4";25;"13";60486
2344;"Theodor-Heuss-Allee";"gerade";"70";"";"112";"";"2 ";"Bockenheim";"342";"2.14";" 2";"A4";10;"13";60486
2344;"Theodor-Heuss-Allee";"ungerade";"3";"";"25";"";"2 ";"Westend-Süd";"170";"2.11";" 2";"A4";3;"13";60486
2344;"Theodor-Heuss-Allee";"ungerade";"51";"";"";"";"2 ";"Bockenheim";"163";"2.15";" 2";"A4";10;"13";60486
2345;"Theodor-Stern-Kai";"";"";"";"";"";"5 ";"Sachsenhausen-Nord";"322";"5.33";"5A";"A6";21;"8";60596
2346;"Theodor-Storm-Straße";"";"";"";"";"";"9 ";"Ginnheim";"441";"9.67";" 9";"A2";38;"12";60431
2347;"Theodor-Thomas-Straße";"";"";"";"";"";"10";"Bonames";"491";"10.70";"10";"A2";45;"14";60437
2348;"Thielenstraße";"";"";"";"";"";"9 ";"Eschersheim";"451";"9.65";" 9";"B3";39;"12";60433
2349;"Thiotmannstraße";"";"";"";"";"";"6 ";"Höchst";"570";"6.44";"6C";"A7";54;"17";65929
2350;"Thomasiusstraße";"";"";"";"";"";"3 ";"Nordend-Ost";"130";"3.20";" 3";"A1";14;"3";60316
2351;"Thomas-Mann-Straße";"";"";"";"";"";"8 ";"Niederursel";"482";"8.64";" 8";"A2";44;"14";60439
2352;"Thomestraße";"";"";"";"";"";"6 ";"Sossenheim";"631";"6.53";"6C";"A7";58;"17";65936
2353;"Thorwaldsenplatz";"";"";"";"";"";"5 ";"Sachsenhausen-Nord";"322";"5.33";"5A";"A6";21;"8";60596
2354;"Thorwaldsenstraße";"";"";"";"";"";"5 ";"Sachsenhausen-Nord";"322";"5.33";"5A";"A6";21;"8";60596
2355;"Throner Straße";"";"";"";"";"";"4 ";"Bornheim";"271";"4.23";" 4";"A1";15;"6";60385
2356;"Thudichumstraße";"";"";"";"";"";"7 ";"Rödelheim";"401";"7.55";" 7";"A4";32;"11";60489
2357;"Thünenstraße";"";"";"";"";"";"11";"Riederwald";"262";"11.76";"11";"A1";17;"18";60386
2358;"Thüringer Straße";"ungerade";"1";"";"13";"";"4 ";"Ostend";"140";"4.26";" 4";"A1";6;"5";60316
2358;"Thüringer Straße";"ungerade";"19";"";"35";"";"4 ";"Ostend";"251";"4.25";" 4";"A1";16;"5";60316
2359;"Tiberiusstraße";"";"";"";"";"";"8 ";"Heddernheim";"432";"8.62";" 8";"A2";36;"14";60439
2360;"Tillystraße";"";"";"";"";"";"6 ";"Nied";"561";"6.42";"6A";"A7";53;"17";65934
2361;"Tilsiter Straße";"";"";"";"";"";"7 ";"Bockenheim";"343";"7.57";" 2";"A4";26;"11";60487
2362;"Tiroler Straße";"";"";"";"";"";"5 ";"Sachsenhausen-Nord";"322";"5.33";"5A";"A6";21;"8";60596
2363;"Tischbeinstraße";"";"";"";"";"";"5 ";"Sachsenhausen-Nord";"322";"5.33";"5A";"A6";21;"8";60596
2364;"Titusstraße";"gerade";"2";"";"18";"";"8 ";"Heddernheim";"431";"8.61";" 8";"A2";37;"14";60439
2364;"Titusstraße";"gerade";"22";"";"82";"";"8 ";"Heddernheim";"432";"8.62";" 8";"A2";36;"14";60439
2364;"Titusstraße";"ungerade";"3";"";"35";"";"8 ";"Heddernheim";"431";"8.61";" 8";"A2";37;"14";60439
2364;"Titusstraße";"ungerade";"37";"";"73";"";"8 ";"Heddernheim";"432";"8.62";" 8";"A2";36;"14";60439
2365;"Töngesgasse";"";"";"";"";"";"1 ";"Altstadt";"010";"1.01";" 1";"A1";1;"1";60311
2366;"Töplitzstraße";"";"";"";"";"";"5 ";"Sachsenhausen-Nord";"322";"5.33";"5A";"A6";21;"8";60596
2367;"Tornowstraße";"";"";"";"";"";"2 ";"Bockenheim";"163";"2.15";" 2";"A4";10;"13";60486
2368;"Tränkweg";"";"";"";"";"";"6 ";"Schwanheim";"532";"6.37";"6A";"A6";51;"10";60529
2369;"Trajanstraße";"";"";"";"";"";"8 ";"Heddernheim";"432";"8.62";" 8";"A2";36;"14";60439
2370;"Trakehner Straße";"";"";"";"";"";"7 ";"Bockenheim";"343";"7.57";" 2";"A4";26;"11";60487
2371;"Treburer Straße";"";"";"";"";"";"5 ";"Niederrad";"371";"5.35";"5B";"A6";28;"10";60528
2372;"Treisberger Straße";"";"";"";"";"";"8 ";"Praunheim";"426";"8.62";" 7";"A2";36;"14";60439
2373;"Im Trieb";"";"";"";"";"";"11";"Seckbach";"390";"11.75";"11";"A1";31;"6";60389
2374;"Trifelsstraße";"";"";"";"";"";"5 ";"Niederrad";"371";"5.35";"5B";"A6";28;"10";60528
2375;"Triftstraße";"gerade";"2";"";"18";"";"5 ";"Niederrad";"371";"5.35";"5B";"A6";28;"10";60528
2375;"Triftstraße";"gerade";"24";"";"34";"";"5 ";"Niederrad";"372";"5.36";"5B";"A6";28;"10";60528
2375;"Triftstraße";"ungerade";"";"";"";"";"5 ";"Niederrad";"372";"5.36";"5B";"A6";28;"10";60528
2376;"Trümpertstraße";"";"";"";"";"";"7 ";"Rödelheim";"401";"7.55";" 7";"A4";32;"11";60489
2377;"Turmstraße";"";"";"";"";"";"4 ";"Bornheim";"272";"4.22";" 4";"A1";18;"6";60385
2378;"Überlinger Weg";"gerade";"2";"";"18";"";"11";"Fechenheim";"510";"11.77";"11";"A1";48;"18";60386
2378;"Überlinger Weg";"gerade";"20";"";"30";"";"11";"Fechenheim";"520";"11.78";"11";"A1";49;"18";60386
2378;"Überlinger Weg";"ungerade";"1";"";"13";"";"11";"Fechenheim";"510";"11.77";"11";"A1";48;"18";60386
2378;"Überlinger Weg";"ungerade";"15";"";"23";"";"11";"Fechenheim";"520";"11.78";"11";"A1";49;"18";60386
2380;"Uhlandstraße";"";"";"";"";"";"4 ";"Ostend";"140";"4.26";" 4";"A1";6;"5";60314
2381;"Uhlfelderstraße";"";"";"";"";"";"11";"Fechenheim";"520";"11.78";"11";"A1";49;"18";60314
2382;"Ulmenstraße";"";"";"";"";"";"2 ";"Westend-Süd";"100";"2.11";" 2";"A4";3;"13";60325
2383;"Ulrichstraße";"gerade";"4";"";"50";"";"9 ";"Dornbusch";"462";"9.69";" 9";"B3";41;"12";60433
2383;"Ulrichstraße";"gerade";"64";"";"100";"";"9 ";"Eschersheim";"452";"9.66";" 9";"B3";39;"12";60433
2383;"Ulrichstraße";"ungerade";"1";"";"19";"";"9 ";"Dornbusch";"462";"9.69";" 9";"B3";41;"12";60433
2383;"Ulrichstraße";"ungerade";"25";"";"131";"";"9 ";"Eschersheim";"452";"9.66";" 9";"B3";39;"12";60433
2384;"Unter den Akazien";"";"";"";"";"";"5 ";"Sachsenhausen-Nord";"322";"5.33";"5A";"A6";21;"8";60596
2385;"Unter den Birken";"";"";"";"";"";"5 ";"Sachsenhausen-Nord";"322";"5.33";"5A";"A6";21;"8";60596
2386;"Unter den Buchen";"";"";"";"";"";"5 ";"Sachsenhausen-Nord";"322";"5.33";"5A";"A6";21;"8";60596
2387;"Unter den Eichen";"";"";"";"";"";"5 ";"Sachsenhausen-Nord";"322";"5.33";"5A";"A6";21;"8";60596
2388;"Unter den Eschen";"";"";"";"";"";"5 ";"Sachsenhausen-Nord";"322";"5.33";"5A";"A6";21;"8";60596
2389;"Unter den Kastanien";"";"";"";"";"";"5 ";"Sachsenhausen-Nord";"322";"5.33";"5A";"A6";21;"8";60596
2390;"Unter den Linden";"";"";"";"";"";"5 ";"Sachsenhausen-Nord";"322";"5.33";"5A";"A6";21;"8";60596
2391;"Unter den Platanen";"";"";"";"";"";"5 ";"Sachsenhausen-Nord";"322";"5.33";"5A";"A6";21;"8";60596
2392;"Unter der Friedensbrücke";"";"";"";"";"";"1 ";"Gutleutviertel";"151";"1.04";" 1";"A3";2;"4";60327
2392;"Unter der Friedensbrücke";"";"";"";"";"";"1 ";"Gutleutviertel";"151";"1.04";" 1";"A3";2;"4";60329
2393;"Unterer Atzemer";"";"";"";"";"";"4 ";"Ostend";"251";"4.25";" 4";"A1";16;"5";60316
2394;"Unterer Kalbacher Weg";"";"";"";"";"";"10";"Bonames";"491";"10.70";"10";"A2";45;"14";60437
2395;"Unterlindau";"gerade";"10";"";"32";"";"2 ";"Westend-Süd";"110";"2.10";" 2";"A4";4;"3";60323
2395;"Unterlindau";"gerade";"44";"";"80";"";"2 ";"Westend-Süd";"180";"2.10";" 2";"A4";4;"3";60323
2395;"Unterlindau";"ungerade";"1";"";"33";"";"2 ";"Westend-Süd";"110";"2.10";" 2";"A4";4;"3";60323
2395;"Unterlindau";"ungerade";"43";"";"87";"";"2 ";"Westend-Süd";"180";"2.10";" 2";"A4";4;"3";60323
2396;"Untermainanlage";"gerade";"";"";"";"";"1 ";"Bahnhofsviertel";"090";"1.03";" 1";"A3";2;"4";60329
2396;"Untermainanlage";"ungerade";"1";"";"9";"";"1 ";"Bahnhofsviertel";"090";"1.03";" 1";"A3";2;"4";60329
2396;"Untermainanlage";"ungerade";"11";"";"";"";"1 ";"Innenstadt";"040";"1.03";" 1";"A1";1;"1";60311
2397;"Untermainbrücke";"";"";"";"";"";"1 ";"Altstadt";"010";"1.01";" 1";"A1";1;"1";60311
2397;"Untermainbrücke";"";"";"";"";"";"1 ";"Innenstadt";"040";"1.03";" 1";"A1";1;"1";60311
2397;"Untermainbrücke";"";"";"";"";"";"5 ";"Sachsenhausen-Nord";"321";"5.32";"5A";"A6";21;"8";60594
2397;"Untermainbrücke";"";"";"";"";"";"5 ";"Sachsenhausen-Nord";"321";"5.32";"5A";"A6";21;"8";60596
2397;"Untermainbrücke";"";"";"";"";"";"5 ";"Sachsenhausen-Nord";"324";"5.32";"5A";"A6";21;"8";60594
2397;"Untermainbrücke";"";"";"";"";"";"5 ";"Sachsenhausen-Nord";"324";"5.32";"5A";"A6";21;"8";60596
2398;"Untermainkai";"gerade";"12";"";"";"";"1 ";"Innenstadt";"040";"1.03";" 1";"A1";1;"1";60311
2398;"Untermainkai";"gerade";"2";"";"4";"";"1 ";"Altstadt";"010";"1.01";" 1";"A1";1;"1";60311
2398;"Untermainkai";"gerade";"20";"";"44";"";"1 ";"Bahnhofsviertel";"090";"1.03";" 1";"A3";2;"4";60329
2398;"Untermainkai";"gerade";"66";"";"84";"";"1 ";"Gutleutviertel";"151";"1.04";" 1";"A3";2;"4";60329
2398;"Untermainkai";"ungerade";"1";"";"5";"";"1 ";"Altstadt";"010";"1.01";" 1";"A1";1;"1";60311
2398;"Untermainkai";"ungerade";"13";"";"";"";"1 ";"Innenstadt";"040";"1.03";" 1";"A1";1;"1";60311
2398;"Untermainkai";"ungerade";"17";"";"";"";"1 ";"Innenstadt";"040";"1.03";" 1";"A1";1;"1";60329
2398;"Untermainkai";"ungerade";"19";"";"31";"";"1 ";"Bahnhofsviertel";"090";"1.03";" 1";"A3";2;"4";60329
2398;"Untermainkai";"ungerade";"69";"";"83";"A";"1 ";"Gutleutviertel";"151";"1.04";" 1";"A3";2;"4";60329
2399;"Unterschweinstiege";"";"";"";"";"";"5 ";"Flughafen";"327";"5.34";"5A";"A6";23;"19";60549
2400;"Unterster Zwerchweg";"";"";"";"";"";"5 ";"Sachsenhausen-Süd";"332";"5.29";"5A";"A6";24;"8";60599
2401;"Unterweg";"";"";"";"";"";"3 ";"Nordend-West";"120";"3.21";" 3";"A1";5;"3";60318
2402;"Ursinusstraße";"";"";"";"";"";"2 ";"Bockenheim";"163";"2.15";" 2";"A4";10;"13";60486
2403;"Usinger Straße";"";"";"";"";"";"4 ";"Bornheim";"271";"4.23";" 4";"A1";15;"6";60389
2404;"Varrentrappstraße";"gerade";"";"";"";"";"2 ";"Westend-Süd";"170";"2.11";" 2";"A4";3;"13";60486
2404;"Varrentrappstraße";"ungerade";"47";"";"75";"";"2 ";"Bockenheim";"341";"2.13";" 2";"A4";25;"13";60486
2404;"Varrentrappstraße";"ungerade";"7";"";"9";"";"2 ";"Westend-Süd";"170";"2.11";" 2";"A4";3;"13";60486
2405;"Vatterstraße";"";"";"";"";"";"11";"Seckbach";"390";"11.75";"11";"A1";31;"18";60386
2406;"Vereinsstraße";"";"";"";"";"";"4 ";"Bornheim";"272";"4.22";" 4";"A1";18;"6";60389
2407;"Viehtrieb";"";"";"";"";"";"10";"Eckenheim";"461";"10.72";"10";"B3";40;"12";60435
2407;"Viehtrieb";"";"";"";"";"";"10";"Preungesheim";"470";"10.73";"10";"B3";42;"12";60435
2408;"Vierhäusergasse";"";"";"";"";"";"6 ";"Schwanheim";"531";"6.38";"6A";"A6";50;"10";60529
2409;"Vilbeler Landstraße";"gerade";"142";"";"174";"A";"11";"Seckbach";"390";"11.75";"11";"A1";31;"18";60388
2409;"Vilbeler Landstraße";"gerade";"176";"";"248";"";"16";"Bergen-Enkheim";"680";"16.83";"16";"A1";64;"18";60388
2409;"Vilbeler Landstraße";"gerade";"4";"";"36";"";"11";"Fechenheim";"510";"11.77";"11";"A1";48;"18";60386
2409;"Vilbeler Landstraße";"gerade";"46";"";"124";"";"16";"Bergen-Enkheim";"680";"16.83";"16";"A1";64;"18";60388
2409;"Vilbeler Landstraße";"ungerade";"149";"";"151";"";"11";"Seckbach";"390";"11.75";"11";"A1";31;"18";60388
2409;"Vilbeler Landstraße";"ungerade";"177";"";"255";"";"16";"Bergen-Enkheim";"680";"16.83";"16";"A1";64;"18";60388
2409;"Vilbeler Landstraße";"ungerade";"3";"";"27";"";"11";"Fechenheim";"510";"11.77";"11";"A1";48;"18";60386
2409;"Vilbeler Landstraße";"ungerade";"41";"";"91";"";"16";"Bergen-Enkheim";"680";"16.83";"16";"A1";64;"18";60388
2410;"Vilbeler Straße";"gerade";"";"";"";"";"1 ";"Innenstadt";"060";"1.02";" 1";"A1";1;"1";60313
2410;"Vilbeler Straße";"ungerade";"";"";"";"";"1 ";"Innenstadt";"070";"1.01";" 1";"A1";1;"1";60313
2411;"Voelckerstraße";"";"";"";"";"";"3 ";"Nordend-West";"203";"3.16";" 3";"B3";11;"3";60322
2412;"Völklinger Weg";"";"";"";"";"";"6 ";"Schwanheim";"531";"6.38";"6A";"A6";50;"10";60529
2413;"Vogelsbergstraße";"";"";"";"";"";"3 ";"Nordend-Ost";"221";"3.19";" 3";"A1";13;"3";60316
2414;"Vogelstraße";"";"";"";"";"";"5 ";"Niederrad";"372";"5.36";"5B";"A6";28;"10";60528
2415;"Vogelweidstraße";"";"";"";"";"";"5 ";"Sachsenhausen-Nord";"322";"5.33";"5A";"A6";21;"8";60596
2416;"Vogesenstraße";"";"";"";"";"";"6 ";"Schwanheim";"531";"6.38";"6A";"A6";50;"10";60529
2417;"Vogtstraße";"gerade";"44";"";"70";"";"3 ";"Nordend-West";"203";"3.16";" 3";"B3";11;"3";60322
2417;"Vogtstraße";"gerade";"74";"";"82";"";"2 ";"Westend-Nord";"191";"2.09";" 2";"B3";4;"3";60322
2417;"Vogtstraße";"ungerade";"33";"";"37";"";"3 ";"Nordend-West";"203";"3.16";" 3";"B3";11;"3";60322
2417;"Vogtstraße";"ungerade";"39";"";"45";"";"2 ";"Westend-Nord";"191";"2.09";" 2";"B3";4;"3";60322
2418;"Voltastraße";"";"";"";"";"";"2 ";"Bockenheim";"342";"2.14";" 2";"A4";10;"13";60486
2419;"Vorm Wald";"";"";"";"";"";"6 ";"Nied";"562";"6.43";"6A";"A7";53;"16";65934
2420;"Wachtelweg";"";"";"";"";"";"6 ";"Unterliederbach";"621";"6.51";"6C";"A7";57;"17";65929
2421;"Wächtersbacher Straße";"";"";"";"";"";"11";"Fechenheim";"510";"11.77";"11";"A1";48;"18";60386
2422;"Wagengasse";"";"";"";"";"";"6 ";"Unterliederbach";"621";"6.51";"6C";"A7";57;"17";65929
2423;"Waidmannstraße";"";"";"";"";"";"5 ";"Sachsenhausen-Nord";"322";"5.33";"5A";"A6";21;"8";60596
2424;"Waitzstraße";"";"";"";"";"";"4 ";"Ostend";"252";"4.25";" 4";"A1";16;"5";60385
2425;"Waldecker Straße";"";"";"";"";"";"9 ";"Dornbusch";"462";"9.69";" 9";"B3";41;"12";60433
2429;"Waldfriedstraße";"";"";"";"";"";"5 ";"Niederrad";"372";"5.36";"5B";"A6";28;"10";60528
2430;"Waldmeisterpfad";"";"";"";"";"";"6 ";"Griesheim";"542";"6.40";"6A";"A3";52;"16";65933
2431;"Waldschmidtstraße";"gerade";"2";"";"30";"";"4 ";"Ostend";"140";"4.26";" 4";"A1";6;"5";60316
2431;"Waldschmidtstraße";"gerade";"34";"";"52";"";"4 ";"Ostend";"251";"4.25";" 4";"A1";16;"5";60316
2431;"Waldschmidtstraße";"gerade";"98";"";"124";"";"4 ";"Ostend";"251";"4.25";" 4";"A1";16;"5";60314
2431;"Waldschmidtstraße";"ungerade";"1";"";"69";"";"4 ";"Ostend";"251";"4.25";" 4";"A1";16;"5";60316
2431;"Waldschmidtstraße";"ungerade";"71";"";"131";"";"4 ";"Ostend";"251";"4.25";" 4";"A1";16;"5";60314
2432;"Waldschulstraße";"gerade";"";"";"";"";"6 ";"Griesheim";"542";"6.40";"6A";"A3";52;"16";65933
2432;"Waldschulstraße";"ungerade";"1";"";"65";"";"6 ";"Griesheim";"552";"6.41";"6A";"A3";52;"16";65933
2432;"Waldschulstraße";"ungerade";"79";"";"159";"";"6 ";"Griesheim";"542";"6.40";"6A";"A3";52;"16";65933
2433;"Waldstraße";"";"";"";"";"";"5 ";"Niederrad";"372";"5.36";"5B";"A6";28;"10";60528
2434;"Wallauer Straße";"";"";"";"";"";"1 ";"Gallus";"165";"1.08";" 1";"A3";8;"4";60326
2435;"Walldorfer Straße";"";"";"";"";"";"5 ";"Sachsenhausen-Süd";"323";"5.30";"5A";"A6";22;"8";60598
2437;"Wallstraße";"";"";"";"";"";"5 ";"Sachsenhausen-Nord";"300";"5.31";"5A";"A6";20;"8";60594
2438;"Walter-Kolb-Straße";"gerade";"18";"";"24";"";"5 ";"Sachsenhausen-Nord";"324";"5.32";"5A";"A6";21;"8";60594
2438;"Walter-Kolb-Straße";"gerade";"2";"";"16";"A";"5 ";"Sachsenhausen-Nord";"300";"5.31";"5A";"A6";20;"8";60594
2438;"Walter-Kolb-Straße";"ungerade";"1";"";"13";"C";"5 ";"Sachsenhausen-Nord";"300";"5.31";"5A";"A6";20;"8";60594
2438;"Walter-Kolb-Straße";"ungerade";"17";"";"23";"";"5 ";"Sachsenhausen-Nord";"324";"5.32";"5A";"A6";21;"8";60594
2439;"Walter-vom-Rath-Straße";"";"";"";"";"";"2 ";"Westend-Nord";"192";"2.09";" 2";"B3";4;"12";60320
2440;"Wanebachstraße";"";"";"";"";"";"9 ";"Dornbusch";"463";"9.69";" 9";"B3";41;"12";60320
2441;"Wartburgstraße";"";"";"";"";"";"6 ";"Unterliederbach";"621";"6.51";"6C";"A7";57;"17";65929
2442;"I. Wartegäßchen";"";"";"";"";"";"5 ";"Sachsenhausen-Süd";"323";"5.30";"5A";"A6";22;"8";60598
2443;"II. Wartegäßchen";"";"";"";"";"";"5 ";"Sachsenhausen-Süd";"323";"5.30";"5A";"A6";22;"8";60598
2444;"Wasgaustraße";"";"";"";"";"";"6 ";"Unterliederbach";"621";"6.51";"6C";"A7";57;"17";65929
2445;"Wasserhofstraße";"";"";"";"";"";"5 ";"Oberrad";"380";"5.28";"5A";"A6";30;"8";60599
2447;"Wasserweg";"";"";"";"";"";"5 ";"Sachsenhausen-Nord";"331";"5.31";"5A";"A6";20;"8";60594
2454;"Weberstraße";"gerade";"26";"";"72";"";"3 ";"Nordend-West";"211";"3.19";" 3";"A1";12;"3";60318
2454;"Weberstraße";"gerade";"4";"";"22";"";"3 ";"Nordend-West";"120";"3.21";" 3";"A1";5;"3";60318
2454;"Weberstraße";"gerade";"74";"";"96";"";"3 ";"Nordend-West";"212";"3.17";" 3";"A1";12;"3";60318
2454;"Weberstraße";"ungerade";"1";"";"15";"";"3 ";"Nordend-West";"120";"3.21";" 3";"A1";5;"3";60318
2454;"Weberstraße";"ungerade";"21";"";"59";"";"3 ";"Nordend-West";"211";"3.19";" 3";"A1";12;"3";60318
2454;"Weberstraße";"ungerade";"63";"";"91";"";"3 ";"Nordend-West";"212";"3.17";" 3";"A1";12;"3";60318
2455;"Weckerlinstraße";"";"";"";"";"";"6 ";"Höchst";"570";"6.44";"6C";"A7";54;"17";65929
2456;"Weckmarkt";"";"";"";"";"";"1 ";"Altstadt";"010";"1.01";" 1";"A1";1;"1";60311
2457;"Wed";"";"";"";"";"";"6 ";"Höchst";"591";"6.46";"6C";"A7";54;"17";65929
2458;"Wegscheidestraße";"";"";"";"";"";"10";"Preungesheim";"470";"10.73";"10";"B3";42;"12";60435
2459;"Wehrheimer Straße";"";"";"";"";"";"4 ";"Bornheim";"271";"4.23";" 4";"A1";15;"6";60389
2460;"Wehrhofstraße";"";"";"";"";"";"7 ";"Rödelheim";"401";"7.55";" 7";"A4";32;"11";60489
2461;"Wehrstraße";"";"";"";"";"";"5 ";"Oberrad";"380";"5.28";"5A";"A6";30;"8";60599
2462;"Weidenauer Straße";"";"";"";"";"";"6 ";"Sossenheim";"632";"6.54";"6C";"A7";58;"17";65936
2463;"Weidenbornstraße";"gerade";"20";"";"40";"";"4 ";"Bornheim";"272";"4.22";" 4";"A1";18;"6";60389
2463;"Weidenbornstraße";"gerade";"4";"";"";"";"4 ";"Bornheim";"272";"4.22";" 4";"A1";18;"6";60385
2463;"Weidenbornstraße";"gerade";"44";"";"";"";"3 ";"Nordend-Ost";"222";"3.18";" 3";"A1";13;"6";60389
2463;"Weidenbornstraße";"ungerade";"3";"";"11";"";"4 ";"Bornheim";"272";"4.22";" 4";"A1";18;"6";60385
2463;"Weidenbornstraße";"ungerade";"33";"";"51";"";"4 ";"Bornheim";"271";"4.23";" 4";"A1";15;"6";60389
2463;"Weidenbornstraße";"ungerade";"53";"";"";"";"3 ";"Nordend-Ost";"222";"3.18";" 3";"A1";13;"6";60389
2464;"Weiherstraße";"";"";"";"";"";"4 ";"Ostend";"140";"4.26";" 4";"A1";6;"5";60314
2465;"Weilbacher Straße";"";"";"";"";"";"1 ";"Gallus";"164";"1.08";" 1";"A3";8;"16";60326
2466;"Weilbrunnstraße";"";"";"";"";"";"10";"Preungesheim";"470";"10.73";"10";"B3";42;"12";60435
2467;"Weilburger Straße";"";"";"";"";"";"1 ";"Gallus";"153";"1.05";" 1";"A3";7;"4";60326
2468;"Weinbergstraße";"";"";"";"";"";"6 ";"Sindlingen";"601";"6.47";"6B";"A7";55;"17";65931
2469;"Weinstraße";"";"";"";"";"";"10";"Preungesheim";"470";"10.73";"10";"B3";42;"12";60435
2470;"Weisbachstraße";"";"";"";"";"";"4 ";"Ostend";"261";"4.27";" 4";"A1";6;"5";60314
2471;"Weismüllerstraße";"";"";"";"";"";"4 ";"Ostend";"261";"4.27";" 4";"A1";6;"5";60314
2472;"Weißadlergasse";"";"";"";"";"";"1 ";"Altstadt";"010";"1.01";" 1";"A1";1;"1";60311
2473;"Weißdornweg";"";"";"";"";"";"10";"Frankfurter Berg";"492";"10.71";"10";"A2";46;"14";60433
2474;"Weißfrauenstraße";"gerade";"";"";"";"";"1 ";"Innenstadt";"040";"1.03";" 1";"A1";1;"1";60311
2474;"Weißfrauenstraße";"ungerade";"";"";"";"";"1 ";"Altstadt";"010";"1.01";" 1";"A1";1;"1";60311
2475;"Weißkirchener Weg";"gerade";"";"";"";"";"8 ";"Niederursel";"481";"8.63";" 8";"A2";43;"14";60439
2475;"Weißkirchener Weg";"ungerade";"";"";"";"";"8 ";"Niederursel";"482";"8.64";" 8";"A2";44;"14";60439
2476;"Weizengasse";"";"";"";"";"";"6 ";"Unterliederbach";"621";"6.51";"6C";"A7";57;"17";65929
2477;"Wellengasse";"";"";"";"";"";"5 ";"Oberrad";"380";"5.28";"5A";"A6";30;"8";60599
2478;"Welscher Weg";"ungerade";"43";"";"";"";"5 ";"Sachsenhausen-Süd";"326";"5.34";"5A";"A6";23;"10";60598
2478;"Welscher Weg";"ungerade";"45";"";"47";"";"5 ";"Sachsenhausen-Süd";"325";"5.34";"5A";"A6";23;"10";60598
2479;"Welschgrabenstraße";"";"";"";"";"";"6 ";"Zeilsheim";"611";"6.49";"6B";"A7";56;"17";65931
2480;"Wendelsplatz";"";"";"";"";"";"5 ";"Sachsenhausen-Nord";"324";"5.32";"5A";"A6";21;"8";60598
2480;"Wendelsplatz";"";"";"";"";"";"5 ";"Sachsenhausen-Nord";"331";"5.31";"5A";"A6";20;"8";60598
2480;"Wendelsplatz";"";"";"";"";"";"5 ";"Sachsenhausen-Süd";"323";"5.30";"5A";"A6";22;"8";60598
2480;"Wendelsplatz";"";"";"";"";"";"5 ";"Sachsenhausen-Süd";"332";"5.29";"5A";"A6";24;"8";60598
2481;"Wendelsweg";"";"";"";"";"";"5 ";"Sachsenhausen-Süd";"332";"5.29";"5A";"A6";24;"8";60599
2482;"Wenzelweg";"";"";"";"";"";"8 ";"Heddernheim";"431";"8.61";" 8";"A2";37;"14";60439
2483;"Werftstraße";"";"";"";"";"";"1 ";"Gutleutviertel";"151";"1.04";" 1";"A3";2;"4";60327
2484;"Werrastraße";"";"";"";"";"";"2 ";"Bockenheim";"350";"2.13";" 2";"A4";25;"13";60486
2485;"Wertheimer Straße";"";"";"";"";"";"5 ";"Sachsenhausen-Süd";"332";"5.29";"5A";"A6";24;"8";60599
2488;"Weserstraße";"";"";"";"";"";"1 ";"Bahnhofsviertel";"090";"1.03";" 1";"A3";2;"4";60329
2489;"Westenbergerstraße";"";"";"";"";"";"6 ";"Sindlingen";"601";"6.47";"6B";"A7";55;"17";65931
2490;"Westendplatz";"";"";"";"";"";"2 ";"Westend-Süd";"100";"2.11";" 2";"A4";3;"13";60325
2491;"Westendstraße";"gerade";"2";"";"64";"";"2 ";"Westend-Süd";"100";"2.11";" 2";"A4";3;"13";60325
2491;"Westendstraße";"gerade";"68";"";"106";"";"2 ";"Westend-Süd";"170";"2.11";" 2";"A4";3;"13";60325
2491;"Westendstraße";"ungerade";"1";"";"73";"";"2 ";"Westend-Süd";"100";"2.11";" 2";"A4";3;"13";60325
2491;"Westendstraße";"ungerade";"75";"";"109";"";"2 ";"Westend-Süd";"170";"2.11";" 2";"A4";3;"13";60325
2492;"Westerbachstraße";"gerade";"10";"";"74";"";"7 ";"Rödelheim";"402";"7.56";" 7";"A4";33;"11";60489
2492;"Westerbachstraße";"gerade";"110";"";"300";"";"6 ";"Sossenheim";"632";"6.54";"6C";"A7";58;"17";65936
2492;"Westerbachstraße";"ungerade";"1";"";"79";"";"7 ";"Rödelheim";"402";"7.56";" 7";"A4";33;"11";60489
2492;"Westerbachstraße";"ungerade";"81";"";"295";"";"6 ";"Sossenheim";"632";"6.54";"6C";"A7";58;"17";65936
2493;"Westerwaldstraße";"gerade";"18";"";"62";"";"6 ";"Sossenheim";"631";"6.53";"6C";"A7";58;"17";65936
2493;"Westerwaldstraße";"gerade";"2";"";"16";"";"6 ";"Sossenheim";"632";"6.54";"6C";"A7";58;"17";65936
2493;"Westerwaldstraße";"ungerade";"1";"";"13";"";"6 ";"Sossenheim";"632";"6.54";"6C";"A7";58;"17";65936
2493;"Westerwaldstraße";"ungerade";"15";"";"55";"";"6 ";"Sossenheim";"631";"6.53";"6C";"A7";58;"17";65936
2494;"West-Höchster Straße";"gerade";"50";"";"";"";"6 ";"Zeilsheim";"604";"6.49";"6B";"A7";56;"17";65931
2494;"West-Höchster Straße";"gerade";"52";"";"110";"";"6 ";"Zeilsheim";"611";"6.49";"6B";"A7";56;"17";65931
2494;"West-Höchster Straße";"ungerade";"25";"";"";"";"6 ";"Zeilsheim";"604";"6.49";"6B";"A7";56;"17";65931
2494;"West-Höchster Straße";"ungerade";"51";"";"103";"";"6 ";"Zeilsheim";"611";"6.49";"6B";"A7";56;"17";65931
2495;"Westring";"";"";"";"";"";"7 ";"Praunheim";"423";"7.59";" 7";"A4";34;"11";60488
2496;"Wetteraustraße";"";"";"";"";"";"3 ";"Nordend-Ost";"222";"3.18";" 3";"A1";13;"6";60389
2497;"Wetzlarer Straße";"";"";"";"";"";"10";"Eckenheim";"461";"10.72";"10";"B3";40;"12";60435
2498;"Wichernstraße";"";"";"";"";"";"11";"Seckbach";"390";"11.75";"11";"A1";31;"6";60389
2499;"Wickenweg";"";"";"";"";"";"10";"Frankfurter Berg";"492";"10.71";"10";"A2";46;"14";60433
2500;"Wickerer Straße";"";"";"";"";"";"1 ";"Gallus";"164";"1.08";" 1";"A3";8;"16";60326
2501;"Wicker-Frosch-Straße";"";"";"";"";"";"2 ";"Bockenheim";"163";"2.15";" 2";"A4";10;"13";60486
2502;"Wielandstraße";"";"";"";"";"";"3 ";"Nordend-West";"211";"3.19";" 3";"A1";12;"3";60318
2503;"Wiener Straße";"";"";"";"";"";"5 ";"Oberrad";"380";"5.28";"5A";"A6";30;"8";60599
2505;"Wiesbadener Straße";"";"";"";"";"";"2 ";"Bockenheim";"163";"2.15";" 2";"A4";10;"11";60489
2505;"Wiesbadener Straße";"";"";"";"";"";"2 ";"Bockenheim";"163";"2.15";" 2";"A4";10;"13";60486
2505;"Wiesbadener Straße";"";"";"";"";"";"2 ";"Bockenheim";"163";"2.15";" 2";"A4";10;"13";60489
2505;"Wiesbadener Straße";"";"";"";"";"";"2 ";"Bockenheim";"163";"2.15";" 2";"A4";10;"13";65933
2505;"Wiesbadener Straße";"";"";"";"";"";"2 ";"Bockenheim";"163";"2.15";" 2";"A4";10;"16";60489
2505;"Wiesbadener Straße";"";"";"";"";"";"2 ";"Bockenheim";"163";"2.15";" 2";"A4";10;"16";65933
2505;"Wiesbadener Straße";"";"";"";"";"";"2 ";"Bockenheim";"344";"2.14";" 2";"A4";10;"11";60486
2505;"Wiesbadener Straße";"";"";"";"";"";"2 ";"Bockenheim";"344";"2.14";" 2";"A4";10;"13";60486
2505;"Wiesbadener Straße";"";"";"";"";"";"6 ";"Griesheim";"542";"6.40";"6A";"A3";52;"16";60489
2505;"Wiesbadener Straße";"";"";"";"";"";"6 ";"Griesheim";"542";"6.40";"6A";"A3";52;"16";65933
2505;"Wiesbadener Straße";"";"";"";"";"";"6 ";"Zeilsheim";"611";"6.49";"6B";"A7";56;"17";65931
2505;"Wiesbadener Straße";"";"";"";"";"";"6 ";"Zeilsheim";"612";"6.50";"6B";"A7";56;"17";65929
2505;"Wiesbadener Straße";"";"";"";"";"";"6 ";"Zeilsheim";"612";"6.50";"6B";"A7";56;"17";65931
2505;"Wiesbadener Straße";"";"";"";"";"";"6 ";"Unterliederbach";"621";"6.51";"6C";"A7";57;"17";65929
2505;"Wiesbadener Straße";"";"";"";"";"";"6 ";"Unterliederbach";"622";"6.52";"6C";"A7";57;"17";65929
2505;"Wiesbadener Straße";"";"";"";"";"";"6 ";"Unterliederbach";"622";"6.52";"6C";"A7";57;"17";65936
2505;"Wiesbadener Straße";"";"";"";"";"";"6 ";"Unterliederbach";"623";"6.51";"6C";"A7";57;"17";65929
2505;"Wiesbadener Straße";"";"";"";"";"";"6 ";"Unterliederbach";"623";"6.51";"6C";"A7";57;"17";65931
2505;"Wiesbadener Straße";"";"";"";"";"";"6 ";"Sossenheim";"631";"6.53";"6C";"A7";58;"17";65936
2505;"Wiesbadener Straße";"";"";"";"";"";"6 ";"Sossenheim";"632";"6.54";"6C";"A7";58;"16";65933
2505;"Wiesbadener Straße";"";"";"";"";"";"6 ";"Sossenheim";"632";"6.54";"6C";"A7";58;"16";65936
2505;"Wiesbadener Straße";"";"";"";"";"";"6 ";"Sossenheim";"632";"6.54";"6C";"A7";58;"17";65933
2505;"Wiesbadener Straße";"";"";"";"";"";"6 ";"Sossenheim";"632";"6.54";"6C";"A7";58;"17";65936
2506;"Wiesenau";"";"";"";"";"";"2 ";"Westend-Süd";"180";"2.10";" 2";"A4";4;"3";60323
2507;"Wiesenfeldstraße";"gerade";"";"";"";"";"6 ";"Sossenheim";"631";"6.53";"6C";"A7";58;"17";65936
2507;"Wiesenfeldstraße";"ungerade";"";"";"";"";"6 ";"Sossenheim";"632";"6.54";"6C";"A7";58;"17";65936
2508;"Wiesenhüttenplatz";"gerade";"";"";"";"";"1 ";"Bahnhofsviertel";"090";"1.03";" 1";"A3";2;"4";60329
2508;"Wiesenhüttenplatz";"ungerade";"";"";"";"";"1 ";"Gutleutviertel";"151";"1.04";" 1";"A3";2;"4";60329
2509;"Wiesenhüttenstraße";"gerade";"";"";"";"";"1 ";"Bahnhofsviertel";"090";"1.03";" 1";"A3";2;"4";60329
2509;"Wiesenhüttenstraße";"ungerade";"";"";"";"";"1 ";"Gutleutviertel";"151";"1.04";" 1";"A3";2;"4";60329
2510;"Wiesenstraße";"gerade";"";"";"";"";"4 ";"Bornheim";"271";"4.23";" 4";"A1";15;"6";60385
2510;"Wiesenstraße";"ungerade";"";"";"";"";"4 ";"Bornheim";"240";"4.23";" 4";"A1";15;"6";60385
2511;"Wildenbruchstraße";"";"";"";"";"";"9 ";"Dornbusch";"442";"9.68";" 9";"B3";38;"12";60431
2512;"Wildentenstraße";"";"";"";"";"";"6 ";"Griesheim";"552";"6.41";"6A";"A3";52;"16";65933
2513;"Wildgäßchen";"";"";"";"";"";"5 ";"Oberrad";"380";"5.28";"5A";"A6";30;"8";60599
2514;"Wildunger Straße";"";"";"";"";"";"2 ";"Bockenheim";"361";"2.12";" 2";"A4";27;"13";60487
2515;"Wilhelm-Beer-Weg";"";"";"";"";"";"5 ";"Sachsenhausen-Süd";"332";"5.29";"5A";"A6";24;"8";60599
2516;"Wilhelm-Busch-Straße";"";"";"";"";"";"9 ";"Dornbusch";"442";"9.68";" 9";"B3";38;"12";60431
2517;"Wilhelm-Epstein-Straße";"gerade";"";"";"";"";"2 ";"Bockenheim";"362";"2.12";" 2";"A4";27;"12";60431
2517;"Wilhelm-Epstein-Straße";"ungerade";"5";"";"93";"";"9 ";"Ginnheim";"441";"9.67";" 9";"A2";38;"12";60431
2517;"Wilhelm-Epstein-Straße";"ungerade";"95";"";"127";"";"9 ";"Dornbusch";"442";"9.68";" 9";"B3";38;"12";60431
2518;"Wilhelm-Hauff-Straße";"";"";"";"";"";"2 ";"Westend-Süd";"170";"2.11";" 2";"A4";3;"13";60325
2519;"Wilhelm-Kobelt-Straße";"";"";"";"";"";"6 ";"Schwanheim";"531";"6.38";"6A";"A6";50;"10";60529
2520;"Wilhelm-Leuschner-Straße";"gerade";"2";"";"44";"";"1 ";"Bahnhofsviertel";"090";"1.03";" 1";"A3";2;"4";60329
2520;"Wilhelm-Leuschner-Straße";"gerade";"68";"";"82";"";"1 ";"Gutleutviertel";"151";"1.04";" 1";"A3";2;"4";60329
2520;"Wilhelm-Leuschner-Straße";"ungerade";"5";"";"55";"";"1 ";"Bahnhofsviertel";"090";"1.03";" 1";"A3";2;"4";60329
2520;"Wilhelm-Leuschner-Straße";"ungerade";"67";"";"95";"";"1 ";"Gutleutviertel";"151";"1.04";" 1";"A3";2;"4";60329
2521;"Wilhelm-Roser-Weg";"";"";"";"";"";"6 ";"Unterliederbach";"621";"6.51";"6C";"A7";57;"17";65929
2522;"Wilhelmsbader Weg";"";"";"";"";"";"11";"Fechenheim";"510";"11.77";"11";"A1";48;"18";60386
2523;"Wilhelmshavener Straße";"";"";"";"";"";"6 ";"Griesheim";"542";"6.40";"6A";"A3";52;"16";65933
2524;"Wilhelmshöher Straße";"";"";"";"";"";"11";"Seckbach";"390";"11.75";"11";"A1";31;"6";60389
2525;"Willemerstraße";"gerade";"";"";"";"";"5 ";"Sachsenhausen-Nord";"331";"5.31";"5A";"A6";20;"8";60594
2525;"Willemerstraße";"ungerade";"1";"";"7";"";"5 ";"Sachsenhausen-Nord";"300";"5.31";"5A";"A6";20;"8";60594
2525;"Willemerstraße";"ungerade";"11";"";"31";"";"5 ";"Sachsenhausen-Nord";"331";"5.31";"5A";"A6";20;"8";60594
2526;"Willibrachtstraße";"";"";"";"";"";"9 ";"Eschersheim";"452";"9.66";" 9";"B3";39;"12";60431
2527;"Willmannstraße";"";"";"";"";"";"11";"Fechenheim";"510";"11.77";"11";"A1";48;"18";60386
2528;"Windeckstraße";"gerade";"";"";"";"";"4 ";"Ostend";"261";"4.27";" 4";"A1";6;"5";60314
2528;"Windeckstraße";"ungerade";"";"";"";"";"4 ";"Ostend";"140";"4.26";" 4";"A1";6;"5";60314
2529;"Windmühlstraße";"";"";"";"";"";"1 ";"Bahnhofsviertel";"090";"1.03";" 1";"A3";2;"4";60329
2530;"Windthorststraße";"gerade";"";"";"";"";"6 ";"Höchst";"570";"6.44";"6C";"A7";54;"17";65929
2530;"Windthorststraße";"ungerade";"117";"";"127";"";"6 ";"Unterliederbach";"622";"6.52";"6C";"A7";57;"17";65929
2530;"Windthorststraße";"ungerade";"19";"";"113";"";"6 ";"Höchst";"570";"6.44";"6C";"A7";54;"17";65929
2531;"Wingertstraße";"";"";"";"";"";"4 ";"Ostend";"251";"4.25";" 4";"A1";16;"5";60316
2532;"Winterbachstraße";"gerade";"12";"";"46";"";"9 ";"Dornbusch";"462";"9.69";" 9";"B3";41;"12";60320
2532;"Winterbachstraße";"gerade";"2";"";"10";"";"3 ";"Nordend-West";"202";"3.16";" 3";"B3";11;"12";60320
2532;"Winterbachstraße";"ungerade";"1";"";"7";"B";"3 ";"Nordend-West";"202";"3.16";" 3";"B3";11;"12";60320
2532;"Winterbachstraße";"ungerade";"9";"";"47";"";"9 ";"Dornbusch";"462";"9.69";" 9";"B3";41;"12";60320
2533;"Winterstraße";"";"";"";"";"";"7 ";"Rödelheim";"401";"7.55";" 7";"A4";32;"11";60489
2534;"Wismarer Straße";"";"";"";"";"";"2 ";"Westend-Nord";"191";"2.09";" 2";"B3";4;"3";60323
2535;"Wittelsbacherallee";"gerade";"112";"";"136";"";"4 ";"Bornheim";"282";"4.24";" 4";"A1";19;"5";60385
2535;"Wittelsbacherallee";"gerade";"140";"";"190";"";"4 ";"Bornheim";"281";"4.24";" 4";"A1";19;"6";60385
2535;"Wittelsbacherallee";"gerade";"2";"";"50";"";"4 ";"Ostend";"251";"4.25";" 4";"A1";16;"5";60316
2535;"Wittelsbacherallee";"gerade";"54";"";"108";"";"4 ";"Ostend";"252";"4.25";" 4";"A1";16;"5";60385
2535;"Wittelsbacherallee";"ungerade";"1";"";"17";"";"4 ";"Ostend";"140";"4.26";" 4";"A1";6;"5";60316
2535;"Wittelsbacherallee";"ungerade";"119";"";"153";"";"4 ";"Bornheim";"282";"4.24";" 4";"A1";19;"5";60385
2535;"Wittelsbacherallee";"ungerade";"157";"";"205";"";"4 ";"Bornheim";"281";"4.24";" 4";"A1";19;"6";60385
2535;"Wittelsbacherallee";"ungerade";"21";"";"53";"";"4 ";"Ostend";"251";"4.25";" 4";"A1";16;"5";60316
2535;"Wittelsbacherallee";"ungerade";"55";"";"117";"";"4 ";"Ostend";"252";"4.25";" 4";"A1";16;"5";60385
2536;"Wöhlerstraße";"";"";"";"";"";"2 ";"Westend-Süd";"110";"2.10";" 2";"A4";4;"3";60323
2537;"Wöllstädter Straße";"";"";"";"";"";"4 ";"Bornheim";"272";"4.22";" 4";"A1";18;"6";60385
2538;"Wörbachstraße";"";"";"";"";"";"8 ";"Heddernheim";"431";"8.61";" 8";"A2";37;"14";60439
2539;"Wörsdorfer Straße";"";"";"";"";"";"1 ";"Gallus";"165";"1.08";" 1";"A3";8;"4";60326
2541;"Wolfhagener Straße";"";"";"";"";"";"9 ";"Dornbusch";"462";"9.69";" 9";"B3";41;"12";60433
2542;"Wolf-Heidenheim-Straße";"";"";"";"";"";"7 ";"Rödelheim";"402";"7.56";" 7";"A4";33;"11";60489
2543;"Wolfsgangstraße";"gerade";"2";"";"70";"";"3 ";"Nordend-West";"203";"3.16";" 3";"B3";11;"3";60322
2543;"Wolfsgangstraße";"gerade";"76";"";"160";"";"2 ";"Westend-Nord";"191";"2.09";" 2";"B3";4;"3";60322
2543;"Wolfsgangstraße";"ungerade";"1";"";"61";"";"3 ";"Nordend-West";"201";"3.21";" 3";"B3";11;"3";60322
2543;"Wolfsgangstraße";"ungerade";"63";"";"157";"";"2 ";"Westend-Nord";"191";"2.09";" 2";"B3";4;"3";60322
2544;"Woogstraße";"";"";"";"";"";"9 ";"Ginnheim";"441";"9.67";" 9";"A2";38;"12";60431
2545;"Wormser Straße";"";"";"";"";"";"5 ";"Sachsenhausen-Süd";"323";"5.30";"5A";"A6";22;"8";60598
2546;"Würzburger Straße";"";"";"";"";"";"4 ";"Ostend";"252";"4.25";" 4";"A1";16;"5";60385
2548;"Wurmbachstraße";"";"";"";"";"";"2 ";"Bockenheim";"361";"2.12";" 2";"A4";27;"13";60487
2549;"Wurzelstraße";"";"";"";"";"";"1 ";"Gutleutviertel";"151";"1.04";" 1";"A3";2;"4";60327
2550;"Zaunstraße";"";"";"";"";"";"9 ";"Eschersheim";"451";"9.65";" 9";"B3";39;"12";60433
2551;"Zehnmorgenstraße";"";"";"";"";"";"9 ";"Eschersheim";"451";"9.65";" 9";"B3";39;"12";60433
2552;"Zehntgasse";"";"";"";"";"";"6 ";"Schwanheim";"531";"6.38";"6A";"A6";50;"10";60529
2553;"Zehnthofgasse";"";"";"";"";"";"6 ";"Sindlingen";"601";"6.47";"6B";"A7";55;"17";65931
2554;"Zeil";"gerade";"2";"";"68";"";"1 ";"Innenstadt";"070";"1.01";" 1";"A1";1;"1";60313
2554;"Zeil";"gerade";"70";"";"126";"";"1 ";"Innenstadt";"060";"1.02";" 1";"A1";1;"1";60313
2554;"Zeil";"ungerade";"1";"";"49";"";"1 ";"Innenstadt";"070";"1.01";" 1";"A1";1;"1";60313
2554;"Zeil";"ungerade";"51";"";"57";"";"1 ";"Altstadt";"010";"1.01";" 1";"A1";1;"1";60313
2554;"Zeil";"ungerade";"65";"";"131";"";"1 ";"Innenstadt";"060";"1.02";" 1";"A1";1;"1";60313
2555;"Zeilweg";"";"";"";"";"";"8 ";"Heddernheim";"431";"8.61";" 8";"A2";37;"14";60439
2556;"Zeißelstraße";"";"";"";"";"";"3 ";"Nordend-West";"211";"3.19";" 3";"A1";12;"3";60318
2557;"Zelterstraße";"";"";"";"";"";"6 ";"Schwanheim";"531";"6.38";"6A";"A6";50;"10";60529
2558;"Zentgrafenstraße";"";"";"";"";"";"11";"Seckbach";"390";"11.75";"11";"A1";31;"6";60389
2559;"Zentmarkweg";"";"";"";"";"";"7 ";"Rödelheim";"402";"7.56";" 7";"A4";33;"11";60489
2560;"Zeppelinallee";"gerade";"36";"";"76";"";"2 ";"Bockenheim";"362";"2.12";" 2";"A4";27;"13";60487
2560;"Zeppelinallee";"gerade";"6";"";"26";"";"2 ";"Westend-Süd";"180";"2.10";" 2";"A4";4;"3";60325
2560;"Zeppelinallee";"ungerade";"13";"";"";"";"2 ";"Bockenheim";"361";"2.12";" 2";"A4";27;"13";60325
2560;"Zeppelinallee";"ungerade";"15";"";"43";"";"2 ";"Bockenheim";"362";"2.12";" 2";"A4";27;"13";60325
2560;"Zeppelinallee";"ungerade";"45";"";"113";"";"2 ";"Bockenheim";"362";"2.12";" 2";"A4";27;"13";60487
2561;"Zeuläckerstraße";"";"";"";"";"";"11";"Seckbach";"390";"11.75";"11";"A1";31;"6";60389
2562;"Ziegelgasse";"";"";"";"";"";"1 ";"Altstadt";"010";"1.01";" 1";"A1";1;"1";60311
2563;"Ziegelhüttenplatz";"";"";"";"";"";"5 ";"Sachsenhausen-Süd";"323";"5.30";"5A";"A6";22;"8";60598
2564;"Ziegelhüttenweg";"gerade";"2";"";"30";"";"5 ";"Sachsenhausen-Süd";"323";"5.30";"5A";"A6";22;"8";60598
2564;"Ziegelhüttenweg";"gerade";"40";"";"178";"";"5 ";"Sachsenhausen-Süd";"326";"5.34";"5A";"A6";23;"8";60598
2564;"Ziegelhüttenweg";"ungerade";"1";"";"49";"";"5 ";"Sachsenhausen-Süd";"323";"5.30";"5A";"A6";22;"8";60598
2564;"Ziegelhüttenweg";"ungerade";"325";"";"";"";"5 ";"Sachsenhausen-Süd";"323";"5.30";"5A";"A6";22;"8";60598
2564;"Ziegelhüttenweg";"ungerade";"51";"";"221";"";"5 ";"Sachsenhausen-Süd";"326";"5.34";"5A";"A6";23;"8";60598
2565;"Ziegenhainer Straße";"";"";"";"";"";"9 ";"Dornbusch";"462";"9.69";" 9";"B3";41;"12";60433
2566;"Zillestraße";"";"";"";"";"";"7 ";"Praunheim";"423";"7.59";" 7";"A4";34;"11";60488
2567;"Zimmerweg";"";"";"";"";"";"2 ";"Westend-Süd";"100";"2.11";" 2";"A4";3;"13";60325
2568;"Zinzendorfweg";"";"";"";"";"";"6 ";"Sossenheim";"631";"6.53";"6C";"A7";58;"17";65936
2569;"Zobelstraße";"";"";"";"";"";"4 ";"Ostend";"140";"4.26";" 4";"A1";6;"5";60316
2571;"Zorbachstraße";"";"";"";"";"";"10";"Preungesheim";"470";"10.73";"10";"B3";42;"12";60435
2572;"Zuckschwerdtstraße";"gerade";"10";"";"56";"";"6 ";"Höchst";"580";"6.45";"6C";"A7";54;"17";65929
2572;"Zuckschwerdtstraße";"gerade";"58";"";"";"";"6 ";"Höchst";"570";"6.44";"6C";"A7";54;"17";65929
2572;"Zuckschwerdtstraße";"ungerade";"1";"";"45";"";"6 ";"Höchst";"580";"6.45";"6C";"A7";54;"17";65929
2572;"Zuckschwerdtstraße";"ungerade";"47";"";"59";"";"6 ";"Höchst";"570";"6.44";"6C";"A7";54;"17";65929
2573;"Zum-Jungen-Straße";"";"";"";"";"";"9 ";"Dornbusch";"463";"9.69";" 9";"B3";41;"12";60320
2574;"Zum Linnegraben";"gerade";"";"";"";"";"6 ";"Griesheim";"542";"6.40";"6A";"A3";52;"16";65933
2574;"Zum Linnegraben";"ungerade";"";"";"";"";"6 ";"Griesheim";"552";"6.41";"6A";"A3";52;"16";65933
2575;"Zum Pfarrturm";"";"";"";"";"";"1 ";"Altstadt";"010";"1.01";" 1";"A1";1;"1";60311
2576;"Zur Friedenseiche";"";"";"";"";"";"6 ";"Sindlingen";"601";"6.47";"6B";"A7";55;"17";65931
2577;"Zur Waldau";"";"";"";"";"";"6 ";"Schwanheim";"532";"6.37";"6A";"A6";51;"10";60529
2578;"Zwingergasse";"";"";"";"";"";"1 ";"Innenstadt";"050";"1.02";" 1";"A1";1;"1";60313
2580;"Zwischenstraße";"";"";"";"";"";"5 ";"Sachsenhausen-Nord";"331";"5.31";"5A";"A6";20;"8";60594
2581;"Holzweg";"";"";"";"";"";"7 ";"Praunheim";"423";"7.59";" 7";"A4";34;"11";60488
2582;"Rosenhof (Wohnplatz)";"";"";"";"";"";"6 ";"Sossenheim";"632";"6.54";"6C";"A7";58;"17";65936
2583;"Kaiserleibrücke";"";"";"";"";"";"4 ";"Ostend";"261";"4.27";" 4";"A1";6;"5";60314
2584;"Nidaforum";"";"";"";"";"";"8 ";"Heddernheim";"432";"8.62";" 8";"A2";36;"14";60439
2585;"Limescorso";"";"";"";"";"";"8 ";"Heddernheim";"432";"8.62";" 8";"A2";36;"14";60439
2586;"Nidacorso";"";"";"";"";"";"8 ";"Heddernheim";"432";"8.62";" 8";"A2";36;"14";60439
2587;"Tituscorso";"";"";"";"";"";"8 ";"Heddernheim";"432";"8.62";" 8";"A2";36;"14";60439
2588;"Niederurseler Steg";"";"";"";"";"";"8 ";"Heddernheim";"432";"8.62";" 8";"A2";36;"14";60439
2590;"Römerstadtsteg";"";"";"";"";"";"8 ";"Heddernheim";"432";"8.62";" 8";"A2";36;"14";60439
2591;"Praunheimer Steg";"";"";"";"";"";"8 ";"Heddernheim";"432";"8.62";" 8";"A2";36;"14";60439
2592;"Martin-Luther-King-Park";"";"";"";"";"";"8 ";"Niederursel";"481";"8.63";" 8";"A2";43;"14";60439
2593;"Arolser Straße";"";"";"";"";"";"11";"Seckbach";"390";"11.75";"11";"A1";31;"6";60389
2594;"Atzelbergstraße";"";"";"";"";"";"11";"Seckbach";"390";"11.75";"11";"A1";31;"6";60389
2595;"Atzelbergplatz";"";"";"";"";"";"11";"Seckbach";"390";"11.75";"11";"A1";31;"6";60389
2597;"Am Galgen (Wohnplatz)";"";"";"";"";"";"11";"Seckbach";"390";"11.75";"11";"A1";31;"6";60389
2598;"Am Hohlacker";"";"";"";"";"";"10";"Berkersheim";"500";"10.74";"10";"A2";47;"14";60435
2599;"An der Roseneller";"";"";"";"";"";"10";"Berkersheim";"500";"10.74";"10";"A2";47;"14";60435
2600;"Konrad-Adenauer-Straße";"gerade";"";"";"";"";"1 ";"Innenstadt";"070";"1.01";" 1";"A1";1;"1";60313
2600;"Konrad-Adenauer-Straße";"ungerade";"17";"";"";"";"1 ";"Innenstadt";"060";"1.02";" 1";"A1";1;"1";60313
2600;"Konrad-Adenauer-Straße";"ungerade";"5";"";"15";"";"1 ";"Innenstadt";"070";"1.01";" 1";"A1";1;"1";60313
2601;"Saonestraße";"";"";"";"";"";"5 ";"Niederrad";"373";"5.36";"5B";"A6";29;"10";60528
2602;"Eleonore-Sterling-Straße";"";"";"";"";"";"9 ";"Eschersheim";"451";"9.65";" 9";"B3";39;"12";60433
2603;"Ferdinand-Porsche-Straße";"gerade";"";"";"";"";"11";"Fechenheim";"520";"11.78";"11";"A1";49;"18";60386
2603;"Ferdinand-Porsche-Straße";"ungerade";"17";"";"53";"";"11";"Fechenheim";"520";"11.78";"11";"A1";49;"18";60386
2603;"Ferdinand-Porsche-Straße";"ungerade";"5";"";"15";"";"11";"Fechenheim";"510";"11.77";"11";"A1";48;"18";60386
2604;"Coventrystraße";"";"";"";"";"";"6 ";"Nied";"562";"6.43";"6A";"A7";53;"16";65934
2605;"Birminghamstraße";"";"";"";"";"";"6 ";"Nied";"562";"6.43";"6A";"A7";53;"16";65934
2606;"Am Niddatal";"";"";"";"";"";"7 ";"Hausen";"410";"7.58";" 7";"A4";26;"11";60488
2607;"Im Waldfeld";"";"";"";"";"";"7 ";"Hausen";"410";"7.58";" 7";"A4";26;"11";60488
2608;"An der Lühe";"";"";"";"";"";"7 ";"Hausen";"410";"7.58";" 7";"A4";26;"11";60488
2609;"Am Hirtenacker";"";"";"";"";"";"7 ";"Hausen";"410";"7.58";" 7";"A4";26;"11";60488
2610;"An der Litzelwiese";"gerade";"";"";"";"";"7 ";"Praunheim";"424";"7.60";" 7";"A4";35;"11";60488
2610;"An der Litzelwiese";"ungerade";"";"";"";"";"7 ";"Hausen";"410";"7.58";" 7";"A4";26;"11";60488
2611;"Im Heisenrath";"";"";"";"";"";"6 ";"Schwanheim";"532";"6.37";"6A";"A6";51;"10";60529
2612;"Mailänder Straße";"";"";"";"";"";"5 ";"Sachsenhausen-Süd";"323";"5.30";"5A";"A6";22;"8";60598
2613;"Morsestraße";"";"";"";"";"";"7 ";"Bockenheim";"343";"7.57";" 2";"A4";26;"11";60486
2614;"Im Mainfeld";"";"";"";"";"";"5 ";"Niederrad";"371";"5.35";"5B";"A6";28;"10";60528
2615;"An der Nachtweide";"";"";"";"";"";"9 ";"Eschersheim";"451";"9.65";" 9";"B3";39;"12";60433
2616;"An der Fischerweide";"";"";"";"";"";"10";"Eckenheim";"461";"10.72";"10";"B3";40;"12";60435
2617;"Mercatorstraße";"gerade";"";"";"";"";"3 ";"Nordend-Ost";"130";"3.20";" 3";"A1";5;"3";60316
2617;"Mercatorstraße";"ungerade";"";"";"";"";"3 ";"Nordend-West";"120";"3.21";" 3";"A1";5;"3";60316
2618;"Heinrich-Kraft-Park";"";"";"";"";"";"11";"Fechenheim";"510";"11.77";"11";"A1";48;"18";60386
2619;"Guerickestraße";"";"";"";"";"";"7 ";"Rödelheim";"401";"7.55";" 7";"A4";32;"11";60488
2620;"Ossietzkystraße";"";"";"";"";"";"5 ";"Sachsenhausen-Süd";"323";"5.30";"5A";"A6";22;"8";60598
2621;"Tucholskystraße";"";"";"";"";"";"5 ";"Sachsenhausen-Süd";"323";"5.30";"5A";"A6";22;"8";60598
2623;"Grazer Weg";"";"";"";"";"";"5 ";"Oberrad";"380";"5.28";"5A";"A6";30;"8";60599
2624;"Peter-Henlein-Straße";"";"";"";"";"";"10";"Eckenheim";"461";"10.72";"10";"B3";40;"12";60435
2625;"Senefelderweg";"";"";"";"";"";"10";"Eckenheim";"461";"10.72";"10";"B3";40;"12";60435
2626;"Kilianstädter Straße";"";"";"";"";"";"11";"Fechenheim";"510";"11.77";"11";"A1";48;"18";60386
2627;"Bruno-Stürmer-Straße";"";"";"";"";"";"6 ";"Schwanheim";"532";"6.37";"6A";"A6";51;"10";60529
2628;"Am Poloplatz";"";"";"";"";"";"5 ";"Niederrad";"373";"5.36";"5B";"A6";29;"10";60528
2629;"Miquelanlage";"";"";"";"";"";"2 ";"Bockenheim";"362";"2.12";" 2";"A4";27;"12";60431
2630;"Rosa-Luxemburg-Straße";"";"";"";"";"";"2 ";"Bockenheim";"362";"2.12";" 2";"A4";27;"12";60431
2630;"Rosa-Luxemburg-Straße";"";"";"";"";"";"2 ";"Bockenheim";"362";"2.12";" 2";"A4";27;"12";60487
2630;"Rosa-Luxemburg-Straße";"";"";"";"";"";"2 ";"Bockenheim";"362";"2.12";" 2";"A4";27;"3";60431
2630;"Rosa-Luxemburg-Straße";"";"";"";"";"";"2 ";"Bockenheim";"362";"2.12";" 2";"A4";27;"3";60487
2630;"Rosa-Luxemburg-Straße";"";"";"";"";"";"8 ";"Heddernheim";"431";"8.61";" 8";"A2";37;"14";60439
2630;"Rosa-Luxemburg-Straße";"";"";"";"";"";"8 ";"Heddernheim";"432";"8.62";" 8";"A2";36;"14";60439
2630;"Rosa-Luxemburg-Straße";"";"";"";"";"";"8 ";"Niederursel";"481";"8.63";" 8";"A2";43;"14";60438
2630;"Rosa-Luxemburg-Straße";"";"";"";"";"";"8 ";"Niederursel";"481";"8.63";" 8";"A2";43;"14";60439
2630;"Rosa-Luxemburg-Straße";"";"";"";"";"";"8 ";"Niederursel";"482";"8.64";" 8";"A2";44;"14";60438
2630;"Rosa-Luxemburg-Straße";"";"";"";"";"";"8 ";"Niederursel";"482";"8.64";" 8";"A2";44;"14";60439
2630;"Rosa-Luxemburg-Straße";"";"";"";"";"";"8 ";"Niederursel";"483";"8.63";" 8";"A2";43;"14";60438
2630;"Rosa-Luxemburg-Straße";"";"";"";"";"";"8 ";"Niederursel";"483";"8.63";" 8";"A2";43;"14";60439
2630;"Rosa-Luxemburg-Straße";"";"";"";"";"";"8 ";"Niederursel";"484";"8.63";" 8";"A2";43;"14";60438
2630;"Rosa-Luxemburg-Straße";"";"";"";"";"";"8 ";"Niederursel";"484";"8.63";" 8";"A2";43;"14";60439
2630;"Rosa-Luxemburg-Straße";"";"";"";"";"";"9 ";"Ginnheim";"441";"9.67";" 9";"A2";38;"12";60431
2630;"Rosa-Luxemburg-Straße";"";"";"";"";"";"9 ";"Ginnheim";"441";"9.67";" 9";"A2";38;"12";60439
2630;"Rosa-Luxemburg-Straße";"";"";"";"";"";"9 ";"Ginnheim";"441";"9.67";" 9";"A2";38;"14";60431
2630;"Rosa-Luxemburg-Straße";"";"";"";"";"";"9 ";"Ginnheim";"441";"9.67";" 9";"A2";38;"14";60439
2630;"Rosa-Luxemburg-Straße";"";"";"";"";"";"9 ";"Dornbusch";"442";"9.68";" 9";"B3";38;"12";60431
2631;"Julius-Leber-Weg";"";"";"";"";"";"6 ";"Sossenheim";"632";"6.54";"6C";"A7";58;"17";65936
2632;"Ernst-Wiss-Straße";"";"";"";"";"";"6 ";"Griesheim";"552";"6.41";"6A";"A3";52;"16";65933
2634;"Robert-Dißmann-Straße";"";"";"";"";"";"6 ";"Sossenheim";"632";"6.54";"6C";"A7";58;"17";65936
2635;"Toni-Sender-Straße";"";"";"";"";"";"6 ";"Sossenheim";"632";"6.54";"6C";"A7";58;"17";65936
2636;"Alte Fahrt";"";"";"";"";"";"13";"Nieder-Erlenbach";"640";"13.80";"13";"A2";59;"14";60437
2637;"Alt-Erlenbach";"";"";"";"";"";"13";"Nieder-Erlenbach";"640";"13.80";"13";"A2";59;"14";60437
2638;"Am Bier";"";"";"";"";"";"13";"Nieder-Erlenbach";"640";"13.80";"13";"A2";59;"14";60437
2639;"Am Buchbaum";"";"";"";"";"";"13";"Nieder-Erlenbach";"640";"13.80";"13";"A2";59;"14";60437
2640;"Am Eichbaum";"";"";"";"";"";"13";"Nieder-Erlenbach";"640";"13.80";"13";"A2";59;"14";60437
2641;"Am Klingelborn";"";"";"";"";"";"13";"Nieder-Erlenbach";"640";"13.80";"13";"A2";59;"14";60437
2642;"Am Satz";"";"";"";"";"";"13";"Nieder-Erlenbach";"640";"13.80";"13";"A2";59;"14";60437
2643;"Am Steinberg";"";"";"";"";"";"13";"Nieder-Erlenbach";"640";"13.80";"13";"A2";59;"14";60437
2644;"An den Bergen";"";"";"";"";"";"13";"Nieder-Erlenbach";"640";"13.80";"13";"A2";59;"14";60437
2645;"An der Bleiche";"";"";"";"";"";"13";"Nieder-Erlenbach";"640";"13.80";"13";"A2";59;"14";60437
2646;"Bornweg";"";"";"";"";"";"13";"Nieder-Erlenbach";"640";"13.80";"13";"A2";59;"14";60437
2647;"Brandenburger Weg";"";"";"";"";"";"13";"Nieder-Erlenbach";"640";"13.80";"13";"A2";59;"14";60437
2648;"Egerländer Straße";"";"";"";"";"";"13";"Nieder-Erlenbach";"640";"13.80";"13";"A2";59;"14";60437
2649;"Erlenbacher Stadtweg";"gerade";"2";"";"52";"";"13";"Nieder-Erlenbach";"640";"13.80";"13";"A2";59;"14";60437
2649;"Erlenbacher Stadtweg";"gerade";"88";"";"96";"";"14";"Harheim";"660";"14.81";"14";"A2";62;"14";60437
2649;"Erlenbacher Stadtweg";"ungerade";"";"";"";"";"13";"Nieder-Erlenbach";"640";"13.80";"13";"A2";59;"14";60437
2650;"Feldbergblick";"";"";"";"";"";"13";"Nieder-Erlenbach";"640";"13.80";"13";"A2";59;"14";60437
2651;"Hinterm Hain";"";"";"";"";"";"13";"Nieder-Erlenbach";"640";"13.80";"13";"A2";59;"14";60437
2652;"Hohe Brück";"";"";"";"";"";"13";"Nieder-Erlenbach";"640";"13.80";"13";"A2";59;"14";60437
2653;"Im Fuchsloch";"";"";"";"";"";"13";"Nieder-Erlenbach";"640";"13.80";"13";"A2";59;"14";60437
2654;"Kapersburgstraße";"";"";"";"";"";"13";"Nieder-Erlenbach";"640";"13.80";"13";"A2";59;"14";60437
2655;"Kurmarkstraße";"";"";"";"";"";"13";"Nieder-Erlenbach";"640";"13.80";"13";"A2";59;"14";60437
2656;"Lochmühlstraße";"";"";"";"";"";"13";"Nieder-Erlenbach";"640";"13.80";"13";"A2";59;"14";60437
2657;"Märker Straße";"";"";"";"";"";"13";"Nieder-Erlenbach";"640";"13.80";"13";"A2";59;"14";60437
2658;"Neue Fahrt";"";"";"";"";"";"13";"Nieder-Erlenbach";"640";"13.80";"13";"A2";59;"14";60437
2659;"Niedereschbacher Straße";"";"";"";"";"";"13";"Nieder-Erlenbach";"640";"13.80";"13";"A2";59;"14";60437
2660;"Obere Burggasse";"";"";"";"";"";"13";"Nieder-Erlenbach";"640";"13.80";"13";"A2";59;"14";60437
2661;"Pommernstraße";"";"";"";"";"";"13";"Nieder-Erlenbach";"640";"13.80";"13";"A2";59;"14";60437
2662;"Schönblick";"";"";"";"";"";"13";"Nieder-Erlenbach";"640";"13.80";"13";"A2";59;"14";60437
2663;"Sudetenstraße";"";"";"";"";"";"13";"Nieder-Erlenbach";"640";"13.80";"13";"A2";59;"14";60437
2664;"Untere Burggasse";"";"";"";"";"";"13";"Nieder-Erlenbach";"640";"13.80";"13";"A2";59;"14";60437
2665;"Zum Erlengrund";"";"";"";"";"";"13";"Nieder-Erlenbach";"640";"13.80";"13";"A2";59;"14";60437
2666;"Zum Schäferköppel";"";"";"";"";"";"13";"Nieder-Erlenbach";"640";"13.80";"13";"A2";59;"14";60437
2667;"Zur Charlottenburg";"";"";"";"";"";"13";"Nieder-Erlenbach";"640";"13.80";"13";"A2";59;"14";60437
2668;"Zur Obermühle";"";"";"";"";"";"13";"Nieder-Erlenbach";"640";"13.80";"13";"A2";59;"14";60437
2669;"Alt-Kalbach";"";"";"";"";"";"12";"Kalbach-Riedberg";"650";"12.79";"12";"A2";60;"14";60437
2670;"Am Brunnengarten";"";"";"";"";"";"12";"Kalbach-Riedberg";"650";"12.79";"12";"A2";60;"14";60437
2671;"Am Hang";"";"";"";"";"";"12";"Kalbach-Riedberg";"650";"12.79";"12";"A2";60;"14";60437
2672;"Am Hasensprung";"";"";"";"";"";"12";"Kalbach-Riedberg";"650";"12.79";"12";"A2";60;"14";60437
2673;"Am Hopfenbrunnen";"";"";"";"";"";"12";"Kalbach-Riedberg";"650";"12.79";"12";"A2";60;"14";60437
2674;"Am Markstein";"";"";"";"";"";"12";"Kalbach-Riedberg";"650";"12.79";"12";"A2";60;"14";60437
2675;"Am Oberschlag";"";"";"";"";"";"12";"Kalbach-Riedberg";"650";"12.79";"12";"A2";60;"14";60437
2676;"Am Weißberg";"";"";"";"";"";"12";"Kalbach-Riedberg";"650";"12.79";"12";"A2";60;"14";60437
2677;"Am Weißkirchener Berg";"";"";"";"";"";"12";"Kalbach-Riedberg";"650";"12.79";"12";"A2";60;"14";60437
2678;"Am Zedernholz";"";"";"";"";"";"12";"Kalbach-Riedberg";"650";"12.79";"12";"A2";60;"14";60437
2679;"An der Bergstraße";"";"";"";"";"";"12";"Kalbach-Riedberg";"650";"12.79";"12";"A2";60;"14";60437
2680;"An der Grünhohl";"";"";"";"";"";"12";"Kalbach-Riedberg";"650";"12.79";"12";"A2";60;"14";60437
2681;"An der Wellenburg";"";"";"";"";"";"12";"Kalbach-Riedberg";"650";"12.79";"12";"A2";60;"14";60437
2682;"Bachstraße";"";"";"";"";"";"12";"Kalbach-Riedberg";"650";"12.79";"12";"A2";60;"14";60437
2683;"Bonifatiusstraße";"";"";"";"";"";"12";"Kalbach-Riedberg";"650";"12.79";"12";"A2";60;"14";60437
2684;"Carbonestraße";"";"";"";"";"";"12";"Kalbach-Riedberg";"650";"12.79";"12";"A2";60;"14";60437
2685;"Falkenweg";"";"";"";"";"";"12";"Kalbach-Riedberg";"650";"12.79";"12";"A2";60;"14";60437
2686;"Fasanenweg";"";"";"";"";"";"12";"Kalbach-Riedberg";"650";"12.79";"12";"A2";60;"14";60437
2687;"Gickelgasse";"";"";"";"";"";"12";"Kalbach-Riedberg";"650";"12.79";"12";"A2";60;"14";60437
2688;"Grubweg";"";"";"";"";"";"12";"Kalbach-Riedberg";"650";"12.79";"12";"A2";60;"14";60437
2689;"Habichtsweg";"";"";"";"";"";"12";"Kalbach-Riedberg";"650";"12.79";"12";"A2";60;"14";60437
2690;"Hullach";"";"";"";"";"";"12";"Kalbach-Riedberg";"650";"12.79";"12";"A2";60;"14";60437
2691;"Im Hain";"";"";"";"";"";"12";"Kalbach-Riedberg";"650";"12.79";"12";"A2";60;"14";60437
2692;"Im Kirschenwäldchen";"";"";"";"";"";"12";"Kalbach-Riedberg";"650";"12.79";"12";"A2";60;"14";60437
2693;"Im Wiesengrund";"";"";"";"";"";"12";"Kalbach-Riedberg";"650";"12.79";"12";"A2";60;"14";60437
2694;"In der Wink";"";"";"";"";"";"12";"Kalbach-Riedberg";"650";"12.79";"12";"A2";60;"14";60437
2695;"Kalbacher Hauptstraße";"";"";"";"";"";"12";"Kalbach-Riedberg";"650";"12.79";"12";"A2";60;"14";60437
2696;"Kalbacher Stadtpfad";"";"";"";"";"";"12";"Kalbach-Riedberg";"650";"12.79";"12";"A2";60;"14";60437
2697;"Lange Meile";"";"";"";"";"";"12";"Kalbach-Riedberg";"650";"12.79";"12";"A2";60;"14";60437
2698;"Neugasse";"";"";"";"";"";"12";"Kalbach-Riedberg";"650";"12.79";"12";"A2";60;"14";60437
2700;"Schwalbenweg";"";"";"";"";"";"12";"Kalbach-Riedberg";"650";"12.79";"12";"A2";60;"14";60437
2701;"Sperberweg";"";"";"";"";"";"12";"Kalbach-Riedberg";"650";"12.79";"12";"A2";60;"14";60437
2702;"Talstraße";"";"";"";"";"";"12";"Kalbach-Riedberg";"650";"12.79";"12";"A2";60;"14";60437
2703;"Wirschelweg";"";"";"";"";"";"12";"Kalbach-Riedberg";"650";"12.79";"12";"A2";60;"14";60437
2704;"Zum Bergwerk";"";"";"";"";"";"12";"Kalbach-Riedberg";"650";"12.79";"12";"A2";60;"14";60437
2705;"Zum Schlinkenborn";"";"";"";"";"";"12";"Kalbach-Riedberg";"650";"12.79";"12";"A2";60;"14";60437
2706;"Alt-Harheim";"";"";"";"";"";"14";"Harheim";"660";"14.81";"14";"A2";62;"14";60437
2707;"Am Auweg";"";"";"";"";"";"14";"Harheim";"660";"14.81";"14";"A2";62;"14";60437
2708;"Am Entenpfad";"";"";"";"";"";"14";"Harheim";"660";"14.81";"14";"A2";62;"14";60437
2709;"Am Eschbachtal";"";"";"";"";"";"14";"Harheim";"660";"14.81";"14";"A2";62;"14";60437
2710;"Am Römerbrunnen";"";"";"";"";"";"14";"Harheim";"660";"14.81";"14";"A2";62;"14";60437
2711;"Am Wetterhahn";"";"";"";"";"";"14";"Harheim";"660";"14.81";"14";"A2";62;"14";60437
2712;"An der Pfarrwiese";"";"";"";"";"";"14";"Harheim";"660";"14.81";"14";"A2";62;"14";60437
2713;"Bürgerstraße";"";"";"";"";"";"14";"Harheim";"660";"14.81";"14";"A2";62;"14";60437
2714;"Eckstraße";"";"";"";"";"";"14";"Harheim";"660";"14.81";"14";"A2";62;"14";60437
2715;"Grundweg";"";"";"";"";"";"14";"Harheim";"660";"14.81";"14";"A2";62;"14";60437
2716;"Haintalstraße";"";"";"";"";"";"14";"Harheim";"660";"14.81";"14";"A2";62;"14";60437
2717;"Harheimer Stadtweg";"";"";"";"";"";"14";"Harheim";"660";"14.81";"14";"A2";62;"14";60437
2718;"Hermannspforte";"";"";"";"";"";"14";"Harheim";"660";"14.81";"14";"A2";62;"14";60437
2719;"Hochfeldstraße";"";"";"";"";"";"14";"Harheim";"660";"14.81";"14";"A2";62;"14";60437
2720;"Im Kalk";"";"";"";"";"";"14";"Harheim";"660";"14.81";"14";"A2";62;"14";60437
2721;"In den Biegen";"";"";"";"";"";"14";"Harheim";"660";"14.81";"14";"A2";62;"14";60437
2722;"Keltenstraße";"";"";"";"";"";"14";"Harheim";"660";"14.81";"14";"A2";62;"14";60437
2723;"Korffstraße";"";"";"";"";"";"14";"Harheim";"660";"14.81";"14";"A2";62;"14";60437
2724;"Maßbornstraße";"";"";"";"";"";"14";"Harheim";"660";"14.81";"14";"A2";62;"14";60437
2725;"Merzenstraße";"";"";"";"";"";"14";"Harheim";"660";"14.81";"14";"A2";62;"14";60437
2726;"Philipp-Schnell-Straße";"";"";"";"";"";"14";"Harheim";"660";"14.81";"14";"A2";62;"14";60437
2727;"Quellenstraße";"";"";"";"";"";"14";"Harheim";"660";"14.81";"14";"A2";62;"14";60437
2728;"Reginastraße";"";"";"";"";"";"14";"Harheim";"660";"14.81";"14";"A2";62;"14";60437
2729;"Riedhalsstraße";"";"";"";"";"";"14";"Harheim";"660";"14.81";"14";"A2";62;"14";60437
2730;"Spitzenstraße";"";"";"";"";"";"14";"Harheim";"660";"14.81";"14";"A2";62;"14";60437
2731;"Steinritzstraße";"";"";"";"";"";"14";"Harheim";"660";"14.81";"14";"A2";62;"14";60437
2732;"Tempelgasse";"";"";"";"";"";"14";"Harheim";"660";"14.81";"14";"A2";62;"14";60437
2733;"Urnbergweg";"";"";"";"";"";"14";"Harheim";"660";"14.81";"14";"A2";62;"14";60437
2734;"Winkelgasse";"";"";"";"";"";"14";"Harheim";"660";"14.81";"14";"A2";62;"14";60437
2735;"Zur Untermühle";"";"";"";"";"";"14";"Harheim";"660";"14.81";"14";"A2";62;"14";60437
2736;"Albert-Schweitzer-Straße";"";"";"";"";"";"15";"Nieder-Eschbach";"670";"15.82";"15";"A2";63;"14";60437
2737;"Alte Hofgasse";"";"";"";"";"";"15";"Nieder-Eschbach";"670";"15.82";"15";"A2";63;"14";60437
2738;"Altvaterstraße";"";"";"";"";"";"15";"Nieder-Eschbach";"670";"15.82";"15";"A2";63;"14";60437
2739;"Leo-Tolstoj-Straße";"";"";"";"";"";"15";"Nieder-Eschbach";"670";"15.82";"15";"A2";63;"14";60437
2740;"Am Sprudel";"";"";"";"";"";"15";"Nieder-Eschbach";"670";"15.82";"15";"A2";63;"14";60437
2741;"An der Bornhohl";"";"";"";"";"";"15";"Nieder-Eschbach";"670";"15.82";"15";"A2";63;"14";60437
2742;"Bert-Brecht-Straße";"";"";"";"";"";"15";"Nieder-Eschbach";"670";"15.82";"15";"A2";63;"14";60437
2743;"Karl-Bieber-Höhe";"";"";"";"";"";"15";"Nieder-Eschbach";"670";"15.82";"15";"A2";63;"14";60437
2744;"Lagwiesenweg";"";"";"";"";"";"15";"Nieder-Eschbach";"670";"15.82";"15";"A2";63;"14";60437
2745;"Oberer Kirchwiesenweg";"";"";"";"";"";"15";"Nieder-Eschbach";"670";"15.82";"15";"A2";63;"14";60437
2746;"Schmiedgasse";"";"";"";"";"";"15";"Nieder-Eschbach";"670";"15.82";"15";"A2";63;"14";60437
2747;"Tannenweg";"";"";"";"";"";"15";"Nieder-Eschbach";"670";"15.82";"15";"A2";63;"14";60437
2748;"Unterer Kirchwiesenweg";"";"";"";"";"";"15";"Nieder-Eschbach";"670";"15.82";"15";"A2";63;"14";60437
2749;"Urseler Weg";"";"";"";"";"";"15";"Nieder-Eschbach";"670";"15.82";"15";"A2";63;"14";60437
2751;"Hinter der Krebsmühle";"";"";"";"";"";"8 ";"Niederursel";"482";"8.64";" 8";"A2";44;"14";60439
2752;"Albert-Einstein-Straße";"";"";"";"";"";"15";"Nieder-Eschbach";"670";"15.82";"15";"A2";63;"14";60437
2753;"Alt-Niedereschbach";"";"";"";"";"";"15";"Nieder-Eschbach";"670";"15.82";"15";"A2";63;"14";60437
2754;"Am Hollerbusch";"";"";"";"";"";"15";"Nieder-Eschbach";"670";"15.82";"15";"A2";63;"14";60437
2755;"Am Lehenweg";"";"";"";"";"";"15";"Nieder-Eschbach";"670";"15.82";"15";"A2";63;"14";60437
2756;"An der Walkmühle";"";"";"";"";"";"15";"Nieder-Eschbach";"670";"15.82";"15";"A2";63;"14";60437
2757;"Aschebachstraße";"";"";"";"";"";"15";"Nieder-Eschbach";"670";"15.82";"15";"A2";63;"14";60437
2758;"Auf dem Ried";"";"";"";"";"";"15";"Nieder-Eschbach";"670";"15.82";"15";"A2";63;"14";60437
2759;"Auf der Steinern Straße";"gerade";"";"";"";"";"15";"Nieder-Eschbach";"670";"15.82";"15";"A2";63;"14";60437
2759;"Auf der Steinern Straße";"ungerade";"1";"";"7";"";"15";"Nieder-Eschbach";"670";"15.82";"15";"A2";63;"14";60437
2759;"Auf der Steinern Straße";"ungerade";"15";"";"";"";"10";"Bonames";"491";"10.70";"10";"A2";45;"14";60437
2760;"Bathgartenweg";"";"";"";"";"";"15";"Nieder-Eschbach";"670";"15.82";"15";"A2";63;"14";60437
2761;"Berner Straße";"";"";"";"";"";"15";"Nieder-Eschbach";"670";"15.82";"15";"A2";63;"14";60437
2762;"Budapester Straße";"";"";"";"";"";"15";"Nieder-Eschbach";"670";"15.82";"15";"A2";63;"14";60437
2763;"Dahlienstraße";"";"";"";"";"";"15";"Nieder-Eschbach";"670";"15.82";"15";"A2";63;"14";60437
2764;"Deuil-La-Barre-Straße";"";"";"";"";"";"15";"Nieder-Eschbach";"670";"15.82";"15";"A2";63;"14";60437
2765;"Fritz-Erler-Straße";"";"";"";"";"";"15";"Nieder-Eschbach";"670";"15.82";"15";"A2";63;"14";60437
2766;"Genfer Straße";"";"";"";"";"";"15";"Nieder-Eschbach";"670";"15.82";"15";"A2";63;"14";60437
2767;"Georg-Büchner-Straße";"";"";"";"";"";"15";"Nieder-Eschbach";"670";"15.82";"15";"A2";63;"14";60437
2768;"Glockengasse";"";"";"";"";"";"15";"Nieder-Eschbach";"670";"15.82";"15";"A2";63;"14";60437
2769;"Glogauer Straße";"";"";"";"";"";"15";"Nieder-Eschbach";"670";"15.82";"15";"A2";63;"14";60437
2770;"Görlitzer Straße";"";"";"";"";"";"15";"Nieder-Eschbach";"670";"15.82";"15";"A2";63;"14";60437
2771;"Gustav-Mahler-Straße";"";"";"";"";"";"15";"Nieder-Eschbach";"670";"15.82";"15";"A2";63;"14";60437
2772;"Heinrich-Becker-Straße";"";"";"";"";"";"15";"Nieder-Eschbach";"670";"15.82";"15";"A2";63;"14";60437
2773;"Ludwig-Quidde-Straße";"";"";"";"";"";"15";"Nieder-Eschbach";"670";"15.82";"15";"A2";63;"14";60437
2774;"Max-Planck-Straße";"";"";"";"";"";"15";"Nieder-Eschbach";"670";"15.82";"15";"A2";63;"14";60437
2775;"Narzissenstraße";"";"";"";"";"";"15";"Nieder-Eschbach";"670";"15.82";"15";"A2";63;"14";60437
2776;"Niedereschbacher Stadtweg";"";"";"";"";"";"15";"Nieder-Eschbach";"670";"15.82";"15";"A2";63;"14";60437
2777;"Prager Straße";"";"";"";"";"";"15";"Nieder-Eschbach";"670";"15.82";"15";"A2";63;"14";60437
2778;"Rilkestraße";"";"";"";"";"";"15";"Nieder-Eschbach";"670";"15.82";"15";"A2";63;"14";60437
2779;"Rudolf-Breitscheid-Straße";"";"";"";"";"";"15";"Nieder-Eschbach";"670";"15.82";"15";"A2";63;"14";60437
2780;"Tulpenweg";"";"";"";"";"";"15";"Nieder-Eschbach";"670";"15.82";"15";"A2";63;"14";60437
2781;"Weimarer Straße";"";"";"";"";"";"15";"Nieder-Eschbach";"670";"15.82";"15";"A2";63;"14";60437
2782;"Zum Eschbachsteg";"";"";"";"";"";"15";"Nieder-Eschbach";"670";"15.82";"15";"A2";63;"14";60437
2783;"Hugo-Eckener-Ring";"";"";"";"";"";"5 ";"Flughafen";"329";"5.34";"5A";"A6";23;"19";60549
2784;"Victor-Gollancz-Weg";"";"";"";"";"";"9 ";"Eschersheim";"451";"9.65";" 9";"B3";39;"12";60433
2785;"Maybachbrücke";"";"";"";"";"";"8 ";"Heddernheim";"431";"8.61";" 8";"A2";37;"12";60439
2785;"Maybachbrücke";"";"";"";"";"";"8 ";"Heddernheim";"431";"8.61";" 8";"A2";37;"14";60439
2785;"Maybachbrücke";"";"";"";"";"";"9 ";"Eschersheim";"451";"9.65";" 9";"B3";39;"12";60433
2785;"Maybachbrücke";"";"";"";"";"";"9 ";"Eschersheim";"451";"9.65";" 9";"B3";39;"14";60433
2785;"Maybachbrücke";"";"";"";"";"";"9 ";"Eschersheim";"451";"9.65";" 9";"B3";39;"14";60439
2785;"Maybachbrücke";"";"";"";"";"";"9 ";"Eschersheim";"452";"9.66";" 9";"B3";39;"12";60433
2785;"Maybachbrücke";"";"";"";"";"";"9 ";"Eschersheim";"452";"9.66";" 9";"B3";39;"12";60439
2785;"Maybachbrücke";"";"";"";"";"";"9 ";"Eschersheim";"452";"9.66";" 9";"B3";39;"14";60433
2785;"Maybachbrücke";"";"";"";"";"";"9 ";"Eschersheim";"452";"9.66";" 9";"B3";39;"14";60439
2786;"Dörpfeldstraße";"";"";"";"";"";"10";"Eckenheim";"461";"10.72";"10";"B3";40;"12";60435
2787;"Heinrich-Berbalk-Straße";"";"";"";"";"";"15";"Nieder-Eschbach";"670";"15.82";"15";"A2";63;"14";60437
2788;"Konrad-Duden-Weg";"";"";"";"";"";"15";"Nieder-Eschbach";"670";"15.82";"15";"A2";63;"14";60437
2789;"Friedensallee (Neu-Isenburg)";"";"";"";"";"";"5 ";"Sachsenhausen-Süd";"323";"5.30";"5A";"A6";22;"";63263
2790;"Emser Brücke";"";"";"";"";"";"1 ";"Gallus";"161";"1.06";" 1";"A3";7;"13";60327
2790;"Emser Brücke";"";"";"";"";"";"1 ";"Gallus";"161";"1.06";" 1";"A3";7;"4";60327
2790;"Emser Brücke";"";"";"";"";"";"2 ";"Westend-Süd";"170";"2.11";" 2";"A4";3;"13";60327
2790;"Emser Brücke";"";"";"";"";"";"2 ";"Westend-Süd";"170";"2.11";" 2";"A4";3;"13";60486
2790;"Emser Brücke";"";"";"";"";"";"2 ";"Bockenheim";"341";"2.13";" 2";"A4";25;"13";60486
2791;"Esperantostraße";"";"";"";"";"";"5 ";"Sachsenhausen-Süd";"323";"5.30";"5A";"A6";22;"8";60598
2792;"Carl-Barthel-Weg";"";"";"";"";"";"5 ";"Sachsenhausen-Süd";"323";"5.30";"5A";"A6";22;"8";60598
2793;"Ludwig-Zamenhof-Weg";"";"";"";"";"";"5 ";"Sachsenhausen-Süd";"323";"5.30";"5A";"A6";22;"8";60598
2794;"Ferdinand-Schrey-Weg";"";"";"";"";"";"5 ";"Sachsenhausen-Süd";"323";"5.30";"5A";"A6";22;"8";60598
2795;"Ben-Gurion-Ring";"gerade";"102";"";"170";"";"10";"Bonames";"491";"10.70";"10";"A2";45;"14";60437
2795;"Ben-Gurion-Ring";"gerade";"172";"";"186";"";"15";"Nieder-Eschbach";"670";"15.82";"15";"A2";63;"14";60437
2795;"Ben-Gurion-Ring";"gerade";"2";"";"100";"";"15";"Nieder-Eschbach";"670";"15.82";"15";"A2";63;"14";60437
2795;"Ben-Gurion-Ring";"ungerade";"21";"";"91";"";"15";"Nieder-Eschbach";"670";"15.82";"15";"A2";63;"14";60437
2795;"Ben-Gurion-Ring";"ungerade";"95";"";"163";"";"10";"Bonames";"491";"10.70";"10";"A2";45;"14";60437
2796;"In den Seewiesen";"";"";"";"";"";"12";"Kalbach-Riedberg";"650";"12.79";"12";"A2";60;"14";60437
2797;"Mecklenburger Straße";"";"";"";"";"";"13";"Nieder-Erlenbach";"640";"13.80";"13";"A2";59;"14";60437
2798;"Im Geiersrain";"";"";"";"";"";"10";"Berkersheim";"500";"10.74";"10";"A2";47;"14";60435
2799;"Herchenhainer Weg";"";"";"";"";"";"10";"Preungesheim";"470";"10.73";"10";"B3";42;"12";60435
2800;"Im Sauern";"";"";"";"";"";"13";"Nieder-Erlenbach";"640";"13.80";"13";"A2";59;"14";60437
2801;"Im Feldchen";"";"";"";"";"";"13";"Nieder-Erlenbach";"640";"13.80";"13";"A2";59;"14";60437
2802;"Hohe Stätte";"";"";"";"";"";"13";"Nieder-Erlenbach";"640";"13.80";"13";"A2";59;"14";60437
2803;"Am Hofgut Goldstein";"";"";"";"";"";"6 ";"Schwanheim";"532";"6.37";"6A";"A6";51;"10";60529
2804;"In den Schafgärten";"";"";"";"";"";"14";"Harheim";"660";"14.81";"14";"A2";62;"14";60437
2829;"Auf der Steinritz";"";"";"";"";"";"13";"Nieder-Erlenbach";"640";"13.80";"13";"A2";59;"14";60437
2830;"Im Storchenhain";"";"";"";"";"";"10";"Bonames";"491";"10.70";"10";"A2";45;"14";60437
2831;"Turiner Straße";"";"";"";"";"";"5 ";"Sachsenhausen-Süd";"323";"5.30";"5A";"A6";22;"8";60598
2833;"Otto-Brenner-Straße";"";"";"";"";"";"6 ";"Sossenheim";"632";"6.54";"6C";"A7";58;"17";65936
2834;"Alfred-Göbel-Weg";"";"";"";"";"";"16";"Bergen-Enkheim";"680";"16.83";"16";"A1";64;"18";60388
2835;"Alt-Bergen";"";"";"";"";"";"16";"Bergen-Enkheim";"680";"16.83";"16";"A1";64;"18";60388
2836;"Alt-Enkheim";"";"";"";"";"";"16";"Bergen-Enkheim";"680";"16.83";"16";"A1";64;"18";60388
2837;"Am Bächelchen";"";"";"";"";"";"16";"Bergen-Enkheim";"680";"16.83";"16";"A1";64;"18";60388
2838;"Am Berger Spielhaus";"";"";"";"";"";"16";"Bergen-Enkheim";"680";"16.83";"16";"A1";64;"18";60388
2839;"Am Bienenstock";"";"";"";"";"";"16";"Bergen-Enkheim";"680";"16.83";"16";"A1";64;"18";60388
2840;"Am Günthersbrunnen";"";"";"";"";"";"16";"Bergen-Enkheim";"680";"16.83";"16";"A1";64;"18";60388
2841;"Am Hessenborn";"";"";"";"";"";"16";"Bergen-Enkheim";"680";"16.83";"16";"A1";64;"18";60388
2842;"Am Hessen-Center";"";"";"";"";"";"16";"Bergen-Enkheim";"680";"16.83";"16";"A1";64;"18";60388
2843;"Am Königshof";"";"";"";"";"";"16";"Bergen-Enkheim";"680";"16.83";"16";"A1";64;"18";60388
2844;"Am Michlersbrunnen";"";"";"";"";"";"16";"Bergen-Enkheim";"680";"16.83";"16";"A1";64;"18";60388
2845;"Am Mispelbusch";"";"";"";"";"";"16";"Bergen-Enkheim";"680";"16.83";"16";"A1";64;"18";60388
2846;"Am Rebenborn";"";"";"";"";"";"16";"Bergen-Enkheim";"680";"16.83";"16";"A1";64;"18";60388
2847;"Am Villaberg";"";"";"";"";"";"16";"Bergen-Enkheim";"680";"16.83";"16";"A1";64;"18";60388
2848;"Am Vogelherd";"";"";"";"";"";"16";"Bergen-Enkheim";"680";"16.83";"16";"A1";64;"18";60388
2849;"Am Waldacker";"";"";"";"";"";"16";"Bergen-Enkheim";"680";"16.83";"16";"A1";64;"18";60388
2850;"Am Weißen Turm";"";"";"";"";"";"16";"Bergen-Enkheim";"680";"16.83";"16";"A1";64;"18";60388
2851;"An den Gerlachswiesen";"";"";"";"";"";"16";"Bergen-Enkheim";"680";"16.83";"16";"A1";64;"18";60388
2852;"An der Gruckau";"";"";"";"";"";"16";"Bergen-Enkheim";"680";"16.83";"16";"A1";64;"18";60388
2853;"An der Oberpforte";"";"";"";"";"";"16";"Bergen-Enkheim";"680";"16.83";"16";"A1";64;"18";60388
2854;"An der Pfaffenmauer";"";"";"";"";"";"16";"Bergen-Enkheim";"680";"16.83";"16";"A1";64;"18";60388
2855;"Arnswalder Straße";"";"";"";"";"";"16";"Bergen-Enkheim";"680";"16.83";"16";"A1";64;"18";60388
2856;"Auerbacher Straße";"";"";"";"";"";"16";"Bergen-Enkheim";"680";"16.83";"16";"A1";64;"18";60388
2857;"Bachrain";"";"";"";"";"";"16";"Bergen-Enkheim";"680";"16.83";"16";"A1";64;"18";60388
2858;"Barbarossastraße";"";"";"";"";"";"16";"Bergen-Enkheim";"680";"16.83";"16";"A1";64;"18";60388
2859;"Beckerserlen";"";"";"";"";"";"16";"Bergen-Enkheim";"680";"16.83";"16";"A1";64;"18";60388
2860;"Berger Marktplatz";"";"";"";"";"";"16";"Bergen-Enkheim";"680";"16.83";"16";"A1";64;"18";60388
2861;"Bessemerstraße";"";"";"";"";"";"16";"Bergen-Enkheim";"680";"16.83";"16";"A1";64;"18";60388
2862;"Bornweidstraße";"";"";"";"";"";"16";"Bergen-Enkheim";"680";"16.83";"16";"A1";64;"18";60388
2863;"Bruderhofstraße";"";"";"";"";"";"16";"Bergen-Enkheim";"680";"16.83";"16";"A1";64;"18";60388
2864;"Carl-Schultis-Straße";"";"";"";"";"";"16";"Bergen-Enkheim";"680";"16.83";"16";"A1";64;"18";60388
2865;"Carl-Zeiss-Straße";"";"";"";"";"";"16";"Bergen-Enkheim";"680";"16.83";"16";"A1";64;"18";60388
2866;"Conrad-Weil-Gasse";"";"";"";"";"";"16";"Bergen-Enkheim";"680";"16.83";"16";"A1";64;"18";60388
2867;"Echzeller Straße";"";"";"";"";"";"16";"Bergen-Enkheim";"680";"16.83";"16";"A1";64;"18";60388
2868;"Edisonstraße";"";"";"";"";"";"16";"Bergen-Enkheim";"680";"16.83";"16";"A1";64;"18";60388
2869;"Erich-Kästner-Straße";"";"";"";"";"";"16";"Bergen-Enkheim";"680";"16.83";"16";"A1";64;"18";60388
2870;"Erlenseer Straße";"";"";"";"";"";"16";"Bergen-Enkheim";"680";"16.83";"16";"A1";64;"18";60388
2871;"Florianweg";"";"";"";"";"";"16";"Bergen-Enkheim";"680";"16.83";"16";"A1";64;"18";60388
2872;"Fritz-Schubert-Ring";"";"";"";"";"";"16";"Bergen-Enkheim";"680";"16.83";"16";"A1";64;"18";60388
2873;"Gangstraße";"";"";"";"";"";"16";"Bergen-Enkheim";"680";"16.83";"16";"A1";64;"18";60388
2874;"Gräsigter Weg";"";"";"";"";"";"16";"Bergen-Enkheim";"680";"16.83";"16";"A1";64;"18";60388
2875;"Hahnenkammstraße";"";"";"";"";"";"16";"Bergen-Enkheim";"680";"16.83";"16";"A1";64;"18";60388
2876;"Haingasse";"";"";"";"";"";"16";"Bergen-Enkheim";"680";"16.83";"16";"A1";64;"18";60388
2877;"Hammersbacher Weg";"";"";"";"";"";"16";"Bergen-Enkheim";"680";"16.83";"16";"A1";64;"18";60388
2878;"Heilsberger Straße";"";"";"";"";"";"16";"Bergen-Enkheim";"680";"16.83";"16";"A1";64;"18";60388
2879;"Heinrich-Bingemer-Weg";"";"";"";"";"";"16";"Bergen-Enkheim";"680";"16.83";"16";"A1";64;"18";60388
2880;"Heinrich-Zinß-Weg";"";"";"";"";"";"16";"Bergen-Enkheim";"680";"16.83";"16";"A1";64;"18";60388
2881;"Hinter den Obergärten";"";"";"";"";"";"16";"Bergen-Enkheim";"680";"16.83";"16";"A1";64;"18";60388
2882;"Hinter der Burg";"";"";"";"";"";"16";"Bergen-Enkheim";"680";"16.83";"16";"A1";64;"18";60388
2883;"Hubertusgasse";"";"";"";"";"";"16";"Bergen-Enkheim";"680";"16.83";"16";"A1";64;"18";60388
2884;"Im Bleichgarten";"";"";"";"";"";"16";"Bergen-Enkheim";"680";"16.83";"16";"A1";64;"18";60388
2885;"Im Hermeshain";"";"";"";"";"";"16";"Bergen-Enkheim";"680";"16.83";"16";"A1";64;"18";60388
2886;"Im Rosenträger";"";"";"";"";"";"16";"Bergen-Enkheim";"680";"16.83";"16";"A1";64;"18";60388
2887;"Im Sperber";"";"";"";"";"";"16";"Bergen-Enkheim";"680";"16.83";"16";"A1";64;"18";60388
2888;"Im Wickengarten";"";"";"";"";"";"16";"Bergen-Enkheim";"680";"16.83";"16";"A1";64;"18";60388
2889;"Im Winkel";"";"";"";"";"";"16";"Bergen-Enkheim";"680";"16.83";"16";"A1";64;"18";60388
2890;"Isenburgstraße";"";"";"";"";"";"16";"Bergen-Enkheim";"680";"16.83";"16";"A1";64;"18";60388
2891;"Johann-Usener-Straße";"";"";"";"";"";"16";"Bergen-Enkheim";"680";"16.83";"16";"A1";64;"18";60388
2892;"Kreuzbergstraße";"";"";"";"";"";"16";"Bergen-Enkheim";"680";"16.83";"16";"A1";64;"18";60388
2893;"Krummauer Straße";"";"";"";"";"";"16";"Bergen-Enkheim";"680";"16.83";"16";"A1";64;"18";60388
2894;"Landgraben";"";"";"";"";"";"16";"Bergen-Enkheim";"680";"16.83";"16";"A1";64;"18";60388
2895;"Laurentiusstraße";"";"";"";"";"";"16";"Bergen-Enkheim";"680";"16.83";"16";"A1";64;"18";60388
2896;"Leuchte";"";"";"";"";"";"16";"Bergen-Enkheim";"680";"16.83";"16";"A1";64;"18";60388
2897;"Ludwig-Klemann-Weg";"";"";"";"";"";"16";"Bergen-Enkheim";"680";"16.83";"16";"A1";64;"18";60388
2898;"Marktstraße";"";"";"";"";"";"16";"Bergen-Enkheim";"680";"16.83";"16";"A1";64;"18";60388
2899;"Milseburgstraße";"";"";"";"";"";"16";"Bergen-Enkheim";"680";"16.83";"16";"A1";64;"18";60388
2900;"Neuer Weg";"";"";"";"";"";"16";"Bergen-Enkheim";"680";"16.83";"16";"A1";64;"18";60388
2901;"Nidderauer Straße";"";"";"";"";"";"16";"Bergen-Enkheim";"680";"16.83";"16";"A1";64;"18";60388
2902;"Nordring";"";"";"";"";"";"16";"Bergen-Enkheim";"680";"16.83";"16";"A1";64;"18";60388
2903;"Ostpreußenstraße";"";"";"";"";"";"16";"Bergen-Enkheim";"680";"16.83";"16";"A1";64;"18";60388
2904;"Philipp-Puth-Straße";"";"";"";"";"";"16";"Bergen-Enkheim";"680";"16.83";"16";"A1";64;"18";60388
2905;"Rangenbergstraße";"";"";"";"";"";"16";"Bergen-Enkheim";"680";"16.83";"16";"A1";64;"18";60388
2906;"Riedstraße";"";"";"";"";"";"16";"Bergen-Enkheim";"680";"16.83";"16";"A1";64;"18";60388
2907;"Röhrborngasse";"";"";"";"";"";"16";"Bergen-Enkheim";"680";"16.83";"16";"A1";64;"18";60388
2908;"Röntgenstraße";"";"";"";"";"";"16";"Bergen-Enkheim";"680";"16.83";"16";"A1";64;"18";60388
2909;"Rumpenheimer Straße";"";"";"";"";"";"16";"Bergen-Enkheim";"680";"16.83";"16";"A1";64;"18";60388
2910;"Schalksbornstraße";"";"";"";"";"";"16";"Bergen-Enkheim";"680";"16.83";"16";"A1";64;"18";60388
2911;"Schelmenweg";"";"";"";"";"";"16";"Bergen-Enkheim";"680";"16.83";"16";"A1";64;"18";60388
2912;"Schießgraben";"";"";"";"";"";"16";"Bergen-Enkheim";"680";"16.83";"16";"A1";64;"18";60388
2913;"Schlesierstraße";"";"";"";"";"";"16";"Bergen-Enkheim";"680";"16.83";"16";"A1";64;"18";60388
2914;"Schönecker Straße";"";"";"";"";"";"16";"Bergen-Enkheim";"680";"16.83";"16";"A1";64;"18";60388
2915;"Siboldgasse";"";"";"";"";"";"16";"Bergen-Enkheim";"680";"16.83";"16";"A1";64;"18";60388
2916;"Siebenbürgenstraße";"";"";"";"";"";"16";"Bergen-Enkheim";"680";"16.83";"16";"A1";64;"18";60388
2917;"Siedlerstraße";"";"";"";"";"";"16";"Bergen-Enkheim";"680";"16.83";"16";"A1";64;"18";60388
2918;"Stargarder Straße";"";"";"";"";"";"16";"Bergen-Enkheim";"680";"16.83";"16";"A1";64;"18";60388
2919;"Speierlingweg";"";"";"";"";"";"16";"Bergen-Enkheim";"680";"16.83";"16";"A1";64;"18";60388
2920;"Stettiner Straße";"";"";"";"";"";"16";"Bergen-Enkheim";"680";"16.83";"16";"A1";64;"18";60388
2921;"Taschnerstraße";"";"";"";"";"";"16";"Bergen-Enkheim";"680";"16.83";"16";"A1";64;"18";60388
2922;"Triebstraße";"";"";"";"";"";"16";"Bergen-Enkheim";"680";"16.83";"16";"A1";64;"18";60388
2923;"Usastraße";"";"";"";"";"";"16";"Bergen-Enkheim";"680";"16.83";"16";"A1";64;"18";60388
2924;"Victor-Slotosch-Straße";"gerade";"";"";"";"";"16";"Bergen-Enkheim";"680";"16.83";"16";"A1";64;"18";60388
2924;"Victor-Slotosch-Straße";"ungerade";"1";"";"25";"";"16";"Bergen-Enkheim";"680";"16.83";"16";"A1";64;"18";60388
2924;"Victor-Slotosch-Straße";"ungerade";"27";"";"29";"";"11";"Seckbach";"390";"11.75";"11";"A1";31;"18";60388
2925;"Volkshausstraße";"";"";"";"";"";"16";"Bergen-Enkheim";"680";"16.83";"16";"A1";64;"18";60388
2926;"Voltenseestraße";"gerade";"2";"";"24";"";"16";"Bergen-Enkheim";"680";"16.83";"16";"A1";64;"18";60388
2926;"Voltenseestraße";"gerade";"24";"A";"";"";"11";"Seckbach";"390";"11.75";"11";"A1";31;"18";60388
2926;"Voltenseestraße";"gerade";"26";"";"34";"";"16";"Bergen-Enkheim";"680";"16.83";"16";"A1";64;"18";60388
2926;"Voltenseestraße";"ungerade";"";"";"";"";"16";"Bergen-Enkheim";"680";"16.83";"16";"A1";64;"18";60388
2927;"Westpreußenstraße";"";"";"";"";"";"16";"Bergen-Enkheim";"680";"16.83";"16";"A1";64;"18";60388
2928;"Winzersteige";"";"";"";"";"";"16";"Bergen-Enkheim";"680";"16.83";"16";"A1";64;"18";60388
2929;"Hohe Straße";"";"";"";"";"";"16";"Bergen-Enkheim";"680";"16.83";"16";"A1";64;"18";60388
2930;"Arnoldstraße";"";"";"";"";"";"15";"Nieder-Eschbach";"670";"15.82";"15";"A2";63;"14";60437
2931;"Oskar-Schindler-Straße";"";"";"";"";"";"15";"Nieder-Eschbach";"670";"15.82";"15";"A2";63;"14";60437
2932;"Am Gisisberg (Wohnplatz)";"";"";"";"";"";"16";"Bergen-Enkheim";"680";"16.83";"16";"A1";64;"18";60388
2933;"Bickelhof (Wohnplatz)";"";"";"";"";"";"16";"Bergen-Enkheim";"680";"16.83";"16";"A1";64;"18";60388
2934;"Buchenhorster Hof (Wohnplatz)";"";"";"";"";"";"16";"Bergen-Enkheim";"680";"16.83";"16";"A1";64;"18";60388
2935;"Charlottenhof (Wohnplatz)";"";"";"";"";"";"16";"Bergen-Enkheim";"680";"16.83";"16";"A1";64;"18";60388
2938;"Stegweidhof (Wohnplatz)";"";"";"";"";"";"16";"Bergen-Enkheim";"680";"16.83";"16";"A1";64;"18";60388
2939;"Lindenhof (Wohnplatz)";"";"";"";"";"";"16";"Bergen-Enkheim";"680";"16.83";"16";"A1";64;"18";60388
2941;"Oberpfortenhof (Wohnplatz)";"";"";"";"";"";"16";"Bergen-Enkheim";"680";"16.83";"16";"A1";64;"18";60388
2944;"Hof Kastanienhöhe (Wohnplatz)";"";"";"";"";"";"13";"Nieder-Erlenbach";"640";"13.80";"13";"A2";59;"14";60437
2945;"Am Martinszehnten";"";"";"";"";"";"12";"Kalbach-Riedberg";"650";"12.79";"12";"A2";60;"14";60437
2946;"Heinrich-Lübke-Straße";"";"";"";"";"";"7 ";"Praunheim";"422";"7.59";" 7";"A4";34;"14";60488
2947;"Im Braungeröll";"";"";"";"";"";"9 ";"Ginnheim";"441";"9.67";" 9";"A2";38;"12";60431
2948;"Friedrich-Heyer-Weg";"";"";"";"";"";"11";"Seckbach";"390";"11.75";"11";"A1";31;"6";60389
2949;"Konrad-Hoenen-Weg";"";"";"";"";"";"10";"Preungesheim";"470";"10.73";"10";"B3";42;"12";60435
2950;"In der Rosengewann";"";"";"";"";"";"14";"Harheim";"660";"14.81";"14";"A2";62;"14";60437
2951;"Paul-Kornfeld-Weg";"";"";"";"";"";"8 ";"Niederursel";"482";"8.64";" 8";"A2";44;"14";60439
2952;"Auf der Schloßhecke";"";"";"";"";"";"9 ";"Ginnheim";"441";"9.67";" 9";"A2";38;"12";60431
2953;"Grimoldweg";"";"";"";"";"";"6 ";"Sindlingen";"601";"6.47";"6B";"A7";55;"17";65931
2954;"Am Seedamm";"";"";"";"";"";"7 ";"Rödelheim";"402";"7.56";" 7";"A4";33;"11";60489
2955;"Jean-Kempf-Weg";"";"";"";"";"";"16";"Bergen-Enkheim";"680";"16.83";"16";"A1";64;"18";60388
2956;"Max-Bromme-Steig";"";"";"";"";"";"4 ";"Bornheim";"281";"4.24";" 4";"A1";19;"6";60386
2957;"Am Ohlenstück";"";"";"";"";"";"13";"Nieder-Erlenbach";"640";"13.80";"13";"A2";59;"14";60437
2958;"Kirschenallee";"";"";"";"";"";"11";"Riederwald";"262";"11.76";"11";"A1";17;"18";60386
2959;"Jürgen-Ponto-Platz";"";"";"";"";"";"1 ";"Bahnhofsviertel";"090";"1.03";" 1";"A3";2;"4";60329
2960;"Heussleinstraße";"";"";"";"";"";"6 ";"Sindlingen";"602";"6.48";"6B";"A7";55;"17";65931
2963;"Adolf-Leweke-Straße";"";"";"";"";"";"10";"Eckenheim";"461";"10.72";"10";"B3";40;"12";60435
2964;"Am Försterpfad";"";"";"";"";"";"6 ";"Schwanheim";"532";"6.37";"6A";"A6";51;"10";60529
2965;"Straßburger Straße";"";"";"";"";"";"6 ";"Schwanheim";"532";"6.37";"6A";"A6";51;"10";60529
2966;"Am Waldgraben";"";"";"";"";"";"6 ";"Schwanheim";"532";"6.37";"6A";"A6";51;"10";60529
2967;"Am Wildpfad";"";"";"";"";"";"6 ";"Schwanheim";"532";"6.37";"6A";"A6";51;"10";60529
2968;"Bickenbacher Weg";"";"";"";"";"";"6 ";"Schwanheim";"532";"6.37";"6A";"A6";51;"10";60529
2969;"Zum Eiskeller";"";"";"";"";"";"6 ";"Schwanheim";"532";"6.37";"6A";"A6";51;"10";60529
2970;"Zum Heidebuckel";"";"";"";"";"";"6 ";"Schwanheim";"532";"6.37";"6A";"A6";51;"10";60529
2971;"Ludwig-Erhard-Anlage";"gerade";"";"";"";"";"2 ";"Westend-Süd";"170";"2.11";" 2";"A4";3;"13";60325
2971;"Ludwig-Erhard-Anlage";"ungerade";"";"";"";"";"2 ";"Westend-Süd";"170";"2.11";" 2";"A4";3;"13";60327
2972;"Niedererlenbacher Straße";"";"";"";"";"";"15";"Nieder-Eschbach";"670";"15.82";"15";"A2";63;"14";60437
2973;"Muckermannstraße";"";"";"";"";"";"7 ";"Praunheim";"422";"7.59";" 7";"A4";34;"11";60488
2974;"Schinkelstraße";"";"";"";"";"";"7 ";"Praunheim";"422";"7.59";" 7";"A4";34;"14";60488
2975;"Oberschweinstiegschneise";"";"";"";"";"";"5 ";"Sachsenhausen-Süd";"323";"5.30";"5A";"A6";22;"8";60598
2976;"Zur Frankenfurt";"";"";"";"";"";"6 ";"Schwanheim";"532";"6.37";"6A";"A6";51;"10";60529
2977;"Am Naßgewann (Liederbach)";"";"";"";"";"";"6 ";"Unterliederbach";"623";"6.51";"6C";"A7";57;"17";65929
2978;"Am Kiesberg";"";"";"";"";"";"6 ";"Schwanheim";"532";"6.37";"6A";"A6";51;"10";60529
2979;"Hauptwache-Passage";"";"";"";"";"";"1 ";"Innenstadt";"050";"1.02";" 1";"A1";1;"1";60313
2979;"Hauptwache-Passage";"";"";"";"";"";"1 ";"Innenstadt";"060";"1.02";" 1";"A1";1;"1";60313
2980;"Im Hofheimer Grund";"";"";"";"";"";"6 ";"Sindlingen";"601";"6.47";"6B";"A7";55;"17";65931
2981;"Tannenhof (Wohnplatz)";"";"";"";"";"";"16";"Bergen-Enkheim";"680";"16.83";"16";"A1";64;"18";60388
2982;"Am Lohwald";"";"";"";"";"";"7 ";"Hausen";"410";"7.58";" 7";"A4";26;"11";60488
2983;"Schreberweg";"";"";"";"";"";"7 ";"Rödelheim";"402";"7.56";" 7";"A4";33;"11";60489
2990;"Hauptbahnhof-Passage";"";"";"";"";"";"1 ";"Gallus";"152";"1.06";" 1";"A3";7;"4";60329
2991;"Niederurseler Landstraße";"";"";"";"";"";"8 ";"Niederursel";"481";"8.63";" 8";"A2";43;"14";60439
2992;"Wilhelm-Fay-Straße";"";"";"";"";"";"6 ";"Sossenheim";"632";"6.54";"6C";"A7";58;"17";65936
2993;"Volgersbrunnenweg";"";"";"";"";"";"11";"Riederwald";"262";"11.76";"11";"A1";17;"18";60386
2994;"Am Salusbach";"";"";"";"";"";"6 ";"Sossenheim";"632";"6.54";"6C";"A7";58;"17";65936
2995;"Jean-Albert-Schwarz-Straße";"";"";"";"";"";"7 ";"Praunheim";"424";"7.60";" 7";"A4";35;"14";60488
2996;"Unterschweinstiegschneise";"";"";"";"";"";"6 ";"Schwanheim";"532";"6.37";"6A";"A6";51;"10";60529
2997;"Bendergasse";"";"";"";"";"";"1 ";"Altstadt";"010";"1.01";" 1";"A1";1;"1";60311
2998;"Am Eiswerk";"";"";"";"";"";"16";"Bergen-Enkheim";"680";"16.83";"16";"A1";64;"18";60388
2999;"An den Pappeln";"";"";"";"";"";"16";"Bergen-Enkheim";"680";"16.83";"16";"A1";64;"18";60388
3000;"Sindlinger Mainbrücke";"";"";"";"";"";"6 ";"Sindlingen";"601";"6.47";"6B";"A7";55;"17";65931
3001;"Walter-Leiske-Straße";"";"";"";"";"";"9 ";"Dornbusch";"462";"9.69";" 9";"B3";41;"12";60320
3002;"Hugenottenallee";"";"";"";"";"";"5 ";"Sachsenhausen-Süd";"323";"5.30";"5A";"A6";22;"8";60598
3003;"Cäcilia-Lauth-Spielpark";"";"";"";"";"";"6 ";"Sossenheim";"632";"6.54";"6C";"A7";58;"17";65936
3004;"Am Siegesbaum";"";"";"";"";"";"13";"Nieder-Erlenbach";"640";"13.80";"13";"A2";59;"14";60437
3005;"Auf der Waldhohl";"";"";"";"";"";"13";"Nieder-Erlenbach";"640";"13.80";"13";"A2";59;"14";60437
3006;"Am Höllsteg";"";"";"";"";"";"13";"Nieder-Erlenbach";"640";"13.80";"13";"A2";59;"14";60437
3007;"An der Wehrmauer";"";"";"";"";"";"10";"Bonames";"491";"10.70";"10";"A2";45;"14";60437
3008;"Am Brünnchen";"";"";"";"";"";"6 ";"Sossenheim";"631";"6.53";"6C";"A7";58;"17";65936
3009;"Arthur-von-Weinberg-Steg";"";"";"";"";"";"11";"Fechenheim";"510";"11.77";"11";"A1";48;"18";60386
3010;"Aßlarer Straße";"";"";"";"";"";"8 ";"Heddernheim";"431";"8.61";" 8";"A2";37;"14";60439
3011;"Russingerstraße";"";"";"";"";"";"6 ";"Nied";"561";"6.42";"6A";"A7";53;"17";65934
3012;"Obere Rützelstraße";"";"";"";"";"";"6 ";"Griesheim";"541";"6.39";"6A";"A3";52;"16";65933
3013;"Untere Rützelstraße";"";"";"";"";"";"6 ";"Griesheim";"541";"6.39";"6A";"A3";52;"16";65933
3014;"Ludwig-Ruppel-Straße";"";"";"";"";"";"10";"Bonames";"491";"10.70";"10";"A2";45;"14";60437
3015;"Konstablerwache-Passage";"";"";"";"";"";"1 ";"Altstadt";"010";"1.01";" 1";"A1";1;"1";60313
3016;"Airportring";"";"";"";"";"";"5 ";"Flughafen";"329";"5.34";"5A";"A6";23;"19";60549
3018;"Friedrich-Fauldrath-Anlage";"";"";"";"";"";"10";"Bonames";"491";"10.70";"10";"A2";45;"14";60437
3019;"Karl-Pfeuffer-Straße";"";"";"";"";"";"16";"Bergen-Enkheim";"680";"16.83";"16";"A1";64;"18";60388
3020;"Wilhelm-Meiß-Straße";"";"";"";"";"";"16";"Bergen-Enkheim";"680";"16.83";"16";"A1";64;"18";60388
3021;"Fried-Lübbecke-Anlage";"";"";"";"";"";"1 ";"Altstadt";"010";"1.01";" 1";"A1";1;"1";60311
3023;"Werner-Bockelmann-Straße";"";"";"";"";"";"6 ";"Nied";"562";"6.43";"6A";"A7";53;"16";65934
3024;"Mumm-von-Schwarzenstein-Straße";"";"";"";"";"";"6 ";"Nied";"562";"6.43";"6A";"A7";53;"16";65934
3025;"Kurt-Blaum-Straße";"";"";"";"";"";"6 ";"Nied";"562";"6.43";"6A";"A7";53;"16";65934
3026;"Walter-Möller-Platz";"";"";"";"";"";"8 ";"Heddernheim";"432";"8.62";" 8";"A2";36;"14";60439
3027;"Am Ginnheimer Hang";"";"";"";"";"";"9 ";"Ginnheim";"441";"9.67";" 9";"A2";38;"12";60431
3028;"Gladiolenstraße";"";"";"";"";"";"15";"Nieder-Eschbach";"670";"15.82";"15";"A2";63;"14";60437
3031;"Am Kalten Berg";"";"";"";"";"";"10";"Berkersheim";"500";"10.74";"10";"A2";47;"14";60435
3032;"Zum Rebstockbad";"";"";"";"";"";"2 ";"Bockenheim";"163";"2.15";" 2";"A4";10;"13";60486
3033;"Käthchen-Paulus-Straße";"";"";"";"";"";"2 ";"Bockenheim";"163";"2.15";" 2";"A4";10;"13";60486
3034;"Bruno-Poelke-Straße";"";"";"";"";"";"2 ";"Bockenheim";"163";"2.15";" 2";"A4";10;"13";60486
3035;"Alfred-Delp-Straße";"";"";"";"";"";"5 ";"Sachsenhausen-Süd";"332";"5.29";"5A";"A6";24;"8";60599
3038;"Josef-Wirmer-Straße";"";"";"";"";"";"7 ";"Praunheim";"423";"7.59";" 7";"A4";34;"11";60488
3039;"Ferdinand-Kramer-Straße";"";"";"";"";"";"7 ";"Praunheim";"423";"7.59";" 7";"A4";34;"11";60488
3040;"Praunheimer Brücke";"";"";"";"";"";"7 ";"Praunheim";"424";"7.60";" 7";"A4";35;"14";60488
3040;"Praunheimer Brücke";"";"";"";"";"";"7 ";"Praunheim";"425";"7.60";" 7";"A4";35;"14";60488
3042;"Wacholderweg";"";"";"";"";"";"10";"Frankfurter Berg";"492";"10.71";"10";"A2";46;"14";60433
3043;"Heinrich-Wilhelm-Römer-Anlage";"";"";"";"";"";"10";"Eckenheim";"461";"10.72";"10";"B3";40;"12";60435
3044;"Max-Pruss-Straße";"";"";"";"";"";"2 ";"Bockenheim";"163";"2.15";" 2";"A4";10;"13";60486
3045;"Paul-Gerhardt-Ring";"";"";"";"";"";"5 ";"Niederrad";"372";"5.36";"5B";"A6";28;"10";60528
3046;"Johannes-Lamp-Straße";"";"";"";"";"";"5 ";"Niederrad";"372";"5.36";"5B";"A6";28;"10";60528
3047;"Volpenhennstraße";"";"";"";"";"";"5 ";"Niederrad";"372";"5.36";"5B";"A6";28;"10";60528
3048;"Alois-Eckert-Straße";"";"";"";"";"";"5 ";"Niederrad";"372";"5.36";"5B";"A6";28;"10";60528
3049;"Paul-Tillich-Straße";"";"";"";"";"";"5 ";"Niederrad";"372";"5.36";"5B";"A6";28;"10";60528
3050;"Karl-Wessendorft-Straße";"";"";"";"";"";"16";"Bergen-Enkheim";"680";"16.83";"16";"A1";64;"18";60388
3051;"Sophie-Rosenthal-Straße";"";"";"";"";"";"16";"Bergen-Enkheim";"680";"16.83";"16";"A1";64;"18";60388
3052;"Leopold-Ehrmann-Straße";"";"";"";"";"";"16";"Bergen-Enkheim";"680";"16.83";"16";"A1";64;"18";60388
3053;"Am Hollgraben";"";"";"";"";"";"16";"Bergen-Enkheim";"680";"16.83";"16";"A1";64;"18";60388
3054;"An der Ruhbank";"";"";"";"";"";"16";"Bergen-Enkheim";"680";"16.83";"16";"A1";64;"18";60388
3055;"Im Kirschenstück";"";"";"";"";"";"16";"Bergen-Enkheim";"680";"16.83";"16";"A1";64;"18";60388
3056;"Am Pohlsberg";"";"";"";"";"";"16";"Bergen-Enkheim";"680";"16.83";"16";"A1";64;"18";60388
3057;"Im Dörner";"";"";"";"";"";"16";"Bergen-Enkheim";"680";"16.83";"16";"A1";64;"18";60388
3058;"Im Triborn";"";"";"";"";"";"16";"Bergen-Enkheim";"680";"16.83";"16";"A1";64;"18";60388
3059;"Rottweiler Platz";"";"";"";"";"";"1 ";"Gutleutviertel";"151";"1.04";" 1";"A3";2;"4";60327
3060;"Glashüttener Straße";"";"";"";"";"";"7 ";"Rödelheim";"402";"7.56";" 7";"A4";33;"11";60489
3061;"Arnoldshainer Straße";"";"";"";"";"";"7 ";"Rödelheim";"402";"7.56";" 7";"A4";33;"11";60489
3062;"Zum Goetheturm";"";"";"";"";"";"5 ";"Sachsenhausen-Süd";"332";"5.29";"5A";"A6";24;"8";60599
3064;"Hans-Eick-Weg";"";"";"";"";"";"2 ";"Bockenheim";"361";"2.12";" 2";"A4";27;"13";60487
3065;"Olof-Palme-Straße";"ungerade";"1";"";"9";"";"8 ";"Heddernheim";"431";"8.61";" 8";"A2";37;"14";60439
3065;"Olof-Palme-Straße";"ungerade";"11";"";"37";"";"8 ";"Niederursel";"483";"8.63";" 8";"A2";43;"14";60439
3066;"Lurgiallee";"";"";"";"";"";"8 ";"Niederursel";"483";"8.63";" 8";"A2";43;"14";60439
3067;"Emil-von-Behring-Straße";"";"";"";"";"";"8 ";"Niederursel";"483";"8.63";" 8";"A2";43;"14";60439
3068;"Louis-Pasteur-Straße";"";"";"";"";"";"8 ";"Niederursel";"483";"8.63";" 8";"A2";43;"14";60439
3070;"Kupferhammer";"";"";"";"";"";"8 ";"Heddernheim";"431";"8.61";" 8";"A2";37;"14";60439
3071;"An den Mühlwegen";"";"";"";"";"";"8 ";"Heddernheim";"431";"8.61";" 8";"A2";37;"14";60439
3072;"In den Stegwiesen";"";"";"";"";"";"8 ";"Heddernheim";"431";"8.61";" 8";"A2";37;"14";60439
3073;"Ludwig-Reinheimer-Straße";"";"";"";"";"";"8 ";"Heddernheim";"431";"8.61";" 8";"A2";37;"14";60439
3074;"Franziska-Kessel-Straße";"";"";"";"";"";"8 ";"Heddernheim";"431";"8.61";" 8";"A2";37;"14";60439
3075;"Adam-Leis-Straße";"";"";"";"";"";"8 ";"Heddernheim";"431";"8.61";" 8";"A2";37;"14";60439
3077;"Am Bonifatiusbrunnen";"";"";"";"";"";"12";"Kalbach-Riedberg";"651";"12.79";"12";"A2";61;"14";60438
3078;"Im Klausenstück";"";"";"";"";"";"12";"Kalbach-Riedberg";"651";"12.79";"12";"A2";61;"14";60438
3080;"An der Staustufe";"";"";"";"";"";"6 ";"Schwanheim";"532";"6.37";"6A";"A6";51;"10";60529
3083;"Abflugring (Flughafen Ffm.)*";"";"";"";"";"";"5 ";"Flughafen";"329";"5.34";"5A";"A6";23;"19";60549
3084;"Ankunftbogen (Flughafen Ffm.)*";"";"";"";"";"";"5 ";"Flughafen";"329";"5.34";"5A";"A6";23;"19";60549
3085;"Südpassage*";"";"";"";"";"";"5 ";"Flughafen";"329";"5.34";"5A";"A6";23;"19";60549
3086;"Nordpassage*";"";"";"";"";"";"5 ";"Flughafen";"329";"5.34";"5A";"A6";23;"19";60549
3087;"Taxistraße*";"";"";"";"";"";"5 ";"Flughafen";"329";"5.34";"5A";"A6";23;"19";60549
3115;"Heinrich-Kegelmann-Weg";"";"";"";"";"";"16";"Bergen-Enkheim";"680";"16.83";"16";"A1";64;"18";60388
3117;"Sebastian-Kneipp-Straße";"";"";"";"";"";"8 ";"Niederursel";"483";"8.63";" 8";"A2";43;"14";60439
3118;"Alexander-Riese-Weg";"gerade";"";"";"";"";"9 ";"Eschersheim";"451";"9.65";" 9";"B3";39;"12";60439
3118;"Alexander-Riese-Weg";"ungerade";"";"";"";"";"8 ";"Heddernheim";"431";"8.61";" 8";"A2";37;"14";60439
3119;"Elisabeth-Schwarzhaupt-Anlage";"";"";"";"";"";"9 ";"Dornbusch";"462";"9.69";" 9";"B3";41;"12";60433
3120;"Gebrüder-Hommel-Anlage";"";"";"";"";"";"10";"Eckenheim";"461";"10.72";"10";"B3";40;"12";60435
3121;"Jean-Monnet-Straße";"";"";"";"";"";"10";"Eckenheim";"461";"10.72";"10";"B3";40;"12";60433
3121;"Jean-Monnet-Straße";"";"";"";"";"";"10";"Eckenheim";"461";"10.72";"10";"B3";40;"12";60435
3121;"Jean-Monnet-Straße";"";"";"";"";"";"9 ";"Dornbusch";"462";"9.69";" 9";"B3";41;"12";60433
3121;"Jean-Monnet-Straße";"";"";"";"";"";"9 ";"Dornbusch";"462";"9.69";" 9";"B3";41;"12";60435
3122;"Am Mittelpfad";"";"";"";"";"";"13";"Nieder-Erlenbach";"640";"13.80";"13";"A2";59;"14";60437
3128;"Azaleenweg";"";"";"";"";"";"10";"Frankfurter Berg";"492";"10.71";"10";"A2";46;"14";60433
3135;"Walnußweg";"";"";"";"";"";"10";"Frankfurter Berg";"492";"10.71";"10";"A2";46;"14";60433
3136;"Am Sausee";"";"";"";"";"";"11";"Seckbach";"390";"11.75";"11";"A1";31;"18";60386
3136;"Am Sausee";"";"";"";"";"";"11";"Seckbach";"390";"11.75";"11";"A1";31;"18";60388
3137;"Am Büttelstück";"";"";"";"";"";"11";"Seckbach";"390";"11.75";"11";"A1";31;"18";60388
3138;"Hinter dem Sausee";"";"";"";"";"";"11";"Seckbach";"390";"11.75";"11";"A1";31;"18";60388
3140;"Am Riedgraben";"";"";"";"";"";"4 ";"Bornheim";"290";"4.22";" 4";"A1";18;"6";60386
3141;"Herrenwäldchen";"";"";"";"";"";"4 ";"Bornheim";"290";"4.22";" 4";"A1";18;"6";60386
3144;"Baruch-Baschwitz-Platz";"";"";"";"";"";"7 ";"Rödelheim";"402";"7.56";" 7";"A4";33;"11";60489
3145;"Am Ginnheimer Wäldchen";"gerade";"2";"";"6";"";"9 ";"Ginnheim";"441";"9.67";" 9";"A2";38;"14";60431
3145;"Am Ginnheimer Wäldchen";"gerade";"8";"";"";"";"9 ";"Ginnheim";"441";"9.67";" 9";"A2";38;"12";60431
3145;"Am Ginnheimer Wäldchen";"ungerade";"1";"";"";"";"7 ";"Bockenheim";"343";"7.57";" 2";"A4";26;"14";60431
3145;"Am Ginnheimer Wäldchen";"ungerade";"11";"";"";"";"9 ";"Ginnheim";"441";"9.67";" 9";"A2";38;"12";60431
3145;"Am Ginnheimer Wäldchen";"ungerade";"15";"";"";"";"9 ";"Ginnheim";"441";"9.67";" 9";"A2";38;"14";60431
3145;"Am Ginnheimer Wäldchen";"ungerade";"3";"";"5";"";"9 ";"Ginnheim";"441";"9.67";" 9";"A2";38;"14";60431
3145;"Am Ginnheimer Wäldchen";"ungerade";"7";"";"";"";"7 ";"Bockenheim";"343";"7.57";" 2";"A4";26;"14";60431
3146;"Kracauerstraße";"";"";"";"";"";"7 ";"Praunheim";"424";"7.60";" 7";"A4";35;"14";60488
3147;"Bruno-Asch-Anlage";"";"";"";"";"";"6 ";"Höchst";"591";"6.46";"6C";"A7";54;"17";65929
3148;"Brandhöfchen";"";"";"";"";"";"10";"Bonames";"491";"10.70";"10";"A2";45;"14";60437
3149;"Leonhardskirchhof";"";"";"";"";"";"1 ";"Altstadt";"010";"1.01";" 1";"A1";1;"1";60311
3150;"Ferdinand-Scholling-Ring";"";"";"";"";"";"6 ";"Nied";"562";"6.43";"6A";"A7";53;"16";65934
3153;"Sinaipark";"";"";"";"";"";"9 ";"Dornbusch";"462";"9.69";" 9";"B3";41;"12";60320
3154;"Am Seckbacher Preul";"";"";"";"";"";"11";"Seckbach";"390";"11.75";"11";"A1";31;"6";60389
3155;"In der Sauren Wiese";"";"";"";"";"";"11";"Seckbach";"390";"11.75";"11";"A1";31;"6";60389
3156;"Am Seckbacher Ried";"";"";"";"";"";"11";"Seckbach";"390";"11.75";"11";"A1";31;"6";60388
3156;"Am Seckbacher Ried";"";"";"";"";"";"11";"Seckbach";"390";"11.75";"11";"A1";31;"6";60389
3157;"Im Enkheimer Weimerhaus";"";"";"";"";"";"16";"Bergen-Enkheim";"680";"16.83";"16";"A1";64;"6";60389
3158;"Seckbacher Bitzweg";"";"";"";"";"";"11";"Seckbach";"390";"11.75";"11";"A1";31;"6";60389
3158;"Seckbacher Bitzweg";"";"";"";"";"";"16";"Bergen-Enkheim";"680";"16.83";"16";"A1";64;"6";60389
3159;"Seckbacher Klemmenweg";"";"";"";"";"";"11";"Seckbach";"390";"11.75";"11";"A1";31;"6";60389
3160;"Voltenseeweg";"";"";"";"";"";"11";"Seckbach";"390";"11.75";"11";"A1";31;"18";60388
3160;"Voltenseeweg";"";"";"";"";"";"11";"Seckbach";"390";"11.75";"11";"A1";31;"18";60389
3160;"Voltenseeweg";"";"";"";"";"";"11";"Seckbach";"390";"11.75";"11";"A1";31;"6";60388
3160;"Voltenseeweg";"";"";"";"";"";"11";"Seckbach";"390";"11.75";"11";"A1";31;"6";60389
3160;"Voltenseeweg";"";"";"";"";"";"16";"Bergen-Enkheim";"680";"16.83";"16";"A1";64;"18";60388
3160;"Voltenseeweg";"";"";"";"";"";"16";"Bergen-Enkheim";"680";"16.83";"16";"A1";64;"18";60389
3161;"Wallfahrtsweg";"";"";"";"";"";"11";"Seckbach";"390";"11.75";"11";"A1";31;"6";60389
3162;"Josef-Benner-Weg";"";"";"";"";"";"6 ";"Nied";"562";"6.43";"6A";"A7";53;"16";65934
3163;"Wilhelm-Schmelz-Weg";"";"";"";"";"";"6 ";"Nied";"562";"6.43";"6A";"A7";53;"16";65934
3164;"Hans-Kobald-Weg";"";"";"";"";"";"6 ";"Nied";"562";"6.43";"6A";"A7";53;"16";65934
3165;"Georg-Heck-Weg";"";"";"";"";"";"6 ";"Nied";"562";"6.43";"6A";"A7";53;"16";65934
3166;"Therese-Herger-Anlage";"";"";"";"";"";"6 ";"Nied";"562";"6.43";"6A";"A7";53;"16";65934
3167;"Franz-Diehl-Weg";"";"";"";"";"";"6 ";"Nied";"562";"6.43";"6A";"A7";53;"16";65934
3168;"Holbeinsteg";"";"";"";"";"";"1 ";"Bahnhofsviertel";"090";"1.03";" 1";"A3";2;"4";60329
3168;"Holbeinsteg";"";"";"";"";"";"5 ";"Sachsenhausen-Nord";"321";"5.32";"5A";"A6";21;"8";60596
3168;"Holbeinsteg";"";"";"";"";"";"5 ";"Sachsenhausen-Nord";"322";"5.33";"5A";"A6";21;"8";60596
3169;"Schelmenhäuserhof (Wohnplatz)";"";"";"";"";"";"16";"Bergen-Enkheim";"680";"16.83";"16";"A1";64;"18";60388
3170;"Friedrich-Stoltze-Platz";"";"";"";"";"";"1 ";"Altstadt";"010";"1.01";" 1";"A1";1;"1";60311
3172;"Günter-Vogt-Ring";"";"";"";"";"";"15";"Nieder-Eschbach";"670";"15.82";"15";"A2";63;"14";60437
3173;"Wilhelm-Flögel-Ring";"";"";"";"";"";"15";"Nieder-Eschbach";"670";"15.82";"15";"A2";63;"14";60437
3183;"Wilhelm-Beckel-Straße";"";"";"";"";"";"6 ";"Sossenheim";"631";"6.53";"6C";"A7";58;"17";65936
3184;"Heinrich-Baldes-Straße";"";"";"";"";"";"6 ";"Sossenheim";"631";"6.53";"6C";"A7";58;"17";65936
3185;"Johann-Klohmann-Straße";"";"";"";"";"";"6 ";"Sossenheim";"631";"6.53";"6C";"A7";58;"17";65936
3186;"Nikolaus-Brum-Straße";"";"";"";"";"";"6 ";"Sossenheim";"631";"6.53";"6C";"A7";58;"17";65936
3187;"Katharina-Petri-Straße";"";"";"";"";"";"6 ";"Sossenheim";"631";"6.53";"6C";"A7";58;"17";65936
3188;"Kahnplatz";"";"";"";"";"";"6 ";"Nied";"562";"6.43";"6A";"A7";53;"16";65934
3189;"Marie-Curie-Straße";"";"";"";"";"";"8 ";"Niederursel";"483";"8.63";" 8";"A2";43;"14";60439
3190;"Neue Niedenau";"";"";"";"";"";"2 ";"Westend-Süd";"100";"2.11";" 2";"A4";3;"13";60325
3191;"Niedernhausener Straße";"";"";"";"";"";"1 ";"Gallus";"162";"1.07";" 1";"A3";9;"4";60326
3192;"Stephensonstraße";"";"";"";"";"";"1 ";"Gallus";"162";"1.07";" 1";"A3";9;"4";60326
3193;"Sossenheimer Kirchberg";"";"";"";"";"";"6 ";"Sossenheim";"631";"6.53";"6C";"A7";58;"17";65936
3194;"An den Bangerten";"";"";"";"";"";"2 ";"Bockenheim";"350";"2.13";" 2";"A4";25;"13";60487
3195;"Schwedenkronenplatz";"";"";"";"";"";"1 ";"Innenstadt";"070";"1.01";" 1";"A1";1;"1";60313
3196;"Lise-Meitner-Straße";"";"";"";"";"";"2 ";"Bockenheim";"342";"2.14";" 2";"A4";10;"13";60486
3197;"Adolph-Prior-Straße";"";"";"";"";"";"6 ";"Sossenheim";"632";"6.54";"6C";"A7";58;"17";65936
3198;"Heinrich-Hopf-Straße";"";"";"";"";"";"6 ";"Sossenheim";"632";"6.54";"6C";"A7";58;"17";65936
3199;"Leonhard-Heißwolf-Straße";"";"";"";"";"";"6 ";"Sossenheim";"632";"6.54";"6C";"A7";58;"17";65936
3200;"Carl-Theodor-Reiffenstein-Platz";"";"";"";"";"";"1 ";"Altstadt";"010";"1.01";" 1";"A1";1;"1";60313
3201;"Züricher Straße";"";"";"";"";"";"15";"Nieder-Eschbach";"670";"15.82";"15";"A2";63;"14";60437
3202;"Familie-Jürges-Platz";"";"";"";"";"";"1 ";"Gutleutviertel";"151";"1.04";" 1";"A3";2;"4";60329
3204;"Amaliestraße";"";"";"";"";"";"16";"Bergen-Enkheim";"680";"16.83";"16";"A1";64;"18";60388
3205;"Gilbrechtstraße";"";"";"";"";"";"16";"Bergen-Enkheim";"680";"16.83";"16";"A1";64;"18";60388
3206;"Cunostraße";"";"";"";"";"";"16";"Bergen-Enkheim";"680";"16.83";"16";"A1";64;"18";60388
3207;"Alter Wartweg";"";"";"";"";"";"16";"Bergen-Enkheim";"680";"16.83";"16";"A1";64;"18";60388
3208;"Casimirstraße";"";"";"";"";"";"16";"Bergen-Enkheim";"680";"16.83";"16";"A1";64;"18";60388
3209;"Pirmasenser Straße";"";"";"";"";"";"6 ";"Schwanheim";"531";"6.38";"6A";"A6";50;"10";60529
3210;"Deidesheimer Straße";"";"";"";"";"";"6 ";"Schwanheim";"531";"6.38";"6A";"A6";50;"10";60529
3211;"Helmut-Walcha-Straße";"";"";"";"";"";"1 ";"Gallus";"153";"1.05";" 1";"A3";7;"4";60326
3212;"Harry-Fuld-Straße";"";"";"";"";"";"1 ";"Gallus";"153";"1.05";" 1";"A3";7;"4";60326
3213;"Pfarrer-Perabo-Platz";"";"";"";"";"";"1 ";"Gallus";"153";"1.05";" 1";"A3";7;"4";60326
3214;"Im Galluspark";"";"";"";"";"";"1 ";"Gallus";"153";"1.05";" 1";"A3";7;"4";60326
3215;"Am Bürgerbrunnen";"";"";"";"";"";"13";"Nieder-Erlenbach";"640";"13.80";"13";"A2";59;"14";60437
3216;"An der Landwehr";"";"";"";"";"";"12";"Kalbach-Riedberg";"650";"12.79";"12";"A2";60;"14";60437
3217;"Straßheimstraße";"";"";"";"";"";"5 ";"Sachsenhausen-Nord";"322";"5.33";"5A";"A6";21;"8";60596
3218;"Marie-Luise-Kaschnitz-Straße";"";"";"";"";"";"8 ";"Niederursel";"482";"8.64";" 8";"A2";44;"14";60439
3219;"Propst-Goebels-Weg";"";"";"";"";"";"11";"Seckbach";"390";"11.75";"11";"A1";31;"6";60389
3220;"Rose-Schlösinger-Anlage";"";"";"";"";"";"4 ";"Bornheim";"281";"4.24";" 4";"A1";19;"6";60385
3222;"Rotenbuschweg";"";"";"";"";"";"11";"Seckbach";"390";"11.75";"11";"A1";31;"18";60386
3223;"Klaus-Mann-Platz";"";"";"";"";"";"1 ";"Innenstadt";"060";"1.02";" 1";"A1";1;"1";60313
3224;"Paul-Hindemith-Anlage";"";"";"";"";"";"3 ";"Nordend-West";"203";"3.16";" 3";"B3";11;"3";60318
3225;"Ciolfstraße";"";"";"";"";"";"6 ";"Zeilsheim";"611";"6.49";"6B";"A7";56;"17";65931
3226;"Fritz-Lennig-Anlage";"";"";"";"";"";"7 ";"Praunheim";"425";"7.60";" 7";"A4";35;"14";60439
3226;"Fritz-Lennig-Anlage";"";"";"";"";"";"7 ";"Praunheim";"425";"7.60";" 7";"A4";35;"14";60488
3226;"Fritz-Lennig-Anlage";"";"";"";"";"";"8 ";"Praunheim";"426";"8.62";" 7";"A2";36;"14";60439
3226;"Fritz-Lennig-Anlage";"";"";"";"";"";"8 ";"Praunheim";"426";"8.62";" 7";"A2";36;"14";60488
3226;"Fritz-Lennig-Anlage";"";"";"";"";"";"8 ";"Heddernheim";"432";"8.62";" 8";"A2";36;"14";60439
3226;"Fritz-Lennig-Anlage";"";"";"";"";"";"8 ";"Heddernheim";"432";"8.62";" 8";"A2";36;"14";60488
3227;"Platz der Einheit";"";"";"";"";"";"1 ";"Gallus";"161";"1.06";" 1";"A3";7;"13";60327
3228;"Oberräder Markt";"";"";"";"";"";"5 ";"Oberrad";"380";"5.28";"5A";"A6";30;"8";60599
3229;"Adam-Heinstadt-Straße";"";"";"";"";"";"15";"Nieder-Eschbach";"670";"15.82";"15";"A2";63;"14";60437
3230;"Max-Leichter-Weg";"";"";"";"";"";"10";"Eckenheim";"461";"10.72";"10";"B3";40;"12";60435
3231;"Leunabrücke";"";"";"";"";"";"6 ";"Schwanheim";"531";"6.38";"6A";"A6";50;"10";60529
3231;"Leunabrücke";"";"";"";"";"";"6 ";"Schwanheim";"531";"6.38";"6A";"A6";50;"10";65929
3231;"Leunabrücke";"";"";"";"";"";"6 ";"Höchst";"580";"6.45";"6C";"A7";54;"17";65929
3231;"Leunabrücke";"";"";"";"";"";"6 ";"Höchst";"591";"6.46";"6C";"A7";54;"17";65929
3231;"Leunabrücke";"";"";"";"";"";"6 ";"Höchst";"592";"6.46";"6C";"A7";54;"17";65929
3232;"Rudolf-Menzer-Anlage";"";"";"";"";"";"5 ";"Niederrad";"372";"5.36";"5B";"A6";28;"10";60528
3233;"Ernst-May-Platz";"";"";"";"";"";"4 ";"Bornheim";"281";"4.24";" 4";"A1";19;"6";60385
3234;"Zum Laurenburger Hof";"";"";"";"";"";"5 ";"Sachsenhausen-Nord";"331";"5.31";"5A";"A6";20;"8";60594
3235;"Zum Apothekerhof";"";"";"";"";"";"5 ";"Sachsenhausen-Nord";"331";"5.31";"5A";"A6";20;"8";60594
3236;"Zum Brommenhof";"";"";"";"";"";"5 ";"Sachsenhausen-Nord";"331";"5.31";"5A";"A6";20;"8";60594
3237;"Zum Gipelhof";"";"";"";"";"";"5 ";"Sachsenhausen-Nord";"331";"5.31";"5A";"A6";20;"8";60594
3238;"Zum Gottschalkhof";"";"";"";"";"";"5 ";"Sachsenhausen-Nord";"331";"5.31";"5A";"A6";20;"8";60594
3239;"Zum Schlegelhof";"";"";"";"";"";"5 ";"Sachsenhausen-Nord";"331";"5.31";"5A";"A6";20;"8";60594
3240;"Walther-von-Cronberg-Platz";"";"";"";"";"";"5 ";"Sachsenhausen-Nord";"331";"5.31";"5A";"A6";20;"8";60594
3241;"Buber-Neumann-Weg";"";"";"";"";"";"8 ";"Heddernheim";"431";"8.61";" 8";"A2";37;"14";60439
3242;"Auf der Ulmenklaue";"";"";"";"";"";"11";"Seckbach";"390";"11.75";"11";"A1";31;"6";60389
3243;"Hortensienring";"";"";"";"";"";"6 ";"Unterliederbach";"623";"6.51";"6C";"A7";57;"17";65929
3244;"Zaubernußplatz";"";"";"";"";"";"6 ";"Unterliederbach";"623";"6.51";"6C";"A7";57;"17";65929
3245;"Seidelbaststraße";"";"";"";"";"";"6 ";"Unterliederbach";"623";"6.51";"6C";"A7";57;"17";65929
3246;"Goldregenstraße";"";"";"";"";"";"6 ";"Unterliederbach";"623";"6.51";"6C";"A7";57;"17";65929
3247;"Aralienstraße";"";"";"";"";"";"6 ";"Unterliederbach";"623";"6.51";"6C";"A7";57;"17";65929
3248;"Magnolienstraße";"";"";"";"";"";"6 ";"Unterliederbach";"623";"6.51";"6C";"A7";57;"17";65929
3250;"Christoph-Knips-Straße";"";"";"";"";"";"10";"Eckenheim";"461";"10.72";"10";"B3";40;"12";60435
3251;"Zaubernußallee";"";"";"";"";"";"6 ";"Unterliederbach";"623";"6.51";"6C";"A7";57;"17";65929
3252;"Blauwiesenweg";"";"";"";"";"";"8 ";"Heddernheim";"431";"8.61";" 8";"A2";37;"14";60439
3253;"Liesel-Christ-Anlage";"";"";"";"";"";"1 ";"Innenstadt";"050";"1.02";" 1";"A1";1;"1";60313
3254;"Am Riedsteg";"";"";"";"";"";"13";"Nieder-Erlenbach";"640";"13.80";"13";"A2";59;"14";60437
3255;"Fritz-Klatte-Straße";"gerade";"";"";"";"";"6 ";"Griesheim";"551";"6.39";"6A";"A3";52;"16";65933
3255;"Fritz-Klatte-Straße";"ungerade";"";"";"";"";"6 ";"Nied";"561";"6.42";"6A";"A7";53;"16";65933
3256;"Kirchpfad";"";"";"";"";"";"5 ";"Niederrad";"371";"5.35";"5B";"A6";28;"10";60528
3257;"An der Rosenkranzkirche";"";"";"";"";"";"11";"Seckbach";"390";"11.75";"11";"A1";31;"6";60389
3258;"Golub-Lebedenko-Platz";"";"";"";"";"";"1 ";"Gallus";"153";"1.05";" 1";"A3";7;"4";60326
3259;"Galvanistraße";"";"";"";"";"";"2 ";"Bockenheim";"342";"2.14";" 2";"A4";10;"13";60486
3261;"Charlotte-Schiffler-Straße";"";"";"";"";"";"5 ";"Oberrad";"380";"5.28";"5A";"A6";30;"8";60599
3262;"Hildegard-Schaeder-Straße";"";"";"";"";"";"5 ";"Oberrad";"380";"5.28";"5A";"A6";30;"8";60599
3264;"Ginnheimer Kirchplatz";"";"";"";"";"";"9 ";"Ginnheim";"441";"9.67";" 9";"A2";38;"12";60431
3265;"Valentin-Senger-Straße";"";"";"";"";"";"4 ";"Bornheim";"272";"4.22";" 4";"A1";18;"6";60389
3266;"Karl-Blum-Allee";"";"";"";"";"";"6 ";"Höchst";"570";"6.44";"6C";"A7";54;"17";65929
3267;"Fritz-von-Unruh-Anlage";"";"";"";"";"";"9 ";"Ginnheim";"441";"9.67";" 9";"A2";38;"12";60431
3268;"Carlo-Schmid-Platz";"";"";"";"";"";"2 ";"Bockenheim";"361";"2.12";" 2";"A4";27;"13";60325
3269;"Walter-Abschlag-Weg";"";"";"";"";"";"8 ";"Heddernheim";"431";"8.61";" 8";"A2";37;"14";60439
3270;"Rudolf-Schäfer-Anlage";"";"";"";"";"";"6 ";"Höchst";"591";"6.46";"6C";"A7";54;"17";65929
3271;"Neumühlenweg";"";"";"";"";"";"8 ";"Heddernheim";"431";"8.61";" 8";"A2";37;"14";60439
3271;"Neumühlenweg";"";"";"";"";"";"8 ";"Niederursel";"483";"8.63";" 8";"A2";43;"14";60439
3272;"Friedel-Schomann-Weg";"";"";"";"";"";"7 ";"Rödelheim";"401";"7.55";" 7";"A4";32;"11";60489
3273;"Carl-Weigert-Platz";"";"";"";"";"";"5 ";"Sachsenhausen-Nord";"322";"5.33";"5A";"A6";21;"8";60596
3274;"Neue Börsenstraße";"";"";"";"";"";"7 ";"Bockenheim";"343";"7.57";" 2";"A4";26;"11";60487
3275;"Hülya-Platz";"";"";"";"";"";"2 ";"Bockenheim";"350";"2.13";" 2";"A4";25;"13";60486
3276;"Martin-Elsässer-Weg";"";"";"";"";"";"4 ";"Ostend";"140";"4.26";" 4";"A1";6;"5";60314
3277;"Ernst-Achilles-Platz";"";"";"";"";"";"4 ";"Ostend";"261";"4.27";" 4";"A1";6;"5";60314
3278;"Schwarzer Weg";"";"";"";"";"";"6 ";"Griesheim";"542";"6.40";"6A";"A3";52;"16";60326
3278;"Schwarzer Weg";"";"";"";"";"";"6 ";"Griesheim";"542";"6.40";"6A";"A3";52;"16";65933
3279;"Crutzenkirchweg";"";"";"";"";"";"12";"Kalbach-Riedberg";"651";"12.79";"12";"A2";61;"14";60438
3280;"Am Höllenberg";"";"";"";"";"";"12";"Kalbach-Riedberg";"650";"12.79";"12";"A2";60;"14";60437
3281;"Über den Gartenwiesen";"";"";"";"";"";"12";"Kalbach-Riedberg";"650";"12.79";"12";"A2";60;"14";60437
3282;"Am Schlittenberg";"";"";"";"";"";"12";"Kalbach-Riedberg";"650";"12.79";"12";"A2";60;"14";60437
3283;"Freizeitpark Kalbach";"";"";"";"";"";"12";"Kalbach-Riedberg";"650";"12.79";"12";"A2";60;"14";60437
3284;"In den Teichen";"";"";"";"";"";"11";"Seckbach";"390";"11.75";"11";"A1";31;"6";60388
3284;"In den Teichen";"";"";"";"";"";"11";"Seckbach";"390";"11.75";"11";"A1";31;"6";60389
3285;"An der Alten Gießerei";"";"";"";"";"";"16";"Bergen-Enkheim";"680";"16.83";"16";"A1";64;"18";60388
3286;"Meier-Seligmann-Weg";"";"";"";"";"";"16";"Bergen-Enkheim";"680";"16.83";"16";"A1";64;"18";60388
3287;"Im Dinkelfeld";"";"";"";"";"";"16";"Bergen-Enkheim";"680";"16.83";"16";"A1";64;"18";60388
3288;"Josef-Fenzl-Straße";"";"";"";"";"";"6 ";"Höchst";"570";"6.44";"6C";"A7";54;"17";65929
3289;"Gontardstraße";"";"";"";"";"";"7 ";"Praunheim";"423";"7.59";" 7";"A4";34;"11";60488
3290;"Zur Kalbacher Höhe";"";"";"";"";"";"12";"Kalbach-Riedberg";"651";"12.79";"12";"A2";61;"14";60438
3291;"Bornheimer Fünffingerplätzchen";"";"";"";"";"";"4 ";"Bornheim";"271";"4.23";" 4";"A1";15;"6";60385
3292;"Felix-Wankel-Straße";"";"";"";"";"";"4 ";"Ostend";"261";"4.27";" 4";"A1";6;"5";60314
3293;"Josef-Dey-Weg";"";"";"";"";"";"6 ";"Höchst";"570";"6.44";"6C";"A7";54;"17";65929
3294;"Blütenweg";"gerade";"32";"";"44";"";"6 ";"Höchst";"570";"6.44";"6C";"A7";54;"17";65929
3294;"Blütenweg";"gerade";"4";"";"30";"";"6 ";"Unterliederbach";"622";"6.52";"6C";"A7";57;"17";65929
3294;"Blütenweg";"ungerade";"";"";"";"";"6 ";"Höchst";"570";"6.44";"6C";"A7";54;"17";65929
3295;"Alois-Brisbois-Weg";"";"";"";"";"";"6 ";"Höchst";"570";"6.44";"6C";"A7";54;"17";65929
3296;"Blauglockenweg";"gerade";"2";"";"18";"";"6 ";"Unterliederbach";"622";"6.52";"6C";"A7";57;"17";65929
3296;"Blauglockenweg";"gerade";"20";"";"32";"";"6 ";"Höchst";"570";"6.44";"6C";"A7";54;"17";65929
3296;"Blauglockenweg";"ungerade";"";"";"";"";"6 ";"Höchst";"570";"6.44";"6C";"A7";54;"17";65929
3297;"Hans-Loskant-Weg";"";"";"";"";"";"6 ";"Höchst";"570";"6.44";"6C";"A7";54;"17";65929
3298;"Am Wäldchen";"";"";"";"";"";"6 ";"Höchst";"570";"6.44";"6C";"A7";54;"17";65929
3299;"Felsenbirnenweg";"";"";"";"";"";"6 ";"Höchst";"570";"6.44";"6C";"A7";54;"17";65929
3300;"Ludwig-Jost-Allee";"";"";"";"";"";"6 ";"Unterliederbach";"622";"6.52";"6C";"A7";57;"17";65929
3301;"Paul-Wempe-Allee";"";"";"";"";"";"6 ";"Höchst";"570";"6.44";"6C";"A7";54;"17";65929
3302;"Spitzgartenweg";"";"";"";"";"";"12";"Kalbach-Riedberg";"651";"12.79";"12";"A2";61;"14";60438
3304;"Bodenweg";"";"";"";"";"";"4 ";"Bornheim";"272";"4.22";" 4";"A1";18;"6";60389
3305;"Wasserleitungsweg";"";"";"";"";"";"4 ";"Bornheim";"272";"4.22";" 4";"A1";18;"6";60389
3306;"Am Hohen Markstein";"";"";"";"";"";"4 ";"Bornheim";"272";"4.22";" 4";"A1";18;"6";60389
3307;"Am Galgenberg";"";"";"";"";"";"4 ";"Bornheim";"272";"4.22";" 4";"A1";18;"6";60385
3307;"Am Galgenberg";"";"";"";"";"";"4 ";"Bornheim";"290";"4.22";" 4";"A1";18;"6";60385
3308;"Im Weidensee";"";"";"";"";"";"6 ";"Unterliederbach";"623";"6.51";"6C";"A7";57;"17";65929
3309;"Mockstädter Straße";"";"";"";"";"";"6 ";"Sindlingen";"601";"6.47";"6B";"A7";55;"17";65931
3310;"Feuerwehrstraße";"";"";"";"";"";"10";"Eckenheim";"461";"10.72";"10";"B3";40;"12";60435
3311;"Europa-Allee";"gerade";"116";"";"142";"";"1 ";"Gallus";"165";"1.08";" 1";"A3";8;"13";60486
3311;"Europa-Allee";"gerade";"2";"";"64";"";"1 ";"Gallus";"161";"1.06";" 1";"A3";7;"13";60327
3311;"Europa-Allee";"gerade";"66";"";"96";"";"1 ";"Gallus";"162";"1.07";" 1";"A3";9;"13";60486
3311;"Europa-Allee";"ungerade";"105";"";"";"";"1 ";"Gallus";"162";"1.07";" 1";"A3";9;"13";60486
3311;"Europa-Allee";"ungerade";"121";"";"165";"H";"1 ";"Gallus";"165";"1.08";" 1";"A3";8;"4";60486
3311;"Europa-Allee";"ungerade";"21";"";"";"";"1 ";"Gallus";"161";"1.06";" 1";"A3";7;"13";60327
3311;"Europa-Allee";"ungerade";"23";"";"57";"";"1 ";"Gallus";"161";"1.06";" 1";"A3";7;"4";60327
3311;"Europa-Allee";"ungerade";"5";"";"13";"";"1 ";"Gallus";"161";"1.06";" 1";"A3";7;"4";60327
3311;"Europa-Allee";"ungerade";"69";"";"103";"";"1 ";"Gallus";"162";"1.07";" 1";"A3";9;"4";60486
3312;"Am Nonnenhof";"";"";"";"";"";"10";"Preungesheim";"470";"10.73";"10";"B3";42;"12";60435
3313;"Am Lausberg";"";"";"";"";"";"10";"Preungesheim";"470";"10.73";"10";"B3";42;"12";60435
3314;"Im Steinchen";"";"";"";"";"";"16";"Bergen-Enkheim";"680";"16.83";"16";"A1";64;"18";60388
3315;"Martin-Luther-Platz";"gerade";"";"";"";"";"3 ";"Nordend-Ost";"221";"3.19";" 3";"A1";13;"3";60316
3315;"Martin-Luther-Platz";"ungerade";"";"";"";"";"3 ";"Nordend-Ost";"230";"3.20";" 3";"A1";14;"3";60316
3317;"An der Welle";"";"";"";"";"";"2 ";"Westend-Süd";"110";"2.10";" 2";"A4";4;"3";60322
3318;"H.-P.-Müller-Platz";"";"";"";"";"";"8 ";"Heddernheim";"431";"8.61";" 8";"A2";37;"14";60439
3319;"Buchrainplatz";"";"";"";"";"";"5 ";"Oberrad";"380";"5.28";"5A";"A6";30;"8";60599
3320;"Erich-Fromm-Platz";"";"";"";"";"";"2 ";"Westend-Süd";"180";"2.10";" 2";"A4";4;"3";60323
3321;"Polizeimeister-Kaspar-Straße";"";"";"";"";"";"3 ";"Nordend-West";"202";"3.16";" 3";"B3";11;"12";60320
3322;"Prozessionsweg";"";"";"";"";"";"12";"Kalbach-Riedberg";"651";"12.79";"12";"A2";61;"14";60438
3323;"Renoirallee";"";"";"";"";"";"12";"Kalbach-Riedberg";"651";"12.79";"12";"A2";61;"14";60438
3324;"Cézanneweg";"";"";"";"";"";"12";"Kalbach-Riedberg";"651";"12.79";"12";"A2";61;"14";60438
3325;"Gauguinweg";"";"";"";"";"";"12";"Kalbach-Riedberg";"651";"12.79";"12";"A2";61;"14";60438
3326;"Matisseweg";"";"";"";"";"";"12";"Kalbach-Riedberg";"651";"12.79";"12";"A2";61;"14";60438
3327;"Pissarroweg";"";"";"";"";"";"12";"Kalbach-Riedberg";"651";"12.79";"12";"A2";61;"14";60438
3328;"Monetweg";"";"";"";"";"";"12";"Kalbach-Riedberg";"651";"12.79";"12";"A2";61;"14";60438
3329;"Utrilloweg";"";"";"";"";"";"12";"Kalbach-Riedberg";"651";"12.79";"12";"A2";61;"14";60438
3330;"Carl-von-Noorden-Platz";"";"";"";"";"";"5 ";"Sachsenhausen-Nord";"322";"5.33";"5A";"A6";21;"8";60596
3331;"Ignatz-Bubis-Brücke";"";"";"";"";"";"1 ";"Innenstadt";"080";"1.01";" 1";"A1";1;"1";60311
3331;"Ignatz-Bubis-Brücke";"";"";"";"";"";"5 ";"Sachsenhausen-Nord";"300";"5.31";"5A";"A6";20;"8";60594
3331;"Ignatz-Bubis-Brücke";"";"";"";"";"";"5 ";"Sachsenhausen-Nord";"331";"5.31";"5A";"A6";20;"8";60594
3332;"Kaiserleipromenade";"";"";"";"";"";"5 ";"Oberrad";"380";"5.28";"5A";"A6";30;"8";60599
3333;"Im Geeren";"";"";"";"";"";"9 ";"Eschersheim";"451";"9.65";" 9";"B3";39;"12";60433
3334;"Am Höhstock";"";"";"";"";"";"9 ";"Eschersheim";"451";"9.65";" 9";"B3";39;"12";60433
3335;"Im Nardholz";"";"";"";"";"";"9 ";"Eschersheim";"451";"9.65";" 9";"B3";39;"12";60433
3336;"Am Gabelacker";"";"";"";"";"";"9 ";"Eschersheim";"451";"9.65";" 9";"B3";39;"12";60433
3337;"Klimsch-Anlage";"";"";"";"";"";"9 ";"Dornbusch";"442";"9.68";" 9";"B3";38;"12";60320
3337;"Klimsch-Anlage";"";"";"";"";"";"9 ";"Dornbusch";"442";"9.68";" 9";"B3";38;"12";60431
3338;"Theodor-Neubürger-Straße";"";"";"";"";"";"8 ";"Niederursel";"483";"8.63";" 8";"A2";43;"14";60439
3339;"Elisabeth-Winterhalter-Straße";"";"";"";"";"";"8 ";"Niederursel";"483";"8.63";" 8";"A2";43;"14";60439
3340;"Theatertunnel";"";"";"";"";"";"1 ";"Altstadt";"010";"1.01";" 1";"A1";1;"1";60311
3340;"Theatertunnel";"";"";"";"";"";"1 ";"Innenstadt";"040";"1.03";" 1";"A1";1;"1";60311
3340;"Theatertunnel";"";"";"";"";"";"1 ";"Innenstadt";"040";"1.03";" 1";"A1";1;"4";60311
3340;"Theatertunnel";"";"";"";"";"";"1 ";"Bahnhofsviertel";"090";"1.03";" 1";"A3";2;"4";60311
3340;"Theatertunnel";"";"";"";"";"";"1 ";"Bahnhofsviertel";"090";"1.03";" 1";"A3";2;"4";60329
3341;"Hafentunnel";"";"";"";"";"";"1 ";"Gallus";"152";"1.06";" 1";"A3";7;"4";60327
3341;"Hafentunnel";"";"";"";"";"";"1 ";"Gallus";"152";"1.06";" 1";"A3";7;"4";60329
3342;"Margarete-Schütte-Lihotzky-Anlage";"";"";"";"";"";"7 ";"Praunheim";"422";"7.59";" 7";"A4";34;"14";60488
3343;"Martin-Henrich-Anlage";"";"";"";"";"";"6 ";"Schwanheim";"531";"6.38";"6A";"A6";50;"10";60529
3344;"Knöterichweg";"";"";"";"";"";"2 ";"Bockenheim";"362";"2.12";" 2";"A4";27;"13";60487
3345;"Ferdinand-Happ-Straße";"";"";"";"";"";"4 ";"Ostend";"261";"4.27";" 4";"A1";6;"5";60314
3347;"Lia-Wöhr-Platz";"";"";"";"";"";"1 ";"Gallus";"161";"1.06";" 1";"A3";7;"4";60327
3348;"Peter-Behrens-Straße";"";"";"";"";"";"4 ";"Ostend";"261";"4.27";" 4";"A1";6;"5";60314
3349;"Im Brombeerfeld";"";"";"";"";"";"12";"Kalbach-Riedberg";"650";"12.79";"12";"A2";60;"14";60437
3350;"Am Wingert";"";"";"";"";"";"12";"Kalbach-Riedberg";"650";"12.79";"12";"A2";60;"14";60437
3351;"Heckenrosenweg";"";"";"";"";"";"12";"Kalbach-Riedberg";"650";"12.79";"12";"A2";60;"14";60437
3352;"Wolfshohl";"";"";"";"";"";"12";"Kalbach-Riedberg";"650";"12.79";"12";"A2";60;"14";60437
3353;"Martin-Weber-Platz";"";"";"";"";"";"4 ";"Bornheim";"281";"4.24";" 4";"A1";19;"6";60385
3354;"Huswertstraße";"gerade";"2";"";"36";"";"10";"Preungesheim";"470";"10.73";"10";"B3";42;"12";60435
3354;"Huswertstraße";"gerade";"60";"";"";"";"10";"Preungesheim";"470";"10.73";"10";"B3";42;"14";60435
3354;"Huswertstraße";"ungerade";"";"";"";"";"10";"Preungesheim";"470";"10.73";"10";"B3";42;"12";60435
3355;"Gundelandstraße";"";"";"";"";"";"10";"Preungesheim";"470";"10.73";"10";"B3";42;"12";60435
3356;"An den Drei Hohen";"";"";"";"";"";"10";"Preungesheim";"470";"10.73";"10";"B3";42;"12";60435
3357;"Odina-Bott-Platz";"";"";"";"";"";"2 ";"Westend-Süd";"180";"2.10";" 2";"A4";4;"3";60323
3358;"Sandhof-Schleife";"";"";"";"";"";"5 ";"Sachsenhausen-Nord";"322";"5.33";"5A";"A6";21;"8";60596
3359;"Elli-Lucht-Park";"";"";"";"";"";"5 ";"Niederrad";"371";"5.35";"5B";"A6";28;"10";60528
3360;"August-Belz-Anlage";"";"";"";"";"";"5 ";"Niederrad";"372";"5.36";"5B";"A6";28;"10";60528
3361;"Am Alten Volkshaus";"";"";"";"";"";"11";"Riederwald";"262";"11.76";"11";"A1";17;"18";60386
3362;"Zeisigweg";"";"";"";"";"";"5 ";"Sachsenhausen-Süd";"323";"5.30";"5A";"A6";22;"8";60598
3363;"Straße zur Internationalen Schule";"";"";"";"";"";"6 ";"Sindlingen";"602";"6.48";"6B";"A7";55;"17";65931
3364;"Europabrücke";"";"";"";"";"";"5 ";"Niederrad";"373";"5.36";"5B";"A6";29;"10";60529
3364;"Europabrücke";"";"";"";"";"";"6 ";"Schwanheim";"532";"6.37";"6A";"A6";51;"10";60529
3364;"Europabrücke";"";"";"";"";"";"6 ";"Griesheim";"541";"6.39";"6A";"A3";52;"16";60327
3364;"Europabrücke";"";"";"";"";"";"6 ";"Griesheim";"541";"6.39";"6A";"A3";52;"16";65933
3365;"Tiroler Park";"";"";"";"";"";"5 ";"Sachsenhausen-Nord";"322";"5.33";"5A";"A6";21;"8";60596
3365;"Tiroler Park";"";"";"";"";"";"5 ";"Sachsenhausen-Nord";"322";"5.33";"5A";"A6";21;"8";60598
3366;"Paul-Arnsberg-Platz";"";"";"";"";"";"4 ";"Ostend";"140";"4.26";" 4";"A1";6;"5";60314
3367;"Waltraud-Müller-Alizadeh-Spielplatz";"";"";"";"";"";"5 ";"Oberrad";"380";"5.28";"5A";"A6";30;"8";60599
3368;"Sonnentaustraße";"";"";"";"";"";"10";"Frankfurter Berg";"492";"10.71";"10";"A2";46;"14";60433
3369;"Malvenweg";"";"";"";"";"";"10";"Frankfurter Berg";"492";"10.71";"10";"A2";46;"14";60433
3370;"Kaiserkronenweg";"";"";"";"";"";"10";"Frankfurter Berg";"492";"10.71";"10";"A2";46;"14";60433
3371;"Geranienweg";"";"";"";"";"";"10";"Frankfurter Berg";"492";"10.71";"10";"A2";46;"14";60433
3372;"Lavendelweg";"";"";"";"";"";"10";"Frankfurter Berg";"492";"10.71";"10";"A2";46;"14";60433
3373;"Clematisweg";"";"";"";"";"";"10";"Frankfurter Berg";"492";"10.71";"10";"A2";46;"14";60433
3374;"Margeritenweg";"";"";"";"";"";"10";"Frankfurter Berg";"492";"10.71";"10";"A2";46;"14";60433
3375;"Jasminweg";"";"";"";"";"";"10";"Frankfurter Berg";"492";"10.71";"10";"A2";46;"14";60433
3376;"Petunienweg";"";"";"";"";"";"10";"Frankfurter Berg";"492";"10.71";"10";"A2";46;"14";60433
3377;"Glockenblumenweg";"";"";"";"";"";"10";"Frankfurter Berg";"492";"10.71";"10";"A2";46;"14";60433
3378;"Tagetesweg";"";"";"";"";"";"10";"Frankfurter Berg";"492";"10.71";"10";"A2";46;"14";60433
3379;"Gustavsburgplatz";"";"";"";"";"";"1 ";"Gallus";"153";"1.05";" 1";"A3";7;"4";60326
3380;"Am Alten Friedhof";"";"";"";"";"";"5 ";"Sachsenhausen-Nord";"324";"5.32";"5A";"A6";21;"8";60594
3381;"Boskoopstraße";"";"";"";"";"";"10";"Preungesheim";"470";"10.73";"10";"B3";42;"12";60435
3382;"Renettenstraße";"";"";"";"";"";"10";"Preungesheim";"470";"10.73";"10";"B3";42;"12";60435
3383;"Gravensteiner-Platz";"";"";"";"";"";"10";"Preungesheim";"470";"10.73";"10";"B3";42;"12";60435
3384;"Am Klarapfel";"";"";"";"";"";"10";"Preungesheim";"470";"10.73";"10";"B3";42;"12";60435
3385;"Am Borsdorfer";"";"";"";"";"";"10";"Preungesheim";"470";"10.73";"10";"B3";42;"12";60435
3386;"Herrenapfelstraße";"";"";"";"";"";"10";"Preungesheim";"470";"10.73";"10";"B3";42;"12";60435
3387;"Kantapfelstraße";"";"";"";"";"";"10";"Preungesheim";"470";"10.73";"10";"B3";42;"12";60435
3388;"Goldpeppingstraße";"";"";"";"";"";"10";"Preungesheim";"470";"10.73";"10";"B3";42;"12";60435
3389;"Am Jessenapfel";"";"";"";"";"";"10";"Preungesheim";"470";"10.73";"10";"B3";42;"12";60435
3390;"Gretapfelstraße";"";"";"";"";"";"10";"Preungesheim";"470";"10.73";"10";"B3";42;"12";60435
3391;"Alkmenestraße";"";"";"";"";"";"10";"Preungesheim";"470";"10.73";"10";"B3";42;"12";60435
3392;"Karl-Perott-Platz";"";"";"";"";"";"8 ";"Heddernheim";"431";"8.61";" 8";"A2";37;"14";60439
3393;"Gustav-Behringer-Straße";"";"";"";"";"";"11";"Seckbach";"390";"11.75";"11";"A1";31;"18";60386
3394;"Am Enkheimer Steg";"";"";"";"";"";"11";"Seckbach";"390";"11.75";"11";"A1";31;"18";60386
3394;"Am Enkheimer Steg";"";"";"";"";"";"11";"Seckbach";"390";"11.75";"11";"A1";31;"18";60389
3395;"Riedbergallee";"gerade";"36";"";"56";"";"12";"Kalbach-Riedberg";"651";"12.79";"12";"A2";61;"14";60438
3395;"Riedbergallee";"gerade";"4";"";"34";"";"8 ";"Niederursel";"484";"8.63";" 8";"A2";43;"14";60438
3395;"Riedbergallee";"ungerade";"";"";"";"";"12";"Kalbach-Riedberg";"651";"12.79";"12";"A2";61;"14";60438
3396;"Ferdinand-Braun-Straße";"";"";"";"";"";"8 ";"Niederursel";"484";"8.63";" 8";"A2";43;"14";60438
3397;"Max-Born-Straße";"";"";"";"";"";"12";"Kalbach-Riedberg";"651";"12.79";"12";"A2";61;"14";60438
3398;"Zum Margarethenzehnten";"";"";"";"";"";"12";"Kalbach-Riedberg";"651";"12.79";"12";"A2";61;"14";60438
3400;"Konrad-Zuse-Straße";"";"";"";"";"";"12";"Kalbach-Riedberg";"651";"12.79";"12";"A2";61;"14";60438
3401;"Im Kreuzegut";"";"";"";"";"";"12";"Kalbach-Riedberg";"651";"12.79";"12";"A2";61;"14";60438
3402;"Zum Stulen";"";"";"";"";"";"12";"Kalbach-Riedberg";"651";"12.79";"12";"A2";61;"14";60438
3403;"Nelly-Sachs-Platz";"";"";"";"";"";"12";"Kalbach-Riedberg";"651";"12.79";"12";"A2";61;"14";60438
3405;"Käthe-Kruse-Straße";"";"";"";"";"";"12";"Kalbach-Riedberg";"651";"12.79";"12";"A2";61;"14";60438
3406;"Margarete-Steiff-Straße";"";"";"";"";"";"12";"Kalbach-Riedberg";"651";"12.79";"12";"A2";61;"14";60438
3407;"Elisabeth-Selbert-Platz";"";"";"";"";"";"12";"Kalbach-Riedberg";"651";"12.79";"12";"A2";61;"14";60438
3408;"Christiane-Vulpius-Straße";"";"";"";"";"";"12";"Kalbach-Riedberg";"651";"12.79";"12";"A2";61;"14";60438
3409;"Elly-Heuss-Knapp-Straße";"";"";"";"";"";"12";"Kalbach-Riedberg";"651";"12.79";"12";"A2";61;"14";60438
3410;"Helene-Lange-Straße";"";"";"";"";"";"12";"Kalbach-Riedberg";"651";"12.79";"12";"A2";61;"14";60438
3411;"Hannah-Arendt-Straße";"";"";"";"";"";"12";"Kalbach-Riedberg";"651";"12.79";"12";"A2";61;"14";60438
3412;"Skylineblick";"";"";"";"";"";"12";"Kalbach-Riedberg";"651";"12.79";"12";"A2";61;"14";60438
3413;"Clara-Schumann-Weg";"";"";"";"";"";"12";"Kalbach-Riedberg";"651";"12.79";"12";"A2";61;"14";60438
3414;"Altenhöferallee";"gerade";"14";"";"132";"";"12";"Kalbach-Riedberg";"651";"12.79";"12";"A2";61;"14";60438
3414;"Altenhöferallee";"gerade";"2";"";"";"";"8 ";"Niederursel";"484";"8.63";" 8";"A2";43;"14";60438
3414;"Altenhöferallee";"ungerade";"1";"";"7";"";"8 ";"Niederursel";"484";"8.63";" 8";"A2";43;"14";60438
3414;"Altenhöferallee";"ungerade";"15";"";"189";"";"12";"Kalbach-Riedberg";"651";"12.79";"12";"A2";61;"14";60438
3415;"Max-von-Laue-Straße";"";"";"";"";"";"8 ";"Niederursel";"484";"8.63";" 8";"A2";43;"14";60438
3416;"Alfred-Wegener-Straße";"";"";"";"";"";"8 ";"Niederursel";"484";"8.63";" 8";"A2";43;"14";60438
3417;"Ruth-Moufang-Straße";"";"";"";"";"";"8 ";"Niederursel";"484";"8.63";" 8";"A2";43;"14";60438
3418;"Willemineallee";"";"";"";"";"";"5 ";"Niederrad";"372";"5.36";"5B";"A6";28;"10";60528
3419;"Friedberger Tor";"";"";"";"";"";"1 ";"Innenstadt";"060";"1.02";" 1";"A1";1;"1";60313
3419;"Friedberger Tor";"";"";"";"";"";"1 ";"Innenstadt";"070";"1.01";" 1";"A1";1;"1";60313
3420;"Barodapfad";"";"";"";"";"";"4 ";"Ostend";"140";"4.26";" 4";"A1";6;"5";60316
3421;"Colmarer Straße";"";"";"";"";"";"5 ";"Niederrad";"373";"5.36";"5B";"A6";29;"10";60528
3422;"Rotfeder Ring";"";"";"";"";"";"1 ";"Gutleutviertel";"151";"1.04";" 1";"A3";2;"4";60327
3423;"Bachforellenweg";"";"";"";"";"";"1 ";"Gutleutviertel";"151";"1.04";" 1";"A3";2;"4";60327
3424;"Westhafenplatz";"";"";"";"";"";"1 ";"Gutleutviertel";"151";"1.04";" 1";"A3";2;"4";60327
3425;"Stichlingstraße";"";"";"";"";"";"1 ";"Gutleutviertel";"151";"1.04";" 1";"A3";2;"4";60327
3426;"Zanderstraße";"";"";"";"";"";"1 ";"Gutleutviertel";"151";"1.04";" 1";"A3";2;"4";60327
3427;"Karpfenweg";"";"";"";"";"";"1 ";"Gutleutviertel";"151";"1.04";" 1";"A3";2;"4";60327
3428;"Westhafenbrücke";"";"";"";"";"";"1 ";"Gutleutviertel";"151";"1.04";" 1";"A3";2;"4";60327
3429;"Flusskrebssteg";"";"";"";"";"";"1 ";"Gutleutviertel";"151";"1.04";" 1";"A3";2;"4";60327
3430;"Heinz-Raspe-Platz";"";"";"";"";"";"4 ";"Ostend";"261";"4.27";" 4";"A1";6;"5";60314
3431;"Am Reinhardshof";"";"";"";"";"";"13";"Nieder-Erlenbach";"640";"13.80";"13";"A2";59;"14";60437
3432;"Leonardo-da-Vinci-Allee";"";"";"";"";"";"2 ";"Bockenheim";"163";"2.15";" 2";"A4";10;"13";60486
3433;"Montgolfier-Allee";"";"";"";"";"";"2 ";"Bockenheim";"163";"2.15";" 2";"A4";10;"13";60486
3434;"Parsevalstraße";"";"";"";"";"";"2 ";"Bockenheim";"163";"2.15";" 2";"A4";10;"13";60486
3436;"Gebrüder-Wright-Straße";"";"";"";"";"";"2 ";"Bockenheim";"163";"2.15";" 2";"A4";10;"13";60486
3437;"Colsmanstraße";"";"";"";"";"";"2 ";"Bockenheim";"163";"2.15";" 2";"A4";10;"13";60486
3439;"Wilhelmine-Reichard-Weg";"";"";"";"";"";"2 ";"Bockenheim";"163";"2.15";" 2";"A4";10;"13";60486
3440;"Ludwig-Gehm-Weg";"";"";"";"";"";"7 ";"Praunheim";"422";"7.59";" 7";"A4";34;"14";60488
3441;"Wilhelm-Schickard-Straße";"";"";"";"";"";"1 ";"Gallus";"152";"1.06";" 1";"A3";7;"4";60327
3442;"Hildegard-von-Bingen-Weg";"";"";"";"";"";"8 ";"Niederursel";"483";"8.63";" 8";"A2";43;"14";60439
3444;"Melli-Beese-Straße";"";"";"";"";"";"2 ";"Bockenheim";"163";"2.15";" 2";"A4";10;"13";60486
3445;"Walter-Hesselbach-Straße";"";"";"";"";"";"10";"Preungesheim";"470";"10.73";"10";"B3";42;"12";60389
3446;"Dietrich-Bonhoeffer-Weg";"";"";"";"";"";"4 ";"Bornheim";"272";"4.22";" 4";"A1";18;"6";60389
3447;"Johanniskirchplatz";"";"";"";"";"";"4 ";"Bornheim";"272";"4.22";" 4";"A1";18;"6";60385
3448;"Adam-Riese-Straße";"";"";"";"";"";"1 ";"Gallus";"152";"1.06";" 1";"A3";7;"4";60327
3449;"Adam-Riese-Platz";"";"";"";"";"";"1 ";"Gallus";"152";"1.06";" 1";"A3";7;"4";60327
3450;"Katharinenkreisel";"";"";"";"";"";"2 ";"Bockenheim";"163";"2.15";" 2";"A4";10;"13";60486
3450;"Katharinenkreisel";"";"";"";"";"";"2 ";"Bockenheim";"342";"2.14";" 2";"A4";10;"13";60486
3451;"Hans-Burggraf-Anlage";"";"";"";"";"";"9 ";"Dornbusch";"442";"9.68";" 9";"B3";38;"12";60431
3452;"An der Lindenallee";"";"";"";"";"";"10";"Frankfurter Berg";"492";"10.71";"10";"A2";46;"14";60433
3453;"Kautenhof (Wohnplatz)";"";"";"";"";"";"12";"Kalbach-Riedberg";"651";"12.79";"12";"A2";61;"14";60437
3453;"Kautenhof (Wohnplatz)";"";"";"";"";"";"12";"Kalbach-Riedberg";"651";"12.79";"12";"A2";61;"14";60438
3455;"In den Gräben";"";"";"";"";"";"10";"Berkersheim";"500";"10.74";"10";"A2";47;"14";60435
3457;"Joachim-Biermann-Straße";"";"";"";"";"";"7 ";"Bockenheim";"343";"7.57";" 2";"A4";26;"11";60486
3458;"Heinrich-Lanz-Allee";"";"";"";"";"";"12";"Kalbach-Riedberg";"650";"12.79";"12";"A2";60;"14";60437
3459;"Josef-Eicher-Straße";"";"";"";"";"";"12";"Kalbach-Riedberg";"650";"12.79";"12";"A2";60;"14";60437
3460;"Anton-Schlüter-Straße";"";"";"";"";"";"12";"Kalbach-Riedberg";"650";"12.79";"12";"A2";60;"14";60437
3461;"Johann-Georg-Fahr-Anlage";"";"";"";"";"";"12";"Kalbach-Riedberg";"650";"12.79";"12";"A2";60;"14";60437
3462;"Xaver-Fendt-Straße";"";"";"";"";"";"12";"Kalbach-Riedberg";"650";"12.79";"12";"A2";60;"14";60437
3463;"Georg-Allgaier-Straße";"";"";"";"";"";"12";"Kalbach-Riedberg";"650";"12.79";"12";"A2";60;"14";60437
3464;"Wilhelm-Gutbrod-Straße";"";"";"";"";"";"12";"Kalbach-Riedberg";"650";"12.79";"12";"A2";60;"14";60437
3466;"Max-Holder-Straße";"";"";"";"";"";"12";"Kalbach-Riedberg";"650";"12.79";"12";"A2";60;"14";60437
3467;"Josef-Bautz-Straße";"";"";"";"";"";"12";"Kalbach-Riedberg";"650";"12.79";"12";"A2";60;"14";60437
3468;"Karl-Ritscher-Anlage";"";"";"";"";"";"12";"Kalbach-Riedberg";"650";"12.79";"12";"A2";60;"14";60437
3469;"Gräfin-Dönhoff-Straße";"";"";"";"";"";"12";"Kalbach-Riedberg";"651";"12.79";"12";"A2";61;"14";60438
3470;"Bonifatiuspark";"";"";"";"";"";"12";"Kalbach-Riedberg";"651";"12.79";"12";"A2";61;"14";60438
3471;"Kätcheslachpark";"";"";"";"";"";"12";"Kalbach-Riedberg";"651";"12.79";"12";"A2";61;"14";60438
3472;"Salvador-Allende-Straße";"";"";"";"";"";"2 ";"Bockenheim";"350";"2.13";" 2";"A4";25;"13";60487
3473;"Hans-Flesch-Platz";"";"";"";"";"";"1 ";"Innenstadt";"060";"1.02";" 1";"A1";1;"1";60313
3474;"Buchscheerfeldweg";"";"";"";"";"";"5 ";"Sachsenhausen-Süd";"325";"5.34";"5A";"A6";23;"10";60598
3475;"Ludwig-Emmel-Weg";"";"";"";"";"";"16";"Bergen-Enkheim";"680";"16.83";"16";"A1";64;"18";60388
3476;"Kätcheslachweg";"";"";"";"";"";"12";"Kalbach-Riedberg";"651";"12.79";"12";"A2";61;"14";60438
3477;"Helene-Adler-Weg";"";"";"";"";"";"12";"Kalbach-Riedberg";"651";"12.79";"12";"A2";61;"14";60438
3478;"Annette-Kolb-Weg";"";"";"";"";"";"12";"Kalbach-Riedberg";"651";"12.79";"12";"A2";61;"14";60438
3479;"Ludwig-Fulda-Weg";"";"";"";"";"";"12";"Kalbach-Riedberg";"651";"12.79";"12";"A2";61;"14";60438
3480;"Johanna-Spyri-Weg";"";"";"";"";"";"12";"Kalbach-Riedberg";"651";"12.79";"12";"A2";61;"14";60438
3481;"Kalbacher Niddapfad";"";"";"";"";"";"10";"Bonames";"491";"10.70";"10";"A2";45;"14";60437
3481;"Kalbacher Niddapfad";"";"";"";"";"";"12";"Kalbach-Riedberg";"650";"12.79";"12";"A2";60;"14";60437
3482;"Edingerweg";"";"";"";"";"";"2 ";"Westend-Nord";"192";"2.09";" 2";"B3";4;"12";60320
3483;"Jenny-Apolant-Weg";"";"";"";"";"";"4 ";"Ostend";"140";"4.26";" 4";"A1";6;"5";60314
3484;"Alte Riedbergstraße";"ungerade";"3";"";"3";"A";"12";"Kalbach-Riedberg";"651";"12.79";"12";"A2";61;"14";60437
3484;"Alte Riedbergstraße";"ungerade";"7";"";"";"";"12";"Kalbach-Riedberg";"650";"12.79";"12";"A2";60;"14";60437
3485;"Horst-Lippmann-Platz";"";"";"";"";"";"1 ";"Innenstadt";"050";"1.02";" 1";"A1";1;"1";60313
3486;"Kiesbergweg";"";"";"";"";"";"6 ";"Schwanheim";"532";"6.37";"6A";"A6";51;"10";60529
3487;"Georg-Esser-Anlage";"";"";"";"";"";"10";"Eckenheim";"461";"10.72";"10";"B3";40;"12";60435
3488;"Im Hilgenfeld";"";"";"";"";"";"10";"Frankfurter Berg";"492";"10.71";"10";"A2";46;"14";60433
3489;"An der Rotterdamer Werft";"";"";"";"";"";"1 ";"Gutleutviertel";"151";"1.04";" 1";"A3";2;"4";60327
3490;"Walter-Schwagenscheidt-Platz";"";"";"";"";"";"8 ";"Praunheim";"426";"8.62";" 7";"A2";36;"14";60439
3491;"Rosa-Marx-Weg";"";"";"";"";"";"4 ";"Ostend";"140";"4.26";" 4";"A1";6;"5";60314
3492;"An den Katharinenhöfen";"";"";"";"";"";"2 ";"Bockenheim";"163";"2.15";" 2";"A4";10;"13";60486
3494;"Johann-Beyer-Weg";"";"";"";"";"";"12";"Kalbach-Riedberg";"651";"12.79";"12";"A2";61;"14";60438
3495;"Berger Schützenhaus (Wohnplatz)";"";"";"";"";"";"16";"Bergen-Enkheim";"680";"16.83";"16";"A1";64;"18";60388
3496;"An der Goetheruh";"";"";"";"";"";"5 ";"Sachsenhausen-Süd";"332";"5.29";"5A";"A6";24;"8";60599
3496;"An der Goetheruh";"";"";"";"";"";"5 ";"Oberrad";"380";"5.28";"5A";"A6";30;"8";60599
3497;"Römerbrücke";"";"";"";"";"";"8 ";"Heddernheim";"432";"8.62";" 8";"A2";36;"14";60439
3497;"Römerbrücke";"";"";"";"";"";"9 ";"Ginnheim";"441";"9.67";" 9";"A2";38;"12";60431
3497;"Römerbrücke";"";"";"";"";"";"9 ";"Ginnheim";"441";"9.67";" 9";"A2";38;"12";60439
3497;"Römerbrücke";"";"";"";"";"";"9 ";"Ginnheim";"441";"9.67";" 9";"A2";38;"14";60439
3498;"Chlodwig-Poth-Anlage";"";"";"";"";"";"6 ";"Sossenheim";"632";"6.54";"6C";"A7";58;"17";65936
3499;"Alfred-Kiefer-Weg";"";"";"";"";"";"6 ";"Schwanheim";"532";"6.37";"6A";"A6";51;"10";60529
3500;"Osloer Straße";"";"";"";"";"";"1 ";"Gallus";"161";"1.06";" 1";"A3";7;"13";60327
3501;"Brüsseler Straße";"";"";"";"";"";"1 ";"Gallus";"161";"1.06";" 1";"A3";7;"13";60327
3502;"Den Haager Straße";"";"";"";"";"";"1 ";"Gallus";"161";"1.06";" 1";"A3";7;"13";60327
3503;"Max-Kirschner-Weg";"";"";"";"";"";"8 ";"Heddernheim";"431";"8.61";" 8";"A2";37;"14";60439
3504;"Über der Heiern";"";"";"";"";"";"14";"Harheim";"660";"14.81";"14";"A2";62;"14";60437
3505;"In der Fuchskaut";"";"";"";"";"";"14";"Harheim";"660";"14.81";"14";"A2";62;"14";60437
3506;"In den Aspen";"";"";"";"";"";"14";"Harheim";"660";"14.81";"14";"A2";62;"14";60437
3507;"Altkönigblick";"";"";"";"";"";"14";"Harheim";"660";"14.81";"14";"A2";62;"14";60437
3508;"Reiterhof Schlockerwiesen (Wohnplatz)";"";"";"";"";"";"10";"Berkersheim";"500";"10.74";"10";"A2";47;"14";60435
3509;"An der Marienkirche";"";"";"";"";"";"11";"Seckbach";"390";"11.75";"11";"A1";31;"6";60389
3510;"Stiftung-Waisenhaus-Weg";"";"";"";"";"";"12";"Kalbach-Riedberg";"651";"12.79";"12";"A2";61;"14";60438
3511;"Zum Messeparkhaus Rebstock";"";"";"";"";"";"2 ";"Bockenheim";"163";"2.15";" 2";"A4";10;"13";60486
3512;"Celsiusplatz";"";"";"";"";"";"2 ";"Bockenheim";"342";"2.14";" 2";"A4";10;"13";60486
3513;"Erna-Pinner-Straße";"";"";"";"";"";"12";"Kalbach-Riedberg";"651";"12.79";"12";"A2";61;"14";60438
3514;"Bertha-Bagge-Straße";"";"";"";"";"";"12";"Kalbach-Riedberg";"651";"12.79";"12";"A2";61;"14";60438
3515;"Margarete-Susman-Weg";"";"";"";"";"";"12";"Kalbach-Riedberg";"651";"12.79";"12";"A2";61;"14";60438
3516;"Sanddornweg";"";"";"";"";"";"10";"Frankfurter Berg";"492";"10.71";"10";"A2";46;"14";60433
3518;"Robert-Gernhardt-Brücke";"";"";"";"";"";"10";"Bonames";"491";"10.70";"10";"A2";45;"14";60437
3518;"Robert-Gernhardt-Brücke";"";"";"";"";"";"10";"Frankfurter Berg";"492";"10.71";"10";"A2";46;"14";60433
3518;"Robert-Gernhardt-Brücke";"";"";"";"";"";"10";"Frankfurter Berg";"492";"10.71";"10";"A2";46;"14";60437
3518;"Robert-Gernhardt-Brücke";"";"";"";"";"";"12";"Kalbach-Riedberg";"650";"12.79";"12";"A2";60;"14";60437
3519;"Wilhelm-Koppel-Weg";"";"";"";"";"";"6 ";"Nied";"562";"6.43";"6A";"A7";53;"16";65934
3520;"Straße der Nationen";"";"";"";"";"";"2 ";"Bockenheim";"163";"2.15";" 2";"A4";10;"13";60486
3521;"Walburga-Zizka-Weg";"";"";"";"";"";"7 ";"Bockenheim";"343";"7.57";" 2";"A4";26;"11";60487
3522;"Lissabonner Straße";"";"";"";"";"";"1 ";"Gallus";"161";"1.06";" 1";"A3";7;"4";60327
3523;"Madrider Straße";"";"";"";"";"";"1 ";"Gallus";"161";"1.06";" 1";"A3";7;"4";60327
3524;"Dubliner Straße";"";"";"";"";"";"1 ";"Gallus";"161";"1.06";" 1";"A3";7;"4";60327
3525;"Londoner Straße";"";"";"";"";"";"1 ";"Gallus";"161";"1.06";" 1";"A3";7;"4";60327
3526;"Warschauer Straße";"";"";"";"";"";"1 ";"Gallus";"161";"1.06";" 1";"A3";7;"4";60327
3527;"Athener Straße";"";"";"";"";"";"1 ";"Gallus";"161";"1.06";" 1";"A3";7;"4";60327
3528;"Paul-Apel-Straße";"";"";"";"";"";"12";"Kalbach-Riedberg";"651";"12.79";"12";"A2";61;"14";60438
3529;"Henning-von-Tresckow-Straße";"";"";"";"";"";"12";"Kalbach-Riedberg";"651";"12.79";"12";"A2";61;"14";60438
3530;"Fabian-von-Schlabrendorff-Straße";"";"";"";"";"";"12";"Kalbach-Riedberg";"651";"12.79";"12";"A2";61;"14";60438
3531;"Katharina-Staritz-Straße";"";"";"";"";"";"12";"Kalbach-Riedberg";"651";"12.79";"12";"A2";61;"14";60438
3532;"Graf-von-Stauffenberg-Allee";"";"";"";"";"";"12";"Kalbach-Riedberg";"651";"12.79";"12";"A2";61;"14";60438
3533;"Friedrich-Karl-Klausing-Straße";"";"";"";"";"";"12";"Kalbach-Riedberg";"651";"12.79";"12";"A2";61;"14";60438
3534;"Cäsar-von-Hofacker-Straße";"";"";"";"";"";"12";"Kalbach-Riedberg";"651";"12.79";"12";"A2";61;"14";60438
3535;"Johann-Georg-Elser-Straße";"";"";"";"";"";"12";"Kalbach-Riedberg";"651";"12.79";"12";"A2";61;"14";60438
3536;"Magda-Spiegel-Weg";"";"";"";"";"";"12";"Kalbach-Riedberg";"651";"12.79";"12";"A2";61;"14";60438
3537;"Richard-Breitenfeld-Straße";"";"";"";"";"";"12";"Kalbach-Riedberg";"651";"12.79";"12";"A2";61;"14";60438
3538;"Kreuzerweg";"";"";"";"";"";"15";"Nieder-Eschbach";"670";"15.82";"15";"A2";63;"14";60437
3539;"Mainuferpark";"";"";"";"";"";"1 ";"Altstadt";"010";"1.01";" 1";"A1";1;"1";60311
3539;"Mainuferpark";"";"";"";"";"";"1 ";"Innenstadt";"040";"1.03";" 1";"A1";1;"1";60311
3539;"Mainuferpark";"";"";"";"";"";"1 ";"Innenstadt";"040";"1.03";" 1";"A1";1;"1";60329
3539;"Mainuferpark";"";"";"";"";"";"1 ";"Innenstadt";"040";"1.03";" 1";"A1";1;"4";60329
3539;"Mainuferpark";"";"";"";"";"";"1 ";"Innenstadt";"080";"1.01";" 1";"A1";1;"1";60311
3539;"Mainuferpark";"";"";"";"";"";"1 ";"Innenstadt";"080";"1.01";" 1";"A1";1;"5";60311
3539;"Mainuferpark";"";"";"";"";"";"1 ";"Innenstadt";"080";"1.01";" 1";"A1";1;"5";60314
3539;"Mainuferpark";"";"";"";"";"";"1 ";"Bahnhofsviertel";"090";"1.03";" 1";"A3";2;"1";60329
3539;"Mainuferpark";"";"";"";"";"";"1 ";"Bahnhofsviertel";"090";"1.03";" 1";"A3";2;"4";60329
3539;"Mainuferpark";"";"";"";"";"";"1 ";"Gutleutviertel";"151";"1.04";" 1";"A3";2;"4";60327
3539;"Mainuferpark";"";"";"";"";"";"1 ";"Gutleutviertel";"151";"1.04";" 1";"A3";2;"4";60329
3539;"Mainuferpark";"";"";"";"";"";"4 ";"Ostend";"140";"4.26";" 4";"A1";6;"5";60311
3539;"Mainuferpark";"";"";"";"";"";"4 ";"Ostend";"140";"4.26";" 4";"A1";6;"5";60314
3539;"Mainuferpark";"";"";"";"";"";"4 ";"Ostend";"261";"4.27";" 4";"A1";6;"5";60314
3539;"Mainuferpark";"";"";"";"";"";"5 ";"Sachsenhausen-Nord";"300";"5.31";"5A";"A6";20;"8";60594
3539;"Mainuferpark";"";"";"";"";"";"5 ";"Sachsenhausen-Nord";"321";"5.32";"5A";"A6";21;"8";60594
3539;"Mainuferpark";"";"";"";"";"";"5 ";"Sachsenhausen-Nord";"321";"5.32";"5A";"A6";21;"8";60596
3539;"Mainuferpark";"";"";"";"";"";"5 ";"Sachsenhausen-Nord";"322";"5.33";"5A";"A6";21;"8";60596
3539;"Mainuferpark";"";"";"";"";"";"5 ";"Sachsenhausen-Nord";"324";"5.32";"5A";"A6";21;"8";60594
3539;"Mainuferpark";"";"";"";"";"";"5 ";"Sachsenhausen-Nord";"331";"5.31";"5A";"A6";20;"8";60594
3539;"Mainuferpark";"";"";"";"";"";"5 ";"Sachsenhausen-Nord";"331";"5.31";"5A";"A6";20;"8";60599
3539;"Mainuferpark";"";"";"";"";"";"5 ";"Oberrad";"380";"5.28";"5A";"A6";30;"8";60594
3539;"Mainuferpark";"";"";"";"";"";"5 ";"Oberrad";"380";"5.28";"5A";"A6";30;"8";60599
3540;"Gerhardsrainweg";"";"";"";"";"";"15";"Nieder-Eschbach";"670";"15.82";"15";"A2";63;"14";60437
3541;"Peter-Fischer-Allee";"";"";"";"";"";"6 ";"Höchst";"570";"6.44";"6C";"A7";54;"17";65929
3542;"Am Wasserpark";"";"";"";"";"";"3 ";"Nordend-Ost";"222";"3.18";" 3";"A1";13;"6";60389
3543;"Bernhard-Becker-Straße";"";"";"";"";"";"3 ";"Nordend-Ost";"222";"3.18";" 3";"A1";13;"6";60389
3544;"Anna-Lindh-Allee";"";"";"";"";"";"15";"Nieder-Eschbach";"670";"15.82";"15";"A2";63;"14";60437
3545;"Riedbergplatz";"";"";"";"";"";"12";"Kalbach-Riedberg";"651";"12.79";"12";"A2";61;"14";60438
3546;"Heinz-Saalig-Weg";"";"";"";"";"";"11";"Riederwald";"262";"11.76";"11";"A1";17;"18";60386
3547;"Margarete-und-Fritz-Kahl-Anlage";"";"";"";"";"";"2 ";"Bockenheim";"362";"2.12";" 2";"A4";27;"13";60487
3548;"Bernhard-Grzimek-Allee";"gerade";"";"";"";"";"4 ";"Ostend";"140";"4.26";" 4";"A1";6;"5";60316
3548;"Bernhard-Grzimek-Allee";"ungerade";"";"";"";"";"4 ";"Ostend";"251";"4.25";" 4";"A1";16;"5";60316
3549;"Bessie-Coleman-Straße";"";"";"";"";"";"5 ";"Flughafen";"327";"5.34";"5A";"A6";23;"19";60549
3550;"Jean-Gardner-Batten-Straße";"";"";"";"";"";"5 ";"Flughafen";"327";"5.34";"5A";"A6";23;"19";60549
3551;"Thea-Rasche-Straße";"";"";"";"";"";"5 ";"Flughafen";"327";"5.34";"5A";"A6";23;"19";60549
3552;"Amelia-Mary-Earhart-Straße";"";"";"";"";"";"5 ";"Flughafen";"327";"5.34";"5A";"A6";23;"19";60549
3553;"De-Saint-Exupéry-Straße";"";"";"";"";"";"5 ";"Flughafen";"327";"5.34";"5A";"A6";23;"19";60549
3554;"Thurn-und-Taxis-Platz";"";"";"";"";"";"1 ";"Innenstadt";"060";"1.02";" 1";"A1";1;"1";60313
3555;"Ringelnatzgässchen";"";"";"";"";"";"9 ";"Dornbusch";"442";"9.68";" 9";"B3";38;"12";60431
3556;"In der Kätcheslach";"";"";"";"";"";"12";"Kalbach-Riedberg";"650";"12.79";"12";"A2";60;"14";60437
3556;"In der Kätcheslach";"";"";"";"";"";"12";"Kalbach-Riedberg";"650";"12.79";"12";"A2";60;"14";60438
3556;"In der Kätcheslach";"";"";"";"";"";"12";"Kalbach-Riedberg";"651";"12.79";"12";"A2";61;"14";60437
3556;"In der Kätcheslach";"";"";"";"";"";"12";"Kalbach-Riedberg";"651";"12.79";"12";"A2";61;"14";60438
3557;"Im Weidenfeld";"";"";"";"";"";"15";"Nieder-Eschbach";"670";"15.82";"15";"A2";63;"14";60437
3558;"Ernst-Abbe-Straße";"";"";"";"";"";"12";"Kalbach-Riedberg";"651";"12.79";"12";"A2";61;"14";60438
3559;"Otto-Schott-Straße";"";"";"";"";"";"12";"Kalbach-Riedberg";"651";"12.79";"12";"A2";61;"14";60438
3560;"Zum Taubenzehnten";"";"";"";"";"";"12";"Kalbach-Riedberg";"651";"12.79";"12";"A2";61;"14";60438
3561;"Elly-Beinhorn-Straße";"";"";"";"";"";"5 ";"Flughafen";"329";"5.34";"5A";"A6";23;"19";60549
3562;"Am Luftbrückendenkmal";"";"";"";"";"";"5 ";"Flughafen";"329";"5.34";"5A";"A6";23;"19";60549
3563;"François-Mitterrand-Platz";"";"";"";"";"";"1 ";"Bahnhofsviertel";"090";"1.03";" 1";"A3";2;"4";60329
3564;"Bürgermeister-Schubert-Park";"";"";"";"";"";"6 ";"Griesheim";"541";"6.39";"6A";"A3";52;"16";65933
3565;"Mattiakerweg";"";"";"";"";"";"6 ";"Unterliederbach";"622";"6.52";"6C";"A7";57;"17";65929
3568;"Ettinghausen-Platz";"";"";"";"";"";"6 ";"Höchst";"591";"6.46";"6C";"A7";54;"17";65929
3569;"Hans-Bethe-Straße";"";"";"";"";"";"12";"Kalbach-Riedberg";"651";"12.79";"12";"A2";61;"14";60438
3570;"Max-von-Pettenkofer-Weg";"";"";"";"";"";"12";"Kalbach-Riedberg";"651";"12.79";"12";"A2";61;"14";60438
3571;"Gerhard-Domagk-Straße";"";"";"";"";"";"12";"Kalbach-Riedberg";"651";"12.79";"12";"A2";61;"14";60438
3572;"Friedrich-Bergius-Weg";"";"";"";"";"";"12";"Kalbach-Riedberg";"651";"12.79";"12";"A2";61;"14";60438
3573;"Friedrich-Dessauer-Straße";"";"";"";"";"";"12";"Kalbach-Riedberg";"651";"12.79";"12";"A2";61;"14";60438
3574;"Robert-Koch-Allee";"";"";"";"";"";"12";"Kalbach-Riedberg";"651";"12.79";"12";"A2";61;"14";60438
3575;"Joseph-von-Fraunhofer-Straße";"";"";"";"";"";"12";"Kalbach-Riedberg";"651";"12.79";"12";"A2";61;"14";60438
3576;"Walther-Nernst-Straße";"";"";"";"";"";"12";"Kalbach-Riedberg";"651";"12.79";"12";"A2";61;"14";60438
3577;"Fritz-Boehle-Straße";"";"";"";"";"";"5 ";"Sachsenhausen-Süd";"323";"5.30";"5A";"A6";22;"8";60598
3578;"Weingärtenanlage";"";"";"";"";"";"12";"Kalbach-Riedberg";"650";"12.79";"12";"A2";60;"14";60437
3579;"Karl-Gerold-Platz";"";"";"";"";"";"5 ";"Sachsenhausen-Nord";"324";"5.32";"5A";"A6";21;"8";60594
3580;"Eibenweg";"";"";"";"";"";"10";"Berkersheim";"500";"10.74";"10";"A2";47;"14";60435
3581;"Berberitzenweg";"";"";"";"";"";"10";"Berkersheim";"500";"10.74";"10";"A2";47;"14";60435
3582;"Ribisweg";"";"";"";"";"";"10";"Berkersheim";"500";"10.74";"10";"A2";47;"14";60435
3583;"Buchsbaumweg";"";"";"";"";"";"10";"Berkersheim";"500";"10.74";"10";"A2";47;"14";60435
3584;"Philipp-Holzmann-Weg";"";"";"";"";"";"4 ";"Ostend";"261";"4.27";" 4";"A1";6;"5";60314
3585;"Hermann-Eggert-Straße";"ungerade";"1";"";"9";"";"1 ";"Gallus";"153";"1.05";" 1";"A3";7;"4";60327
3585;"Hermann-Eggert-Straße";"ungerade";"29";"";"29";"A";"1 ";"Gallus";"154";"1.05";" 1";"A3";8;"4";60327
3585;"Hermann-Eggert-Straße";"ungerade";"31";"";"";"";"1 ";"Gallus";"154";"1.05";" 1";"A3";8;"16";60327
3585;"Hermann-Eggert-Straße";"ungerade";"33";"";"35";"";"6 ";"Griesheim";"541";"6.39";"6A";"A3";52;"16";60327
3586;"Gref-Völsing-Straße";"";"";"";"";"";"4 ";"Ostend";"261";"4.27";" 4";"A1";6;"5";60314
3587;"Otto-Meßmer-Straße";"";"";"";"";"";"4 ";"Ostend";"261";"4.27";" 4";"A1";6;"5";60314
3588;"Jakob-Latscha-Straße";"";"";"";"";"";"4 ";"Ostend";"261";"4.27";" 4";"A1";6;"5";60314
3589;"Wim-Duisenberg-Platz";"";"";"";"";"";"4 ";"Ostend";"261";"4.27";" 4";"A1";6;"5";60314
3590;"Richard-Herrmann-Platz";"";"";"";"";"";"4 ";"Bornheim";"281";"4.24";" 4";"A1";19;"6";60386
3591;"Wilhelm-Grandhomme-Straße";"";"";"";"";"";"6 ";"Höchst";"592";"6.46";"6C";"A7";54;"17";65931
3592;"Otto-Horn-Straße";"";"";"";"";"";"6 ";"Schwanheim";"531";"6.38";"6A";"A6";50;"10";65929
3593;"Südallee";"";"";"";"";"";"6 ";"Schwanheim";"531";"6.38";"6A";"A6";50;"10";65929
3594;"Elisabeth-Kuhn-Straße";"";"";"";"";"";"6 ";"Schwanheim";"531";"6.38";"6A";"A6";50;"10";65929
3595;"Robert-Schnitzer-Straße";"";"";"";"";"";"6 ";"Schwanheim";"531";"6.38";"6A";"A6";50;"10";65929
3596;"Europagarten";"";"";"";"";"";"1 ";"Gallus";"162";"1.07";" 1";"A3";9;"13";60486
3597;"Margarete-Weber-Anlage";"";"";"";"";"";"9 ";"Eschersheim";"451";"9.65";" 9";"B3";39;"12";60433
3598;"Am Himmerich";"";"";"";"";"";"12";"Kalbach-Riedberg";"651";"12.79";"12";"A2";61;"14";60438
3599;"Stockholmer Straße";"";"";"";"";"";"1 ";"Gallus";"161";"1.06";" 1";"A3";7;"13";60327
3600;"Kopenhagener Straße";"";"";"";"";"";"1 ";"Gallus";"161";"1.06";" 1";"A3";7;"13";60327
3601;"Horst-Schulmann-Straße";"";"";"";"";"";"4 ";"Ostend";"140";"4.26";" 4";"A1";6;"5";60314
3602;"Pariser Straße";"gerade";"2";"";"18";"";"1 ";"Gallus";"162";"1.07";" 1";"A3";9;"13";60486
3602;"Pariser Straße";"gerade";"42";"";"66";"";"1 ";"Gallus";"165";"1.08";" 1";"A3";8;"13";60486
3602;"Pariser Straße";"ungerade";"1";"";"11";"";"1 ";"Gallus";"162";"1.07";" 1";"A3";9;"13";60486
3603;"Römischer Ring";"";"";"";"";"";"1 ";"Gallus";"162";"1.07";" 1";"A3";9;"13";60486
3604;"Maastrichter Ring";"";"";"";"";"";"1 ";"Gallus";"165";"1.08";" 1";"A3";8;"13";60486
3605;"Tel-Aviv-Platz";"";"";"";"";"";"1 ";"Gallus";"162";"1.07";" 1";"A3";9;"13";60486
3606;"Sophie-von-La-Roche-Weg";"";"";"";"";"";"9 ";"Ginnheim";"441";"9.67";" 9";"A2";38;"12";60431
3606;"Sophie-von-La-Roche-Weg";"";"";"";"";"";"9 ";"Dornbusch";"442";"9.68";" 9";"B3";38;"12";60431
3607;"Arthur-von-Weinberg-Straße";"";"";"";"";"";"12";"Kalbach-Riedberg";"651";"12.79";"12";"A2";61;"14";60438
3608;"Parkanlage Römische Straße";"";"";"";"";"";"12";"Kalbach-Riedberg";"651";"12.79";"12";"A2";61;"14";60438
3609;"Fontaneanlage";"";"";"";"";"";"9 ";"Dornbusch";"442";"9.68";" 9";"B3";38;"12";60431
3610;"Am Eschersheimer Abtshof";"";"";"";"";"";"9 ";"Eschersheim";"451";"9.65";" 9";"B3";39;"12";60433
3611;"Berger Rathausplatz";"";"";"";"";"";"16";"Bergen-Enkheim";"680";"16.83";"16";"A1";64;"18";60388
3612;"Marianne-Beuchert-Platz";"";"";"";"";"";"10";"Preungesheim";"470";"10.73";"10";"B3";42;"12";60435
3613;"Lausitzstraße";"";"";"";"";"";"13";"Nieder-Erlenbach";"640";"13.80";"13";"A2";59;"14";60437
3614;"Sorbenstraße";"";"";"";"";"";"13";"Nieder-Erlenbach";"640";"13.80";"13";"A2";59;"14";60437
3615;"Ambronenpfad";"";"";"";"";"";"6 ";"Unterliederbach";"622";"6.52";"6C";"A7";57;"17";65929
3616;"Martin-Elsässer-Platz";"";"";"";"";"";"4 ";"Ostend";"140";"4.26";" 4";"A1";6;"5";60314
3617;"Im Niederfeld";"";"";"";"";"";"14";"Harheim";"660";"14.81";"14";"A2";62;"14";60437
3618;"Jakob-Quirin-Weg";"";"";"";"";"";"14";"Harheim";"660";"14.81";"14";"A2";62;"14";60437
3619;"Ricky-Adler-Straße";"";"";"";"";"";"12";"Kalbach-Riedberg";"651";"12.79";"12";"A2";61;"14";60438
3620;"Fritz-Bauer-Straße";"";"";"";"";"";"12";"Kalbach-Riedberg";"651";"12.79";"12";"A2";61;"14";60438
3621;"Edith-Stein-Weg";"";"";"";"";"";"12";"Kalbach-Riedberg";"651";"12.79";"12";"A2";61;"14";60438
3622;"Martin-Niemöller-Straße";"";"";"";"";"";"12";"Kalbach-Riedberg";"651";"12.79";"12";"A2";61;"14";60438
3623;"Ottilie-Wildermuth-Weg";"";"";"";"";"";"12";"Kalbach-Riedberg";"651";"12.79";"12";"A2";61;"14";60438
3624;"Kamelienstraße";"";"";"";"";"";"6 ";"Unterliederbach";"623";"6.51";"6C";"A7";57;"17";65929
3625;"Seckbacher Kreuzweg";"";"";"";"";"";"11";"Seckbach";"390";"11.75";"11";"A1";31;"6";60389
3626;"Am Flughafen";"";"";"";"";"";"5 ";"Flughafen";"329";"5.34";"5A";"A6";23;"19";60549
3627;"Willi-Petri-Steg";"";"";"";"";"";"7 ";"Praunheim";"422";"7.59";" 7";"A4";34;"14";60488
3627;"Willi-Petri-Steg";"";"";"";"";"";"7 ";"Praunheim";"423";"7.59";" 7";"A4";34;"14";60488
3627;"Willi-Petri-Steg";"";"";"";"";"";"7 ";"Praunheim";"424";"7.60";" 7";"A4";35;"14";60488
3629;"Karl-Klee-Weg";"";"";"";"";"";"7 ";"Praunheim";"422";"7.59";" 7";"A4";34;"14";60488
3630;"Eugen-Hartmann-Straße";"";"";"";"";"";"7 ";"Praunheim";"422";"7.59";" 7";"A4";34;"14";60488
3631;"Willy-Berking-Straße";"";"";"";"";"";"7 ";"Praunheim";"422";"7.59";" 7";"A4";34;"14";60488
3632;"Christa-Maar-Straße";"";"";"";"";"";"7 ";"Praunheim";"422";"7.59";" 7";"A4";34;"14";60488
3633;"Hibiskusstraße";"";"";"";"";"";"6 ";"Unterliederbach";"623";"6.51";"6C";"A7";57;"17";65929
3634;"Schneeballstraße";"";"";"";"";"";"6 ";"Unterliederbach";"623";"6.51";"6C";"A7";57;"17";65929
3635;"Fuchsienstraße";"";"";"";"";"";"6 ";"Unterliederbach";"623";"6.51";"6C";"A7";57;"17";65929
3636;"Hans-Leistikow-Straße";"";"";"";"";"";"12";"Kalbach-Riedberg";"651";"12.79";"12";"A2";61;"14";60438
3637;"Eberhard-Beckmann-Anlage";"";"";"";"";"";"3 ";"Nordend-West";"202";"3.16";" 3";"B3";11;"12";60320
3637;"Eberhard-Beckmann-Anlage";"";"";"";"";"";"9 ";"Dornbusch";"462";"9.69";" 9";"B3";41;"12";60320
3638;"Am Ulmenstückweg";"";"";"";"";"";"11";"Seckbach";"390";"11.75";"11";"A1";31;"6";60389
3639;"Kameruner Rosengärtchen";"";"";"";"";"";"1 ";"Gallus";"162";"1.07";" 1";"A3";9;"4";60326
3640;"Schelmenburgplatz";"";"";"";"";"";"16";"Bergen-Enkheim";"680";"16.83";"16";"A1";64;"18";60388
3641;"Nell-Breuning-Straße";"";"";"";"";"";"5 ";"Sachsenhausen-Nord";"322";"5.33";"5A";"A6";21;"8";60596
3642;"Anneliese-Hoevel-Straße";"";"";"";"";"";"3 ";"Nordend-West";"213";"3.17";" 3";"A1";12;"12";60435
3643;"Else-Epstein-Weg";"";"";"";"";"";"3 ";"Nordend-West";"213";"3.17";" 3";"A1";12;"12";60435
3644;"Anna-Beyer-Straße";"";"";"";"";"";"3 ";"Nordend-West";"213";"3.17";" 3";"A1";12;"12";60435
3645;"Gepiden-Forum";"";"";"";"";"";"6 ";"Unterliederbach";"622";"6.52";"6C";"A7";57;"17";65929
3647;"Valentin-Schmetzer-Weg";"";"";"";"";"";"12";"Kalbach-Riedberg";"651";"12.79";"12";"A2";61;"14";60438
3648;"Waldemser Straße";"";"";"";"";"";"1 ";"Gallus";"162";"1.07";" 1";"A3";9;"4";60326
3649;"Altenhainer Straße";"";"";"";"";"";"1 ";"Gallus";"162";"1.07";" 1";"A3";9;"4";60326
3650;"Zur Bornfloßquelle";"";"";"";"";"";"12";"Kalbach-Riedberg";"651";"12.79";"12";"A2";61;"14";60438
3651;"Annemarie-Schlordt-Straße";"";"";"";"";"";"6 ";"Sossenheim";"632";"6.54";"6C";"A7";58;"17";65936
3652;"Osthafenbrücke";"";"";"";"";"";"4 ";"Ostend";"261";"4.27";" 4";"A1";6;"5";60314
3652;"Osthafenbrücke";"";"";"";"";"";"5 ";"Sachsenhausen-Nord";"331";"5.31";"5A";"A6";20;"8";60594
3652;"Osthafenbrücke";"";"";"";"";"";"5 ";"Sachsenhausen-Nord";"331";"5.31";"5A";"A6";20;"8";60599
3653;"Ella-Bergmann-Michel-Straße";"";"";"";"";"";"12";"Kalbach-Riedberg";"651";"12.79";"12";"A2";61;"14";60438
3654;"Fischerplätzchen";"";"";"";"";"";"1 ";"Innenstadt";"080";"1.01";" 1";"A1";1;"1";60311
3655;"An den Kaiserpappeln";"";"";"";"";"";"15";"Nieder-Eschbach";"670";"15.82";"15";"A2";63;"14";60437
3656;"Werner-von-Ursel-Platz";"";"";"";"";"";"8 ";"Niederursel";"481";"8.63";" 8";"A2";43;"14";60439
3657;"Hafenpark";"";"";"";"";"";"4 ";"Ostend";"261";"4.27";" 4";"A1";6;"5";60314
3658;"Metzlerpark";"";"";"";"";"";"5 ";"Sachsenhausen-Nord";"324";"5.32";"5A";"A6";21;"8";60594
3659;"Hinter dem Lämmchen";"";"";"";"";"";"1 ";"Altstadt";"010";"1.01";" 1";"A1";1;"1";60311
3660;"Adolf-Meyer-Straße";"";"";"";"";"";"12";"Kalbach-Riedberg";"651";"12.79";"12";"A2";61;"14";60438
3661;"Hans-Poelzig-Straße";"";"";"";"";"";"12";"Kalbach-Riedberg";"651";"12.79";"12";"A2";61;"14";60438
3662;"Bernhard-Hermkes-Straße";"";"";"";"";"";"12";"Kalbach-Riedberg";"651";"12.79";"12";"A2";61;"14";60438
3663;"Eugen-Blanck-Straße";"";"";"";"";"";"12";"Kalbach-Riedberg";"651";"12.79";"12";"A2";61;"14";60438
3664;"Eugen-Kaufmann-Straße";"";"";"";"";"";"12";"Kalbach-Riedberg";"651";"12.79";"12";"A2";61;"14";60438
3665;"Leberecht-Migge-Anlage";"";"";"";"";"";"12";"Kalbach-Riedberg";"651";"12.79";"12";"A2";61;"14";60438
3666;"Ernst-Balser-Straße";"";"";"";"";"";"12";"Kalbach-Riedberg";"651";"12.79";"12";"A2";61;"14";60438
3667;"Carl-Hermann-Rudloff-Allee";"";"";"";"";"";"12";"Kalbach-Riedberg";"651";"12.79";"12";"A2";61;"14";60438
3668;"Mart-Stam-Straße";"";"";"";"";"";"12";"Kalbach-Riedberg";"651";"12.79";"12";"A2";61;"14";60438
3669;"Fritz-Wichert-Ring";"";"";"";"";"";"12";"Kalbach-Riedberg";"651";"12.79";"12";"A2";61;"14";60438
3670;"Rudolf-Schwarz-Platz";"";"";"";"";"";"12";"Kalbach-Riedberg";"651";"12.79";"12";"A2";61;"14";60438
3671;"Wolfgang-Bangert-Straße";"";"";"";"";"";"12";"Kalbach-Riedberg";"651";"12.79";"12";"A2";61;"14";60438
3672;"Kurmarkplatz";"";"";"";"";"";"13";"Nieder-Erlenbach";"640";"13.80";"13";"A2";59;"14";60437
3673;"Edmund-Rumpler-Straße";"";"";"";"";"";"5 ";"Flughafen";"327";"5.34";"5A";"A6";23;"19";60549
3674;"Gateway Garden";"";"";"";"";"";"5 ";"Flughafen";"327";"5.34";"5A";"A6";23;"19";60549
3676;"Lucy-Hillebrand-Straße";"";"";"";"";"";"12";"Kalbach-Riedberg";"651";"12.79";"12";"A2";61;"14";60438
3677;"Walter-Gropius-Straße";"";"";"";"";"";"12";"Kalbach-Riedberg";"651";"12.79";"12";"A2";61;"14";60438
3678;"Hans-Herkommer-Ring";"";"";"";"";"";"12";"Kalbach-Riedberg";"651";"12.79";"12";"A2";61;"14";60438
3679;"Hermann-Mäckler-Ring";"";"";"";"";"";"12";"Kalbach-Riedberg";"651";"12.79";"12";"A2";61;"14";60438
3680;"Ziegelei-Allee";"";"";"";"";"";"7 ";"Praunheim";"422";"7.59";" 7";"A4";34;"14";60488
3681;"Alfred-Pfaff-Straße";"";"";"";"";"";"11";"Seckbach";"390";"11.75";"11";"A1";31;"18";60386
3682;"Ewald-Heinrich-von-Kleist-Platz";"";"";"";"";"";"12";"Kalbach-Riedberg";"651";"12.79";"12";"A2";61;"14";60438
3683;"Arthur-Stern-Platz";"";"";"";"";"";"7 ";"Rödelheim";"402";"7.56";" 7";"A4";33;"11";60489
3684;"Rudolf-Amthauer-Straße";"";"";"";"";"";"6 ";"Höchst";"592";"6.46";"6C";"A7";54;"17";65929
3685;"August-Laubenheimer-Straße";"";"";"";"";"";"6 ";"Schwanheim";"531";"6.38";"6A";"A6";50;"10";65929
3686;"Matthias-Beltz-Platz";"";"";"";"";"";"3 ";"Nordend-West";"211";"3.19";" 3";"A1";12;"3";60318
3687;"Louis-Appia-Passage";"";"";"";"";"";"4 ";"Ostend";"261";"4.27";" 4";"A1";6;"5";60314
3688;"Kirchbergweg";"";"";"";"";"";"11";"Seckbach";"390";"11.75";"11";"A1";31;"6";60388
3688;"Kirchbergweg";"";"";"";"";"";"11";"Seckbach";"390";"11.75";"11";"A1";31;"6";60389
3689;"Gabriel-Riesser-Weg";"";"";"";"";"";"2 ";"Bockenheim";"361";"2.12";" 2";"A4";27;"13";60487
3690;"Treunerweg";"";"";"";"";"";"9 ";"Eschersheim";"452";"9.66";" 9";"B3";39;"12";60431
3691;"Kleingartenweg";"";"";"";"";"";"3 ";"Nordend-Ost";"222";"3.18";" 3";"A1";13;"6";60389
3692;"Lotte-Specht-Park";"";"";"";"";"";"1 ";"Gallus";"162";"1.07";" 1";"A3";9;"4";60326
3693;"Gleisfeldpark";"";"";"";"";"";"1 ";"Gallus";"162";"1.07";" 1";"A3";9;"13";60486
3694;"Karl-Heinrich-Ulrichs-Platz";"";"";"";"";"";"1 ";"Altstadt";"010";"1.01";" 1";"A1";1;"1";60311
3695;"Norbert-Wollheim-Platz";"";"";"";"";"";"2 ";"Westend-Nord";"191";"2.09";" 2";"B3";4;"3";60323
3696;"Max-Horkheimer-Straße";"";"";"";"";"";"2 ";"Westend-Nord";"191";"2.09";" 2";"B3";4;"3";60323
3697;"Theodor-W.-Adorno-Platz";"";"";"";"";"";"2 ";"Westend-Nord";"191";"2.09";" 2";"B3";4;"3";60323
3698;"Auf der Sandkaute";"";"";"";"";"";"16";"Bergen-Enkheim";"680";"16.83";"16";"A1";64;"18";60388
3699;"In der Erle";"";"";"";"";"";"16";"Bergen-Enkheim";"680";"16.83";"16";"A1";64;"18";60388
3700;"Im Brandsee";"";"";"";"";"";"16";"Bergen-Enkheim";"680";"16.83";"16";"A1";64;"18";60388
3701;"Ilse-Bing-Straße";"";"";"";"";"";"12";"Kalbach-Riedberg";"651";"12.79";"12";"A2";61;"14";60438
3702;"Tilly-Edinger-Platz";"";"";"";"";"";"2 ";"Westend-Süd";"170";"2.11";" 2";"A4";3;"13";60486
3703;"Zeppelinpark";"";"";"";"";"";"2 ";"Bockenheim";"163";"2.15";" 2";"A4";10;"13";60486
3704;"Siegfried-Gößling-Weg";"";"";"";"";"";"11";"Seckbach";"390";"11.75";"11";"A1";31;"6";60389
3705;"Am Henninger Turm";"";"";"";"";"";"5 ";"Sachsenhausen-Süd";"332";"5.29";"5A";"A6";24;"8";60599
3706;"Am Wassertempel";"";"";"";"";"";"5 ";"Sachsenhausen-Süd";"332";"5.29";"5A";"A6";24;"8";60599
3707;"Am Felsenkeller";"";"";"";"";"";"5 ";"Sachsenhausen-Süd";"332";"5.29";"5A";"A6";24;"8";60599
3708;"Helmut-Sittler-Promenade";"";"";"";"";"";"11";"Fechenheim";"510";"11.77";"11";"A1";48;"18";60386
3708;"Helmut-Sittler-Promenade";"";"";"";"";"";"11";"Fechenheim";"520";"11.78";"11";"A1";49;"18";60386
3709;"Martin-Zahn-Straße";"";"";"";"";"";"10";"Eckenheim";"461";"10.72";"10";"B3";40;"12";60435
3710;"Fritz-Neumark-Weg";"";"";"";"";"";"2 ";"Westend-Nord";"191";"2.09";" 2";"B3";4;"3";60323
3711;"Nina-Rubinstein-Weg";"";"";"";"";"";"2 ";"Westend-Nord";"191";"2.09";" 2";"B3";4;"3";60323
3712;"Helmut-Coing-Weg";"";"";"";"";"";"2 ";"Westend-Nord";"191";"2.09";" 2";"B3";4;"3";60323
3713;"Gisèle-Freund-Platz";"";"";"";"";"";"2 ";"Westend-Nord";"191";"2.09";" 2";"B3";4;"3";60323
3714;"Julius-Munk-Anlage";"";"";"";"";"";"1 ";"Gallus";"153";"1.05";" 1";"A3";7;"4";60326
3715;"Kurt-Halbritter-Anlage";"";"";"";"";"";"7 ";"Rödelheim";"401";"7.55";" 7";"A4";32;"11";60489
3716;"Brüningpark";"";"";"";"";"";"6 ";"Höchst";"580";"6.45";"6C";"A7";54;"17";65929
3717;"Goldsteinpark";"";"";"";"";"";"6 ";"Schwanheim";"532";"6.37";"6A";"A6";51;"10";60529
3718;"Graubnerpark";"";"";"";"";"";"6 ";"Unterliederbach";"621";"6.51";"6C";"A7";57;"17";65929
3719;"Lohrpark";"";"";"";"";"";"11";"Seckbach";"390";"11.75";"11";"A1";31;"6";60389
3720;"Meisterpark";"";"";"";"";"";"6 ";"Sindlingen";"601";"6.47";"6B";"A7";55;"17";65931
3721;"Nordpark";"";"";"";"";"";"10";"Bonames";"491";"10.70";"10";"A2";45;"14";60437
3722;"Ostpark";"";"";"";"";"";"4 ";"Ostend";"261";"4.27";" 4";"A1";6;"5";60385
3722;"Ostpark";"";"";"";"";"";"4 ";"Ostend";"261";"4.27";" 4";"A1";6;"5";60386
3723;"Rothschildpark";"";"";"";"";"";"2 ";"Westend-Süd";"110";"2.10";" 2";"A4";4;"3";60323
3724;"Seehofpark";"";"";"";"";"";"5 ";"Sachsenhausen-Süd";"332";"5.29";"5A";"A6";24;"8";60599
3725;"Volkspark Niddatal";"";"";"";"";"";"7 ";"Bockenheim";"343";"7.57";" 2";"A4";26;"11";60488
3725;"Volkspark Niddatal";"";"";"";"";"";"7 ";"Bockenheim";"343";"7.57";" 2";"A4";26;"14";60431
3725;"Volkspark Niddatal";"";"";"";"";"";"7 ";"Bockenheim";"343";"7.57";" 2";"A4";26;"14";60488
3725;"Volkspark Niddatal";"";"";"";"";"";"7 ";"Hausen";"410";"7.58";" 7";"A4";26;"11";60488
3725;"Volkspark Niddatal";"";"";"";"";"";"7 ";"Hausen";"410";"7.58";" 7";"A4";26;"14";60431
3725;"Volkspark Niddatal";"";"";"";"";"";"7 ";"Hausen";"410";"7.58";" 7";"A4";26;"14";60488
3725;"Volkspark Niddatal";"";"";"";"";"";"7 ";"Praunheim";"424";"7.60";" 7";"A4";35;"11";60488
3725;"Volkspark Niddatal";"";"";"";"";"";"7 ";"Praunheim";"424";"7.60";" 7";"A4";35;"14";60431
3725;"Volkspark Niddatal";"";"";"";"";"";"7 ";"Praunheim";"424";"7.60";" 7";"A4";35;"14";60488
3725;"Volkspark Niddatal";"";"";"";"";"";"9 ";"Ginnheim";"441";"9.67";" 9";"A2";38;"14";60431
3725;"Volkspark Niddatal";"";"";"";"";"";"9 ";"Ginnheim";"441";"9.67";" 9";"A2";38;"14";60488
3726;"Von-Bernus-Park";"";"";"";"";"";"2 ";"Bockenheim";"350";"2.13";" 2";"A4";25;"13";60486
3727;"Von-Bethmann-Park";"";"";"";"";"";"3 ";"Nordend-Ost";"130";"3.20";" 3";"A1";5;"3";60316
3728;"Wasserpark";"";"";"";"";"";"3 ";"Nordend-Ost";"222";"3.18";" 3";"A1";13;"6";60389
3729;"Bieberpark";"";"";"";"";"";"15";"Nieder-Eschbach";"670";"15.82";"15";"A2";63;"14";60437
3730;"Marie-Bittorf-Anlage";"";"";"";"";"";"9 ";"Ginnheim";"441";"9.67";" 9";"A2";38;"12";60431
3731;"Auf der Sülze";"";"";"";"";"";"11";"Seckbach";"390";"11.75";"11";"A1";31;"6";60389
3732;"Am Bubeloch";"";"";"";"";"";"8 ";"Heddernheim";"431";"8.61";" 8";"A2";37;"14";60439
3733;"Angelika-Machinek-Straße";"";"";"";"";"";"2 ";"Bockenheim";"163";"2.15";" 2";"A4";10;"13";60486
3734;"Felix-Kracht-Straße";"";"";"";"";"";"2 ";"Bockenheim";"163";"2.15";" 2";"A4";10;"13";60486
3735;"Alter Gerichtsplatz";"";"";"";"";"";"12";"Kalbach-Riedberg";"651";"12.79";"12";"A2";61;"14";60438
3736;"Saalhof";"";"";"";"";"";"1 ";"Altstadt";"010";"1.01";" 1";"A1";1;"1";60311
3737;"Ludwig-Gallmeyer-Straße";"";"";"";"";"";"5 ";"Oberrad";"380";"5.28";"5A";"A6";30;"8";60599
3738;"Rita-Maiburg-Straße";"";"";"";"";"";"5 ";"Flughafen";"327";"5.34";"5A";"A6";23;"19";60549
3739;"Katherine-Stinson-Weg";"";"";"";"";"";"5 ";"Flughafen";"327";"5.34";"5A";"A6";23;"19";60549
3740;"Georg-Baumgarten-Straße";"";"";"";"";"";"5 ";"Flughafen";"327";"5.34";"5A";"A6";23;"19";60549
3741;"An den Flesch-Werken";"";"";"";"";"";"1 ";"Gallus";"153";"1.05";" 1";"A3";7;"4";60326
3742;"Kaisergässchen";"";"";"";"";"";"6 ";"Schwanheim";"531";"6.38";"6A";"A6";50;"10";60529
3743;"Maria-Ward-Platz";"";"";"";"";"";"3 ";"Nordend-West";"120";"3.21";" 3";"A1";5;"3";60318
3744;"Platz der vergessenen Kinder";"";"";"";"";"";"5 ";"Sachsenhausen-Nord";"321";"5.32";"5A";"A6";21;"8";60596
3745;"An der Alten Ziegelei";"";"";"";"";"";"15";"Nieder-Eschbach";"670";"15.82";"15";"A2";63;"14";60437
3746;"Anna-Seghers-Pfad";"";"";"";"";"";"3 ";"Nordend-West";"202";"3.16";" 3";"B3";11;"12";60320
3746;"Anna-Seghers-Pfad";"";"";"";"";"";"3 ";"Nordend-West";"202";"3.16";" 3";"B3";11;"12";60322
3747;"Emil-Siering-Park";"";"";"";"";"";"6 ";"Unterliederbach";"622";"6.52";"6C";"A7";57;"17";65929
3748;"Else-Kröner-Passage";"";"";"";"";"";"1 ";"Innenstadt";"060";"1.02";" 1";"A1";1;"1";60313
3749;"Hospitalplatz";"";"";"";"";"";"6 ";"Höchst";"570";"6.44";"6C";"A7";54;"17";65929
3750;"Frida-Amram-Weg";"";"";"";"";"";"12";"Kalbach-Riedberg";"651";"12.79";"12";"A2";61;"14";60438
3751;"Emmy-Klieneberger-Nobel-Straße";"";"";"";"";"";"8 ";"Niederursel";"484";"8.63";" 8";"A2";43;"14";60438
3752;"Friedrich-Hund-Straße";"";"";"";"";"";"8 ";"Niederursel";"484";"8.63";" 8";"A2";43;"14";60438
3753;"Alexander-Todd-Straße";"";"";"";"";"";"8 ";"Niederursel";"484";"8.63";" 8";"A2";43;"14";60438
3754;"Bertha-Pappenheim-Platz";"";"";"";"";"";"1 ";"Innenstadt";"040";"1.03";" 1";"A1";1;"1";60311
3755;"Am Heddernheimer Gaswerk";"";"";"";"";"";"8 ";"Heddernheim";"431";"8.61";" 8";"A2";37;"14";60439
3756;"Philippine-Schulz-Weg";"";"";"";"";"";"5 ";"Oberrad";"380";"5.28";"5A";"A6";30;"8";60599
3757;"Marie-Juchacz-Platz";"";"";"";"";"";"11";"Riederwald";"262";"11.76";"11";"A1";17;"18";60386
3758;"Cäcilie-Breckheimer-Platz";"";"";"";"";"";"11";"Riederwald";"262";"11.76";"11";"A1";17;"18";60386
3759;"Lilo-Günzler-Straße";"";"";"";"";"";"6 ";"Schwanheim";"531";"6.38";"6A";"A6";50;"10";60529
3760;"Walter-Weisbecker-Weg";"";"";"";"";"";"9 ";"Ginnheim";"441";"9.67";" 9";"A2";38;"12";60320
3760;"Walter-Weisbecker-Weg";"";"";"";"";"";"9 ";"Ginnheim";"441";"9.67";" 9";"A2";38;"12";60431
3760;"Walter-Weisbecker-Weg";"";"";"";"";"";"9 ";"Dornbusch";"442";"9.68";" 9";"B3";38;"12";60320
3760;"Walter-Weisbecker-Weg";"";"";"";"";"";"9 ";"Dornbusch";"442";"9.68";" 9";"B3";38;"12";60431
3761;"Eskisehirplatz";"";"";"";"";"";"4 ";"Bornheim";"271";"4.23";" 4";"A1";15;"6";60385
3762;"Klärwerkstraße";"";"";"";"";"";"6 ";"Sindlingen";"601";"6.47";"6B";"A7";55;"17";65931
3763;"Im Herzen von Europa";"";"";"";"";"";"5 ";"Sachsenhausen-Süd";"325";"5.34";"5A";"A6";23;"10";60528
3764;"Rennbahnpark";"";"";"";"";"";"5 ";"Sachsenhausen-Süd";"325";"5.34";"5A";"A6";23;"10";60528
3765;"Kalbacher Kerbeplatz";"";"";"";"";"";"12";"Kalbach-Riedberg";"650";"12.79";"12";"A2";60;"14";60437
3766;"Goldina-Hirschberg-Straße";"";"";"";"";"";"7 ";"Bockenheim";"343";"7.57";" 2";"A4";26;"11";60486
3767;"Valentina-Archipowa-Straße";"";"";"";"";"";"7 ";"Bockenheim";"343";"7.57";" 2";"A4";26;"11";60486
3768;"Karoline-Veith-Straße";"";"";"";"";"";"7 ";"Bockenheim";"343";"7.57";" 2";"A4";26;"11";60486
3769;"Zum Kleinen Ried";"";"";"";"";"";"13";"Nieder-Erlenbach";"640";"13.80";"13";"A2";59;"14";60437
3770;"Zum Schwalbenberg";"";"";"";"";"";"13";"Nieder-Erlenbach";"640";"13.80";"13";"A2";59;"14";60437
3771;"Zur Erlenbachaue";"";"";"";"";"";"13";"Nieder-Erlenbach";"640";"13.80";"13";"A2";59;"14";60437
3772;"Sally-Ride-Platz";"";"";"";"";"";"2 ";"Bockenheim";"163";"2.15";" 2";"A4";10;"13";60486
3773;"Hans-Krauße-Platz";"";"";"";"";"";"14";"Harheim";"660";"14.81";"14";"A2";62;"14";60437
3774;"Mathilde-Maier-Straße";"";"";"";"";"";"1 ";"Gallus";"154";"1.05";" 1";"A3";8;"16";60326
3775;"Johanna-Zittel-Straße";"";"";"";"";"";"1 ";"Gallus";"154";"1.05";" 1";"A3";8;"16";60326
3776;"Meta-Gadesmann-Straße";"";"";"";"";"";"1 ";"Gallus";"154";"1.05";" 1";"A3";8;"16";60326
3777;"Marie-Pfungst-Platz";"";"";"";"";"";"1 ";"Gallus";"154";"1.05";" 1";"A3";8;"16";60326
3778;"Alter Harheimer Kirchplatz";"";"";"";"";"";"14";"Harheim";"660";"14.81";"14";"A2";62;"14";60437
3779;"Bernhard-Sekles-Platz";"";"";"";"";"";"2 ";"Westend-Süd";"100";"2.11";" 2";"A4";3;"13";60325
3780;"Martha-Wertheimer-Platz";"";"";"";"";"";"5 ";"Sachsenhausen-Nord";"324";"5.32";"5A";"A6";21;"8";60594
3781;"Jakobsweg";"";"";"";"";"";"6 ";"Schwanheim";"531";"6.38";"6A";"A6";50;"10";60529
3781;"Jakobsweg";"";"";"";"";"";"6 ";"Schwanheim";"532";"6.37";"6A";"A6";51;"10";60529
3782;"Emmy-Noether-Platz";"";"";"";"";"";"12";"Kalbach-Riedberg";"651";"12.79";"12";"A2";61;"14";60438
3783;"Brigitte-Frauendorf-Straße";"";"";"";"";"";"7 ";"Bockenheim";"343";"7.57";" 2";"A4";26;"11";60486
3784;"Mohnblumenstraße";"";"";"";"";"";"10";"Frankfurter Berg";"492";"10.71";"10";"A2";46;"14";60433
3785;"Ritterspornring";"";"";"";"";"";"10";"Frankfurter Berg";"492";"10.71";"10";"A2";46;"14";60433
3786;"Ackerwindenring";"";"";"";"";"";"10";"Frankfurter Berg";"492";"10.71";"10";"A2";46;"14";60433
3787;"Kornblumenplatz";"";"";"";"";"";"10";"Frankfurter Berg";"492";"10.71";"10";"A2";46;"14";60433
3788;"Hannelore-Elsner-Platz";"";"";"";"";"";"2 ";"Westend-Süd";"170";"2.11";" 2";"A4";3;"13";60325
3788;"Hannelore-Elsner-Platz";"";"";"";"";"";"2 ";"Bockenheim";"361";"2.12";" 2";"A4";27;"13";60325
3789;"Mara-Jakisch-Platz";"";"";"";"";"";"7 ";"Bockenheim";"343";"7.57";" 2";"A4";26;"11";60486
3791;"Nini-und-Carry-Hess-Platz";"";"";"";"";"";"1 ";"Innenstadt";"050";"1.02";" 1";"A1";1;"1";60313
3792;"Margurit-Aßmann-Platz";"";"";"";"";"";"6 ";"Unterliederbach";"622";"6.52";"6C";"A7";57;"17";65929
3793;"Freimannplatz";"";"";"";"";"";"2 ";"Bockenheim";"361";"2.12";" 2";"A4";27;"13";60325
3795;"An der Schelteich";"";"";"";"";"";"6 ";"Griesheim";"552";"6.41";"6A";"A3";52;"16";65933
3796;"Zum Gickelhahn";"";"";"";"";"";"12";"Kalbach-Riedberg";"650";"12.79";"12";"A2";60;"14";60437
3797;"Lola-Montez-Gasse";"";"";"";"";"";"1 ";"Innenstadt";"070";"1.01";" 1";"A1";1;"1";60313
3798;"Hans-Busch-Brücke";"";"";"";"";"";"7 ";"Rödelheim";"401";"7.55";" 7";"A4";32;"11";60488
3798;"Hans-Busch-Brücke";"";"";"";"";"";"7 ";"Rödelheim";"401";"7.55";" 7";"A4";32;"11";60489
3798;"Hans-Busch-Brücke";"";"";"";"";"";"7 ";"Hausen";"410";"7.58";" 7";"A4";26;"11";60488
3799;"Jina-Mahsa-Amini-Platz";"";"";"";"";"";"3 ";"Nordend-Ost";"222";"3.18";" 3";"A1";13;"6";60389
3800;"Unter dem Kirchweg";"";"";"";"";"";"6 ";"Nied";"561";"6.42";"6A";"A7";53;"16";65934
3801;"Alfred-J.-Meyers-Platz";"";"";"";"";"";"4 ";"Ostend";"261";"4.27";" 4";"A1";6;"5";60385
3802;"Gisela-Eckhardt-Platz";"";"";"";"";"";"2 ";"Bockenheim";"342";"2.14";" 2";"A4";10;"13";60486
3803;"Karl-Schwarzschild-Platz";"";"";"";"";"";"2 ";"Bockenheim";"342";"2.14";" 2";"A4";10;"13";60486
3804;"Am Schwedlersee";"";"";"";"";"";"4 ";"Ostend";"261";"4.27";" 4";"A1";6;"5";60314
3805;"Johann-Anton-Fleck-Anlage";"";"";"";"";"";"6 ";"Zeilsheim";"611";"6.49";"6B";"A7";56;"17";65931
3806;"Reich-Ranicki-Platz";"";"";"";"";"";"9 ";"Dornbusch";"462";"9.69";" 9";"B3";41;"12";60320
3807;"Mitscherlichplatz";"";"";"";"";"";"2 ";"Westend-Süd";"170";"2.11";" 2";"A4";3;"13";60325
3807;"Mitscherlichplatz";"";"";"";"";"";"2 ";"Westend-Süd";"170";"2.11";" 2";"A4";3;"3";60325
3809;"Landsbergstraße";"";"";"";"";"";"8 ";"Heddernheim";"431";"8.61";" 8";"A2";37;"14";60439
3810;"Lothar-Zenetti-Platz";"";"";"";"";"";"2 ";"Bockenheim";"362";"2.12";" 2";"A4";27;"13";60487
